82.325,82.9183,-6.13711,2620.42,206.134,-145.018,-2.23431,-5.54613,2492,-0.00740999,-145.018,-0.004312,61.2527,998.719,-3.31838,0.39096,-0.620669,-149.277,1.12033,9.64888
82.0386,82.8569,-4.62794,2602.92,204.815,-145.018,-2.57966,-5.09606,2493,-0.00975001,-145.018,-0.00509598,61.1508,998.279,-2.84984,-0.473794,-1.10294,-147.998,1.32672,10.4773
82.1409,82.9183,-9.12345,2594.77,201.952,-145.018,-2.39837,-6.56903,2492,-0.00740999,-145.018,-0.0049,61.2056,997.197,-2.73853,0.277581,-0.208062,-149.053,0.911977,8.52306
82.4068,83.1638,-8.98573,2583.18,202.926,-145.018,-2.45386,-6.36446,2493,-0.00624001,-145.018,-0.019404,61.2746,997.337,-2.30865,0.563014,-0.656808,-148.066,0.885987,9.31392
82.6523,83.6139,-8.4267,2563.55,200.523,-145.018,-2.98421,-6.46675,2493,-0.00428999,-145.018,-0.016072,61.2262,996.997,-2.59816,0.642346,-0.920904,-148.33,0.922842,10.5945
82.4273,83.4502,-8.10878,2547.27,200.452,-145.018,-2.96419,-5.64843,2492,-0.00312001,-145.018,-0.010388,61.2226,996.896,-2.86404,0.124435,-0.393155,-147.394,0.939102,11.093
83.3479,82.5091,-6.31364,2523.71,199.464,-145.018,-3.10801,-5.56659,2492,-0.00351,-145.018,-0.00470399,61.2022,997.453,-2.38464,-0.417493,-0.650166,-148.087,1.09419,10.8482
82.3046,83.4707,-6.75832,2507.76,200.666,-145.018,-3.25857,-5.58705,2493,-0.00234002,-145.018,-0.00529199,61.1982,998.905,-2.44036,-1.34847,-0.795776,-147.092,1.08065,11.8848
81.9772,82.6933,-7.67236,2490.07,200.534,-145.018,-3.29354,-5.40293,2492,-0.00312001,-145.018,-0.00627197,61.2488,998.936,-2.54559,-2.1431,-0.70211,-148.033,0.992874,12.007
82.2636,82.6728,-6.51823,2474.66,199.815,-145.018,-3.29331,-5.79163,2492,-0.00234002,-145.018,-0.00685997,61.2778,999.101,-1.81229,-1.00496,-0.806963,-147.299,1.10211,12.4545
82.6319,84.289,-7.78899,2462.12,196.154,-145.018,-2.83298,-5.99621,2492,-0.00155997,-145.018,-0.00685997,61.2477,996.991,-1.96383,-0.633775,0.120684,-148.553,0.955892,9.79349
81.3839,82.1204,-7.85668,2448.75,195.862,-145.018,-2.68234,-5.81209,2492,1.06838e-16,-145.018,-0.00627197,61.2159,997.812,-2.31305,-2.04737,-0.715596,-147.931,0.932608,9.2135
81.5067,82.2432,-7.02796,2433.19,196.577,-145.018,-3.22922,-5.79163,2493,0.00312,-145.018,-0.00862397,61.2212,998.693,-2.18398,-2.71125,-0.860884,-148.419,0.998009,11.2185
81.4862,81.9977,-6.40895,2414.93,195.863,-145.018,-3.36351,-5.23927,2493,0.00312,-145.018,-0.00842799,61.2415,997.986,-2.07517,-2.70752,-0.820923,-147.693,1.04409,12.1184
82.0795,82.3864,-6.34641,2400.62,193.28,-145.018,-3.3104,-5.44385,2493,0.0039,-145.018,-0.00744797,61.1973,997.481,-1.54121,-0.235037,-0.321216,-148.7,1.05975,10.8629
81.3635,83.9207,-7.00541,2388.45,194.04,-145.018,-2.78584,-5.87346,2493,0.00234,-145.018,-0.00646798,61.2161,997.8,-1.57256,0.323747,0.0415237,-148.267,0.977292,10.0038
81.5476,82.1818,-6.34624,2372,191.037,-145.018,-2.83532,-5.99621,2493,0.00468,-145.018,-0.00529199,61.2247,996.729,-1.73093,-1.10652,-0.778031,-149.037,1.0273,9.0519
81.8954,82.5091,-7.75863,2358.8,190.625,-145.018,-2.78762,-5.87346,2493,0.00975,-145.018,-0.00548799,61.223,997.327,-2.45714,-1.20568,-0.6873,-148.313,0.902636,9.04031
81.834,82.6523,-7.27202,2340.63,190.634,-145.018,-2.62287,-5.34156,2493,0.00897,-145.018,-0.00587998,61.2733,997.75,-2.73831,-1.17907,-0.461824,-149.339,0.921102,8.31812
81.8136,82.7342,-7.21597,2318.85,191.618,-145.018,-2.39735,-5.4643,2493,0.00741,-145.018,-0.00509598,61.2415,999.285,-2.50536,-1.43601,-0.684364,-148.782,0.977734,7.92855
80.2383,81.4862,-7.29129,2299.41,191.879,-145.018,-2.00457,-5.40293,2492,0.00936,-145.018,-0.00470399,61.2779,1000.16,-2.51714,-1.94994,-0.146966,-150.071,0.934013,7.07947
80.1155,80.5452,-5.0635,2276.55,190.737,-145.018,-1.88581,-5.21881,2493,0.00741,-145.018,-0.00529199,61.2447,1000.14,-1.95203,-1.95186,-0.694901,-149.545,1.12257,6.46766
80.361,81.0566,-6.71665,2257.67,192.097,-145.018,-2.19246,-5.03469,2492,0.00273,-145.018,-0.00293999,61.2248,1001.85,-2.25843,-0.79338,-0.707019,-150.201,1.02086,7.81496
80.9952,81.6703,-6.04227,2237.53,192.575,-145.018,-2.06502,-5.0756,2493,0.00429,-145.018,-0.00352799,61.2473,1002.47,-1.72178,0.366887,-0.167516,-149.535,1.05179,8.34854
81.9568,81.5885,-6.32033,2220.87,190.411,-145.018,-2.53298,-4.97331,2493,-0.000389995,-145.018,-0.00215598,61.2679,1001.9,-1.17011,0.65943,-0.974936,-149.825,1.0608,9.01032
82.0181,83.3274,-5.93033,2206.35,190.992,-145.018,-2.95891,-6.05759,2493,-1.695e-16,-145.018,-0.00196,61.265,1002.68,-1.31265,0.246486,-0.782627,-148.518,1.01645,10.4154
81.8136,82.7546,-7.10152,2189.6,189.683,-145.018,-3.48781,-6.15988,2493,0.00156,-145.018,-0.00235199,61.1982,1002.25,-2.48534,-0.647053,-1.2277,-148.778,0.972209,12.3142
81.8545,82.7751,-7.45417,2178.32,187.909,-145.018,-3.23129,-5.54613,2492,0.00429,-145.018,-0.002548,61.1592,1001.52,-3.30732,-0.100571,-0.155709,-148.208,0.875208,10.8184
81.5681,82.7546,-5.43009,2158.35,188.974,-145.018,-2.67672,-5.54613,2492,0.00039,-145.018,-0.000979977,61.2005,1002.82,-2.99127,0.704215,-0.302555,-149.453,1.07547,8.94659
80.9952,82.5705,-6.9681,2133.76,190.448,-145.018,-2.00457,-4.66644,2493,0.00117,-145.018,-0.00117599,61.2466,1005.35,-2.99722,1.71467,0.439233,-149.143,0.993283,8.98635
79.7064,80.4429,-5.44429,2118.8,187.486,-145.018,-2.54602,-5.28018,2492,-0.000779989,-145.018,-0.000587987,61.2399,1003.48,-1.97443,1.31311,-1.18,-149.287,1.08347,9.38967
83.2047,82.0181,-4.86049,2104.84,184.993,-145.018,-2.67124,-5.48476,2493,-2.94082e-16,-145.018,0.000196,61.2122,1002.24,-1.31397,2.77776,-0.563911,-148.15,1.07703,8.88772
81.6499,82.6933,-5.37229,2091.47,185.248,-145.018,-1.83262,-5.48476,2493,0.00312,-145.018,5.25449e-17,61.2332,1002.79,-1.51299,2.17101,0.178626,-149.4,1.04797,7.28616
81.6703,82.55,-6.10218,2077.83,184.744,-145.018,-1.93856,-5.52568,2492,0.00468,-145.018,0.000392,61.2599,1003.03,-1.68363,1.77886,-0.913942,-148.292,1.00904,8.46991
81.6703,83.2661,-7.33808,2064.67,182.094,-145.018,-2.01931,-6.26217,2493,0.00741,-145.018,-0.000391977,61.2795,1001.76,-1.87758,1.76814,-0.0670223,-148.827,0.903948,7.98088
81.7113,82.7546,-5.70983,2051.2,181.104,-145.018,-2.52705,-5.87346,2493,0.00858,-145.018,-0.00176399,61.272,1001.84,-2.01478,0.0804476,-1.09744,-147.448,0.958753,9.10571
81.2407,82.6933,-6.45889,2032.95,179.325,-145.018,-3.25302,-5.42339,2493,0.00819,-145.018,-0.00215598,61.2321,1001.39,-2.49147,-1.21437,-0.987091,-147.61,0.964233,11.1083
81.3021,82.325,-6.57811,2018.11,178.156,-145.018,-3.60552,-5.36202,2493,0.00858,-145.018,-0.00176399,61.2262,1001.17,-2.62541,-1.62229,-0.423995,-146.622,0.869444,11.9714
81.5067,82.3659,-3.09342,1998.68,177.525,-145.018,-4.1255,-5.23927,2492,0.00624,-145.018,-0.00235199,61.2008,1001.35,-2.29457,-2.38691,-1.06879,-147.088,1.10236,13.6507
81.5476,82.6114,-4.29123,1974.05,173.624,-145.018,-4.32825,-5.38247,2493,0.00624,-145.018,-0.00352799,61.1938,999.96,-2.6195,-2.08067,-0.988311,-146.31,1.02363,13.3643
82.3455,83.1638,-4.97284,1957.6,172.939,-145.018,-3.40774,-5.30064,2524,-0.00116998,-145.018,-0.004312,61.2198,1000.24,-3.32353,-1.08725,0.362319,-148.045,0.951106,9.98281
82.0795,83.307,-4.67095,1940.16,174.435,-145.018,-2.23576,-4.64598,2637,-0.00234002,-145.018,-0.00352799,61.1786,1001.85,-3.3715,-1.17934,0.30287,-148.395,1.0271,7.35252
80.0951,82.8978,-5.1243,1919.45,174.954,-145.018,-2.1021,-4.4414,2748,-0.00195003,-145.018,-0.00333198,61.1911,1002.67,-2.95995,-3.06755,-0.752723,-149.49,1.10886,7.62507
79.42,80.1769,-5.73789,1907.85,174.37,-145.018,-2.407,-5.77118,2859,-0.00273001,-145.018,-0.00470399,61.2128,1002.85,-2.21712,-3.38598,-1.33287,-148.8,1.15865,8.7584
79.3177,80.0746,-9.00964,1895.57,172.848,-145.018,-2.14362,-6.60995,2969,0.00039,-145.018,-0.00352799,61.2183,1002.41,-2.6201,-1.31882,-0.108617,-150.165,1.00739,8.65741
81.4862,80.627,-8.81477,1886.78,169.65,-145.018,-2.06486,-6.54858,3064,0.00156,-145.018,-0.003136,61.2054,1000.72,-2.55203,0.857655,-0.541251,-149.468,1.01495,7.40342
82.591,83.8389,-9.04482,1873.72,169.821,-145.018,-2.34773,-8.57392,3065,0.00078,-145.018,-0.00235199,61.2238,1001.37,-2.84908,0.914741,-0.836046,-149.8,1.08107,8.74878
82.2841,84.0435,-11.0789,1869.35,165.548,-145.018,-2.3094,-7.91927,3065,0.00741,-145.018,-0.002548,61.2511,999.259,-4.5524,0.426446,-0.992143,-148.933,0.859712,7.99553
81.0975,81.7317,-10.9094,1854.96,163.93,-145.018,-1.82215,-7.1214,3065,0.00975,-145.018,-0.00156798,61.2465,998.791,-4.8216,0.320869,0.444024,-150.116,0.880108,5.34545
79.6246,80.8725,-9.13836,1840.23,163.519,-145.018,-2.33878,-7.73514,3065,0.01014,-145.018,-0.00215598,61.228,998.982,-4.82679,-0.555516,-1.7321,-148.826,0.954592,7.79022
81.3839,82.1204,-10.174,1824.33,161.46,-145.018,-3.08065,-6.56903,3065,0.00663,-145.018,-0.000391977,61.2033,998.311,-5.21352,0.641901,-0.66746,-148.974,0.916522,8.78966
81.2203,82.2023,-7.93206,1801.38,162.135,-145.018,-2.82671,-6.58949,3065,0.00351,-145.018,-0.000587987,61.2435,999.553,-4.65884,0.741286,0.0287769,-148.284,0.996947,8.64616
79.1745,80.2997,-8.56372,1785.65,161.055,-145.018,-3.65216,-6.56903,3065,0.0039,-145.018,-0.00117599,61.2192,999.74,-4.62857,-1.15985,-2.15708,-148.268,1.04599,11.0348
79.2154,80.1769,-9.25053,1765.68,158.748,-145.018,-3.61899,-6.56903,3160,0.00117,-145.018,0.000196,61.2143,999.039,-4.69223,-0.173372,0.229774,-147.668,0.917819,10.2264
81.2816,80.8725,-8.0244,1745.48,158.494,-145.018,-3.68655,-6.46675,3271,-0.00273001,-145.018,-0.000587987,61.1682,999.551,-4.38118,0.980373,-0.844139,-148.318,1.13034,10.5445
83.4502,83.1229,-8.88361,1730.49,154.431,-145.018,-3.97918,-7.01911,3383,-0.00740999,-145.018,0.000392,61.1723,998.062,-4.34816,2.40477,-0.951051,-147.025,1.07456,10.784
83.2047,84.5754,-10.9536,1718.13,151.514,-145.018,-3.34938,-7.96018,3493,-0.00779999,-145.018,0.000392,61.1538,996.951,-4.98903,3.04467,0.65246,-148.019,1.03939,8.60828
82.6728,84.3094,-13.1802,1708.77,150.63,-145.018,-2.73149,-7.91927,3540,-0.00858003,-145.018,4.74599e-17,61.1922,996.966,-5.82495,1.53133,-0.255718,-147.441,0.902797,6.97375
80.7293,81.7931,-12.0396,1690.48,149.725,-145.018,-2.50699,-8.1443,3540,-0.00858003,-145.018,-8.13599e-17,61.2183,997.121,-5.82817,-1.18877,-0.676028,-148.363,1.01163,5.95675
79.2563,80.1155,-12.7503,1676.31,149.543,-145.018,-2.80031,-7.91927,3541,-0.00897002,-145.018,-0.000979977,61.2056,997.418,-5.97791,-2.81788,-1.60693,-147.547,0.950146,7.51644
79.9723,80.402,-12.697,1660.22,149.239,-145.018,-3.64289,-7.08049,3589,-0.01287,-145.018,-0.00274398,61.1686,997.63,-6.32781,-2.17845,-1.75949,-147.89,0.955585,9.56801
81.1384,82.1,-10.6393,1639.63,147.521,-145.018,-3.75781,-6.71224,3700,-0.0156,-145.018,-0.00196,61.118,997.626,-5.40657,-0.257184,-0.41179,-147.153,1.06943,10.0432
80.8111,81.6499,-11.324,1627.03,145.385,-145.018,-3.02275,-7.81697,3700,-0.01872,-145.018,-0.000195997,61.0954,997.113,-5.02341,1.11003,1.24012,-148.589,1.10646,8.15401
81.118,81.8545,-11.91,1615.21,143.048,-145.018,-3.28324,-7.44873,3700,-0.01638,-145.018,-0.00156798,61.1857,996.234,-5.65932,1.33543,-2.00726,-147.34,0.96414,8.65389
82.6114,83.6957,-11.8585,1605.73,141.321,-145.018,-3.46601,-6.85545,3700,-0.01833,-145.018,-0.00215598,61.1293,995.948,-6.10187,2.46018,-0.282781,-147.739,1.00398,8.65174
83.7366,84.3299,-11.2796,1592.9,141.043,-145.018,-2.89943,-6.65087,3700,-0.01911,-145.018,-0.00196,61.2181,996.278,-5.84083,2.5921,0.0402368,-147.064,0.961408,7.88866
82.5705,84.1662,-11.0562,1577.25,138.139,-145.018,-2.87714,-6.77362,3700,-0.0156,-145.018,-0.00391998,61.1283,995.516,-5.25368,1.08669,-0.614529,-147.608,1.02408,7.14896
81.4658,82.5091,-10.5549,1566.06,138.326,-145.018,-3.76185,-6.83499,3700,-0.01911,-145.018,-0.00333198,61.2614,995.811,-5.08002,-0.97572,-2.12097,-145.924,0.968518,9.53347
83.0206,84.4731,-9.97523,1554.94,135.194,-145.018,-5.24667,-6.58949,3700,-0.01716,-145.018,-0.00411599,61.0949,994.997,-5.23853,-0.0957743,-2.07267,-145.452,1.01708,12.4399
84.4526,86.4371,-9.41209,1543.48,133.032,-145.018,-4.39152,-6.40537,3699,-0.01911,-145.018,-0.00411599,61.3249,994.418,-5.3312,-0.0125721,1.44512,-145.347,0.926369,10.3392
80.0746,81.118,-8.92564,1528.28,132.734,-145.018,-3.99797,-4.64598,3700,-0.0234,-145.018,-0.004312,60.9645,994.896,-5.3707,-1.95556,-1.33304,-146.579,1.03776,9.30353
80.6679,81.8545,-8.96317,1517.29,131.995,-145.018,-3.63406,-4.9324,3700,-0.02457,-145.018,-0.00568398,63.4183,994.722,-4.42923,-1.79112,0.364377,-146.342,0.953223,8.3432
79.6859,80.5656,-6.98358,1504.92,132.768,-145.018,-3.24546,-4.42094,3700,-0.02418,-145.018,-0.00568398,66.4253,995.617,-3.18626,-2.81128,-0.441092,-147.822,1.09358,8.61307
81.3226,81.1589,-4.15435,1494.09,131.682,-145.018,-3.28227,-4.9324,3700,-0.02535,-145.018,-0.00529199,69.8998,995.415,-1.91135,-1.1725,-0.637049,-147.37,1.1175,8.86652
81.4249,82.6319,-5.9077,1485.94,129.636,-145.018,-3.10727,-5.05515,3700,-0.02457,-145.018,-0.00587998,78.1587,995.137,-1.70639,-0.133933,-0.583795,-148.361,1.11197,8.02544
81.3635,82.9183,-6.42154,1482.07,130.222,-145.018,-2.26253,-5.23927,3701,-0.01482,-145.018,-0.00666399,80.1484,995.518,-1.60521,0.24927,0.50373,-148.269,0.987829,6.99919
81.343,82.6319,-7.87402,1478.51,130.415,-145.018,-1.37303,-5.56659,3700,-0.01287,-145.018,-0.00685997,82.0501,995.457,-1.56312,0.212224,0.163629,-149.828,1.03383,7.58464
82.4273,82.6523,-6.90278,1474.16,127.612,-145.018,-0.979347,-5.93484,3700,-0.00740999,-145.018,-0.00627197,81.9078,994.577,-1.30287,0.675528,-0.66972,-149.298,0.922014,5.5532
83.0206,83.8594,-7.33128,1466.35,127.176,-145.018,-0.838234,-6.69178,3700,-0.00624001,-145.018,-0.00666399,80.0921,994.445,-1.73263,0.241609,-0.664865,-150.079,1.00325,5.21527
79.2768,79.9723,-7.20413,1456.99,126.35,-145.018,-1.03247,-6.44629,3700,-0.00546003,-145.018,-0.00705598,79.868,994.759,-2.74698,-1.0268,-1.77088,-149.081,0.871948,4.80863
80.1155,81.4453,-7.40714,1442.59,127.798,-145.018,-1.71369,-5.853,3700,-0.00389999,-145.018,-0.00666399,80.0794,995.698,-3.73316,-1.08733,-1.42137,-149.45,1.00162,6.56435
80.1565,81.6294,-6.4866,1435.23,127.982,-145.018,-2.45923,-3.95041,3700,-0.00389999,-145.018,-0.00783999,80.0132,995.929,-3.4683,-1.35993,-1.37644,-148.122,0.910969,7.78377
80.4429,81.1794,-4.51919,1418.21,126.838,-145.018,-3.24548,-5.09606,3700,-0.00506997,-145.018,-0.00725199,80.2065,995.95,-2.09908,-0.829105,-2.16291,-148.358,1.14178,8.62999
82.8569,84.3708,-1.73657,1413.99,125.773,-145.018,-2.47504,-4.87102,3700,-0.00546003,-145.018,-0.00803598,80.1177,996.212,-1.86024,-0.294128,0.385964,-148.173,1.02859,6.54468
78.1925,81.7317,-5.54772,1401.79,128.001,-145.018,-0.575951,-5.50522,3700,-0.00155997,-145.018,-0.00783999,80.3431,997.427,-2.38891,-1.3806,1.84822,-150.924,1.17188,5.16411
76.9855,77.5992,-8.24104,1394.92,128.814,-145.018,-1.15303,-5.91438,3700,0.00234,-145.018,-0.00783999,79.8355,997.635,-3.42781,-3.44607,-1.8283,-149.828,0.833077,7.08429
78.3971,78.0288,-7.8604,1390.55,127.583,-145.018,-3.84944,-5.77118,3700,0.00468,-145.018,-0.00803598,78.8508,997.215,-3.56786,-2.98123,-3.11457,-148.623,1.08345,9.70012
82.591,82.7546,-8.06032,1375.84,127.498,-145.018,-4.57124,-5.81209,3700,0.00819,-145.018,-0.00823198,78.2128,998.181,-3.68742,1.23216,-0.324487,-147.266,0.775321,11.6648
84.2685,85.6392,-7.63855,1369.06,128.703,-145.018,-2.77783,-6.01667,3700,0.00702,-145.018,-0.00587998,78.3635,998.678,-4.02251,2.86869,2.22255,-149.4,1.16158,9.34146
81.6294,82.9797,-8.0754,1354.58,126.799,-145.018,-1.62726,-5.91438,3700,0.00897,-145.018,-0.00705598,77.8465,998.255,-4.31262,0.754893,-0.245763,-149.171,0.55129,6.59692
81.6294,82.9592,-7.49075,1338.87,127.95,-145.018,-2.27888,-5.25972,3700,0.00078,-145.018,-0.00705598,78.2752,999.486,-4.44462,-0.92162,-2.35201,-149.398,0.287779,7.41387
81.343,82.7751,-6.46775,1321.72,129.142,-145.018,-2.4589,-4.83011,3700,-0.00506997,-145.018,-0.00685997,79.7778,1000.61,-4.04352,-0.805971,-1.1436,-148.457,0.127591,9.78856
81.4658,82.6933,-5.68008,1308.24,127.542,-145.018,-1.89354,-4.03225,3700,-0.01053,-145.018,-0.00783999,80.0662,1000.17,-3.20827,0.0588952,0.363266,-149.865,-0.540992,7.72762
81.5681,82.7546,-3.33777,1294.81,129.059,-145.018,-1.41188,-4.99377,3700,-0.01326,-145.018,-0.00568398,80.3726,1001.35,-1.98825,0.0406602,-0.42375,-149.338,0.0441395,8.26176
80.9748,81.9772,-4.01755,1281.49,129.99,-145.018,-1.46179,-4.85056,3700,-0.01365,-145.018,-0.00627197,80.3394,1002.35,-1.5212,0.127583,-0.824616,-150.154,0.296717,10.4619
82.4478,85.2505,-5.90157,1273.74,127.349,-145.018,-1.99399,-4.91194,3700,-0.01443,-145.018,-0.00587998,80.3641,1001.31,-1.70424,0.36129,-1.33419,-148.675,0.094129,9.58565
81.0771,82.1818,-5.15918,1267.71,127.218,-145.018,-2.73844,-5.4643,3700,-0.01443,-145.018,-0.00646798,80.3581,1001.71,-1.69615,0.0323922,-1.57963,-148.831,-0.399572,10.5061
82.7342,82.7137,-7.0855,1258.68,125.666,-145.018,-3.10589,-5.50522,3700,-0.00975001,-145.018,-0.00705598,80.3135,1001.14,-2.15169,0.657956,-0.676207,-147.564,-0.173481,10.4495
83.4297,85.0868,-6.33893,1250.37,125.992,-145.018,-3.49296,-5.75072,3700,-0.01014,-145.018,-0.00666399,80.3867,1002.02,-2.50384,-0.0752865,-1.24424,-147.938,-0.0374983,10.9585
82.2841,84.4936,-6.37126,1239.41,126.079,-145.018,-3.53964,-4.72782,3701,-0.01092,-145.018,-0.00783999,80.1988,1002.15,-2.85923,-1.82253,-1.29073,-147.028,-0.30098,12.0235
81.0566,82.3864,-4.92914,1231.78,124.037,-145.018,-3.48418,-4.72782,3700,-0.00663001,-145.018,-0.00764398,82.1228,1001.92,-2.34955,-2.15414,-0.469115,-148.273,1.20261,10.325
80.9748,82.3659,-2.67657,1220.16,124.627,-145.018,-3.19517,-4.89148,3700,-0.00897002,-145.018,-0.00666399,81.1224,1002.38,-1.74335,-1.88701,-0.277121,-147.872,0.348223,10.0625
78.4994,79.42,-3.5403,1212.19,124.306,-145.018,-2.72655,-4.87102,3700,-0.00897002,-145.018,-0.00411599,78.2841,1002.58,-2.04526,-1.57798,0.263648,-149.5,0.0542465,9.84273
79.3995,80.3201,-2.80836,1204.86,124.951,-145.018,-2.30412,-5.21881,3700,1.65845e-16,-145.018,-0.00725199,80.3393,1002.32,-2.40036,-0.529051,0.0596622,-149.108,0.586149,8.96519
82.1818,80.9748,-4.52616,1195.46,123.11,-145.018,-2.5095,-4.95285,3700,1.05725e-16,-145.018,-0.00627197,80.9901,1002.84,-2.83291,0.875347,-1.45949,-149.799,0.165549,8.7534
82.6114,83.9821,-7.52863,1188.92,120.626,-145.018,-2.34338,-4.56415,3700,0.00429,-145.018,-0.00470399,80.9241,1002.79,-3.59956,2.8686,0.443143,-148.746,0.966527,6.91396
83.5525,85.1891,-6.49176,1179.58,120.949,-145.018,-2.63059,-4.64598,3700,0.00468,-145.018,-0.00411599,80.7422,1002.02,-3.18368,3.79882,-2.07224,-148.925,0.283667,6.70228
83.4502,85.005,-3.63687,1167.71,122.399,-145.018,-2.76724,-4.60507,3700,-0.000389995,-145.018,-0.00646798,80.8335,1003.52,-2.38722,2.848,-4.34876,-147.35,1.19292,8.30775
82.5296,84.8618,-3.23498,1153.85,122.096,-145.018,-2.17313,-4.6869,3700,-0.00312001,-145.018,-0.00627197,80.7002,1003.44,-2.17406,0.715066,-1.08097,-148.599,0.950116,7.36805
77.19,82.8774,-4.03346,1142.54,122.428,-145.018,-2.46802,-4.4414,3701,-0.00936002,-145.018,-0.00587998,81.9286,1004.3,-2.30594,-1.99376,-4.63801,-147.453,0.883972,7.8134
78.929,79.5018,-4.88439,1128.98,123.894,-145.018,-2.79054,-3.88904,3700,-0.0117,-145.018,-0.00725199,80.0253,1005.18,-2.26429,-1.63196,-3.09931,-148.564,0.443297,9.27705
80.6475,80.5042,-3.64405,1116.36,122.763,-145.018,-2.18829,-3.60263,3700,-0.01365,-145.018,-0.00705598,79.0837,1005.13,-1.31237,-0.138424,-1.4343,-148.352,1.24672,8.11334
80.2588,81.5885,-2.54274,1103.92,123.54,-145.018,-1.84251,-4.4414,3700,-0.01404,-145.018,-0.00646798,79.3984,1005.8,-0.234842,-0.767513,-1.81779,-149.754,0.921098,7.78194
78.5198,79.0926,-3.49639,1097.09,122.775,-145.018,-2.6723,-4.76873,3700,-0.0156,-145.018,-0.00685997,79.3461,1005.72,-0.207976,-1.773,-4.73768,-148.19,1.15328,9.28615
80.0542,80.1974,-3.90633,1087.12,121.579,-145.018,-3.14565,-4.6869,3700,-0.01677,-145.018,-0.00842799,79.5013,1005.76,-0.564302,-0.185459,-2.37538,-149.068,0.889239,9.0919
84.4731,84.2481,-1.78042,1080.01,121.664,-145.018,-2.60721,-4.76873,3700,-0.01482,-145.018,-0.00783999,79.464,1006.32,-0.757672,3.49962,-1.04022,-148.375,1.12929,9.10649
85.9665,87.7464,-0.615855,1070.28,122,-145.018,-1.85749,-4.91194,3700,-0.01599,-145.018,-0.00725199,79.5578,1007.08,-1.00232,3.24829,-3.15527,-149.412,0.995526,7.995
81.5681,83.9003,-4.00693,1057.79,122.981,-145.018,-1.0717,-4.54369,3700,-0.01209,-145.018,-0.00764398,79.5415,1007.46,-2.09819,-0.701646,-3.80397,-148.856,1.09163,8.37436
74.6123,78.929,-7.41104,1052.36,121.781,-145.018,-1.37824,-4.80965,3700,-0.00858003,-145.018,-0.00744797,79.5998,1007.01,-2.8494,-2.83462,-4.61633,-150.053,0.808732,7.24406
79.3791,79.7473,-5.46142,1041.6,122.124,-145.018,-1.50446,-4.78919,3700,-0.00740999,-145.018,-0.00803598,79.5388,1008.11,-2.58583,-0.182614,-2.39526,-149.346,1.00358,8.11123
81.343,82.7956,-4.77828,1027.66,123.812,-145.018,-1.33076,-4.19591,3700,-0.00702,-145.018,-0.00940798,79.6006,1008.77,-2.18946,1.13307,-2.19614,-150.516,0.935356,9.16506
79.5223,80.5452,-2.71265,1017.35,123.783,-145.018,-1.35436,-4.01179,3700,-0.00897002,-145.018,-0.00823198,79.5563,1009.04,-1.59233,1.04467,-2.80613,-149.349,1.13201,9.05018
78.7858,79.4609,-3.88091,1007.6,123.977,-145.018,-1.97281,-4.56415,3700,-0.01287,-145.018,-0.00823198,80.1873,1009.63,-0.982089,1.23764,-3.93422,-149.724,0.992532,9.64459
80.852,81.8749,-4.02119,1000.11,123.645,-145.018,-2.09956,-4.76873,3700,-0.01482,-145.018,-0.00842799,80.5322,1009.67,-1.00976,2.58365,-2.65371,-148.314,1.0554,10.2494
82.6933,84.1662,-1.43261,990.888,120.259,-145.018,-1.40547,-4.76873,3700,-0.01014,-145.018,-0.010192,80.5417,1008.56,-0.689598,2.86575,-1.49281,-149.599,1.01298,7.03149
80.9952,82.059,-4.57709,976.716,120.535,-145.018,-0.918022,-5.58705,3700,-0.00624001,-145.018,-0.00979997,80.5871,1009.86,-1.40172,2.06798,-3.42757,-148.658,1.01079,6.78906
81.3226,82.9387,-6.31005,965.035,123.368,-145.018,-1.44073,-5.09606,3700,-0.00702,-145.018,-0.01176,80.5996,1010.62,-2.54687,-0.00673005,-5.49482,-149.231,0.878718,9.39802
76.8013,76.0649,-5.57675,958.572,121.542,-145.018,-2.4353,-4.11407,3700,-0.01053,-145.018,-0.012152,80.5616,1010.63,-2.63019,-1.08811,-6.49423,-147.523,0.997617,8.58544
75.8807,81.834,-4.04963,947.02,124.276,-145.018,-2.85163,-3.97087,3700,-0.01092,-145.018,-0.01176,80.5763,1011.79,-1.57913,0.0482377,-4.95778,-148.543,0.991967,10.7315
80.8111,82.1613,-2.83783,935.716,123.376,-145.018,-2.08729,-4.25728,3700,-0.02184,-145.018,-0.013328,80.5663,1011.63,-0.813888,1.57142,-3.39472,-148.214,1.09722,9.53849
83.2252,85.3323,-1.17665,924.647,121.771,-145.018,-1.49026,-4.95285,3700,-0.02067,-145.018,-0.0147,80.5983,1011.13,-0.281909,2.58654,-4.8054,-149.655,1.02582,7.51517
78.929,79.5427,-1.55496,912.172,119.79,-145.018,-0.670423,-3.86858,3700,-0.01989,-145.018,-0.013916,80.606,1011.6,-0.753865,0.21223,-5.34187,-149.196,1.07697,5.87686
81.834,81.8545,-1.21177,906.394,120.562,-145.018,-0.965441,-4.17545,3701,-0.01209,-145.018,-0.014308,80.6142,1011.84,-1.28106,-0.150003,-6.12882,-150.344,1.01299,6.10767
78.6426,79.645,-4.79051,896.858,121.749,-145.018,-1.09195,-5.13697,3700,-0.00779999,-145.018,-0.016072,80.6353,1012.67,-2.17546,-0.828635,-6.48128,-149.321,1.00276,7.02073
74.5101,77.9674,-7.83342,888.05,124.093,-145.018,-1.02516,-4.17545,3700,-0.00428999,-145.018,-0.014308,80.6175,1014.17,-3.11497,-0.72938,-5.6334,-151.01,0.85562,8.79531
79.7268,80.8316,-5.50561,876.002,124.234,-145.018,-0.424812,-4.42094,3700,-0.00740999,-145.018,-0.017836,80.5623,1014.02,-2.35672,0.48753,-4.98463,-150.7,1.01661,8.99109
78.9904,76.6377,-2.41303,866.27,122.448,-145.018,-0.195801,-3.82766,3700,-0.00740999,-145.018,-0.015092,80.6183,1014.04,-1.21119,1.23964,-5.43372,-152.291,1.04302,6.72688
79.5427,81.3021,-3.88527,851.514,123.112,-145.018,0.0743892,-6.05759,3700,-0.00740999,-145.018,-0.013328,80.6116,1014.78,-1.43362,1.494,-5.29987,-151.384,1.05613,7.82859
79.7268,76.2081,-4.90902,842.921,122.291,-145.018,-0.607688,-3.58217,3700,-0.01014,-145.018,-0.013524,80.6103,1014.74,-2.23781,1.64482,-7.10569,-152.11,0.928667,7.25423
80.1565,81.0157,-3.87422,835.196,121.763,-145.018,-1.3041,-3.4185,3700,-0.00858003,-145.018,-0.012544,80.5968,1014.93,-1.47238,2.76451,-6.33053,-150.161,1.04407,6.90836
79.2768,81.4249,-1.79451,830.963,120.968,-145.018,-1.48705,-4.09362,3700,-0.00428999,-145.018,-0.010388,80.6448,1014.57,-0.313817,2.09798,-6.08673,-151.061,1.04064,6.22599
79.9519,80.9952,-1.35438,823.151,120.192,-145.018,-1.28655,-4.54369,3700,0.00039,-145.018,-0.01176,80.6384,1014.89,-0.0345489,2.62862,-6.23875,-149.857,1.08954,5.53815
83.4297,81.4453,-2.68138,813.11,119.761,-145.018,-0.0943425,-4.76873,3700,0.01404,-145.018,-0.010584,80.6639,1014.58,-0.329002,2.25539,-4.49749,-152.082,0.969104,5.20231
77.0059,80.2997,-4.24136,803.125,118.996,-145.018,0.433549,-5.54613,3700,0.02808,-145.018,-0.00940798,80.6454,1015.19,-1.1953,-0.352746,-5.98993,-151.301,0.979648,4.48799
77.1491,78.0493,-5.3362,794.832,121.471,-145.018,-0.300202,-3.99133,3700,0.03081,-145.018,-0.00666399,80.6707,1016.32,-2.0549,-1.21333,-7.47674,-152.412,0.910273,5.8347
78.0084,79.6859,-4.79211,786.225,122.215,-145.018,-0.820277,-4.33912,3700,0.03198,-145.018,-0.00764398,80.6336,1016.5,-1.4841,0.771087,-6.52395,-150.968,1.01229,7.11364
78.0697,79.3791,-3.40359,770.962,120.836,-145.018,-0.394012,-5.7098,3700,0.02808,-145.018,-0.00509598,80.6579,1016.71,-1.401,1.94793,-4.76539,-152.822,0.976429,5.79261
76.0444,76.4126,-3.87942,760.289,120.255,-145.018,-0.236319,-3.68446,3700,0.01638,-145.018,-0.00352799,80.6468,1017,-2.1421,2.56566,-5.48197,-151.581,1.01247,5.20404
78.5198,79.6655,-4.35933,747.445,121.393,-145.018,-0.923973,-3.99133,3700,0.00273,-145.018,-0.00215598,80.6624,1017.96,-1.85915,3.74985,-5.70824,-152.138,0.956035,5.51552
82.7956,84.0844,-0.338274,742.767,122.729,-145.018,-1.78771,-4.58461,3700,-0.00428999,-145.018,-0.00117599,80.6231,1018.57,-1.09593,4.03238,-7.05226,-149.44,1.14134,8.4729
85.6801,87.0303,-3.3366,732.397,121.654,-145.018,-1.71858,-5.9553,3700,0.00078,-145.018,0.00098,80.6891,1018.33,-1.37935,3.82256,-8.08862,-150.462,1.00527,6.79249
78.1311,79.42,-5.4203,714.212,120.86,-145.018,0.875974,-4.9324,3700,0.00546,-145.018,-0.000783997,80.641,1018.84,-2.14119,2.63162,-3.61615,-151.293,0.944295,6.20113
74.4078,77.2105,-2.1883,705.084,119.903,-145.018,1.40971,-4.76873,3700,0.00429,-145.018,0.000784,80.7139,1018.71,-1.38428,0.823317,-4.91665,-153.257,1.00043,5.73144
75.6148,75.4511,-1.99546,699.312,120.808,-145.018,-0.570659,-4.48232,3700,0.00702,-145.018,-0.000195997,80.6551,1019.62,-0.881998,2.29002,-9.42279,-150.048,1.06405,5.82279
83.2252,81.9977,-2.20886,685.49,121.855,-145.018,-0.964737,-5.9553,3700,0.04173,-145.018,0.001568,80.7747,1019.98,-0.346031,4.87408,-4.59724,-150.869,1.02813,7.39603
82.7956,84.5958,-3.81447,676.781,121.308,-145.018,-0.467673,-5.21881,3700,0.0741,-145.018,0.001372,80.6082,1020.16,-0.665774,3.65755,-7.32802,-149.232,1.01249,7.77156
78.7039,82.9592,-2.49145,666.729,118.832,-145.018,-0.485334,-4.97331,3700,0.03471,-145.018,-0.00156798,80.8769,1019.7,-0.300765,1.63231,-9.71538,-150.717,0.999754,6.47316
76.7195,77.9879,-0.914337,657.436,115.723,-145.018,-0.0840042,-2.8866,3700,0.02613,-145.018,-0.00117599,77.8346,1018.81,0.537496,0.902121,-7.48576,-149.694,1.05688,3.77213
75.3693,77.3333,0.345192,649.405,113.624,-145.018,-0.161019,-2.43652,3700,-0.12909,-145.018,-0.00411599,70.697,1018.09,1.23544,0.704304,-8.78845,-151.414,1.01772,2.55612
76.9855,84.7186,1.93908,645.172,110.941,-145.018,-0.421203,-0.615757,3700,0.20436,-145.018,-0.00391998,66.289,1017.59,2.27357,0.549618,-9.53234,-149.701,1.0768,1.5547
