85.9256,82.5091,-9.64852,1995.41,166.639,0,7.05893,-8.36934,3019,0.00546,0,-0.00196,62.2317,979.978,-4.87012,-0.0644846,0.0824907,-51.9548,0.920776,22.0623
85.4142,82.55,-8.19909,1981.6,165.462,0,6.85042,-8.22614,3020,0.00546,0,-0.00176399,62.1885,979.814,-4.71383,-1.35202,-0.860235,-51.8889,0.989493,21.2527
85.005,81.7726,-8.47738,1967.52,163.922,0,6.72193,-8.3898,3020,0.00507,0,-0.00176399,62.1173,979.41,-4.85227,-1.82732,-0.582309,-51.8499,0.975948,20.8742
84.023,81.6294,-8.94006,1952.34,162.304,0,6.66143,-8.1443,3020,0.00585,0,-0.002548,62.1522,979.048,-5.09035,-1.88522,-0.0446786,-52.0555,0.95086,20.8235
84.5549,82.7956,-8.59118,1936.79,161.874,0,6.4221,-7.65331,3020,0.00468,0,-0.00235199,62.1469,979.32,-4.98552,-1.21956,-0.60112,-51.8732,0.964459,19.865
85.271,82.55,-7.72916,1917.74,160.609,0,6.52353,-7.61239,3020,0.00429,0,-0.000783997,62.1311,979.33,-4.63866,-0.713211,-0.132512,-52.1434,1.00387,19.9821
84.4526,82.0181,-7.19706,1901.72,159.454,0,6.6204,-7.63285,3020,0.00312,0,-0.00274398,62.069,979.229,-4.53538,-0.704442,-0.136764,-52.2172,0.999368,19.8627
85.0664,83.0001,-7.17336,1883.87,158.376,0,6.49539,-7.32598,3020,0.00312,0,-0.002548,62.0958,979.296,-4.44079,-0.375949,-0.576288,-52.2126,1.00062,19.9838
85.5574,82.5091,-7.08367,1868.75,157.421,0,6.54126,-7.18278,3020,0.00468,0,-0.000783997,62.0746,979.285,-4.26989,-0.208818,-0.465382,-52.1755,0.996991,19.8508
84.78,82.4682,-6.51601,1851.91,156.211,0,6.47974,-7.18278,3020,0.00429,0,-0.00117599,62.0846,979.248,-4.03432,-0.227454,-0.68997,-52.214,1.00442,20.0221
85.1073,82.325,-6.83052,1834.28,155.936,0,6.45938,-7.08049,3020,0.00429,0,1.99539e-17,61.9888,979.745,-3.85497,0.0718972,-1.16352,-52.0648,0.989697,19.5552
84.3094,83.4502,-5.89541,1818.82,154.935,0,6.3245,-7.40781,3020,0.00468,0,-0.000979977,62.0811,979.73,-3.26005,0.0660055,-1.32376,-52.0001,1.03023,18.7052
86.478,83.9617,-4.93071,1803.11,154.19,0,6.32579,-7.96018,3020,0.00156,0,-0.000195997,62.1302,979.865,-2.79221,0.838491,-1.39789,-51.818,1.04411,18.4459
86.3757,83.1843,-5.4069,1788.49,152.075,0,6.67815,-8.00109,3020,0.00156,0,0.000196,62.1203,979.34,-2.93646,0.732384,-1.08259,-52.0699,1.01452,19.4494
85.4142,81.1794,-5.26705,1773.56,150.785,0,6.75754,-7.7556,3020,0.00117,0,0.000784,62.1352,979.188,-3.13116,-0.0690859,-1.64028,-51.9588,0.972883,19.3915
83.2661,79.9519,-5.01436,1757.61,149.19,0,6.46755,-7.63285,3020,-0.000779989,0,0.000588,62.1172,978.928,-3.0659,-0.444101,-1.2127,-51.773,1.00472,18.4191
83.6548,82.7546,-5.14232,1743.88,148.046,0,5.65315,-7.42827,3020,-0.00116998,0,0.00098,62.0808,978.78,-3.00925,0.55082,-1.69681,-50.9338,0.97948,16.1664
85.7006,84.5345,-4.68514,1728.49,147.142,0,5.06011,-6.8759,3020,-0.000389995,0,0.00098,62.1019,978.89,-2.88933,1.61893,-1.60133,-50.2996,0.988606,14.2865
85.5574,83.1638,-4.39783,1712.95,145.962,0,4.85225,-6.48721,3114,-0.00234002,0,0.00196,61.9779,978.965,-2.88493,1.37379,-1.28681,-49.8046,1.02519,13.8886
85.005,82.8978,-4.99517,1698.89,144.506,0,4.51774,-6.69178,3225,-0.00351,0,0.00098,62.0158,978.77,-3.03371,0.981178,-1.29839,-49.4083,1.05813,13.7272
85.9461,83.9003,-6.26426,1685.34,143.1,0,4.56656,-7.55102,3336,-0.00506997,0,0.002352,62.0829,978.466,-3.34298,1.28326,-0.90341,-49.203,1.03978,13.4765
87.3168,83.7366,-8.03558,1673.26,141.27,0,5.00239,-7.83743,3447,-0.00273001,0,0.00196,62.1787,978.071,-4.13426,1.33887,-0.057979,-49.4731,0.991988,14.955
85.6392,82.816,-8.59594,1661.88,139.577,0,5.17373,-7.89881,3542,-0.00234002,0,0.000784,62.0512,977.796,-4.65589,0.29863,-0.944048,-49.3771,0.987579,15.6603
86.478,83.2047,-8.65749,1649.94,138.088,0,5.05731,-8.02155,3652,-0.00234002,0,0.001176,62.0415,977.526,-5.01765,-0.0599321,-0.89407,-49.3373,1.00957,15.4107
86.2325,84.289,-9.00442,1636.46,137.741,0,5.25601,-8.18522,3652,-0.00234002,0,-0.000979977,62.1083,977.607,-5.50064,0.0135673,-0.681914,-49.4,0.983981,15.6349
85.8029,83.041,-9.97339,1624.91,136.37,0,5.40653,-7.83743,3652,-0.00467998,0,-0.00176399,62.1126,977.123,-6.0181,-0.9088,-1.00612,-49.6205,0.958677,15.6696
85.6187,83.798,-9.84476,1611.25,135.052,0,5.43972,-7.30552,3652,-0.00585002,0,-0.000783997,62.0907,977.405,-5.87976,-1.33939,-1.62187,-49.6881,0.945406,16.0445
85.4142,82.5296,-9.50786,1594.98,134.45,0,5.68657,-6.65087,3652,-0.00624001,0,-0.00293999,62.0723,977.768,-5.31429,-1.57277,-0.451155,-50.1622,0.972779,15.7888
84.8413,82.8978,-7.35798,1580.53,133.861,0,5.47521,-6.71224,3652,-0.00624001,0,-0.002548,62.011,977.907,-4.36084,-1.73946,-1.56418,-50.0593,1.02991,14.7886
85.3323,84.2071,-6.54602,1566.19,131.991,0,5.07901,-7.01911,3652,-0.00624001,0,-0.003136,62.1175,977.464,-3.73208,-1.49247,-1.71114,-49.96,1.05513,13.9816
86.212,83.4911,-6.42402,1552.85,130.541,0,4.93911,-6.81453,3652,-0.00428999,0,-0.003136,62.044,977.295,-3.75436,-1.27526,-1.53659,-49.8897,1.01947,13.7898
85.0868,81.4453,-7.18682,1542.76,129.909,0,4.60042,-6.28262,3652,-0.00467998,0,-0.003724,62.1264,977.368,-3.72117,-1.61921,-1.63605,-49.8122,0.996245,12.9137
83.6343,83.2456,-6.26238,1531.03,129.463,0,4.04144,-6.38491,3652,-0.00585002,0,-0.003724,62.0284,977.9,-3.30998,-1.56068,-2.00844,-49.3771,0.996832,11.0131
87.6441,84.4526,-4.96193,1518.88,129.921,0,3.81301,-6.52812,3652,-0.00897002,0,-0.00333198,64.1269,978.054,-2.92227,-0.296371,-1.42015,-49.3567,1.05192,9.71396
87.2145,83.798,-4.87239,1509.92,126.87,0,4.05008,-6.95774,3652,-0.00975001,0,-0.00176399,66.8011,977.329,-2.90189,-0.346838,-1.23317,-49.4758,1.0159,10.6625
86.0279,81.609,-5.59332,1499.19,125.093,0,4.17679,-6.50766,3652,-0.00858003,0,-0.00215598,68.5224,977.136,-3.23256,-0.836489,-1.58751,-49.7215,0.972967,11.0023
81.5476,82.2432,-4.64944,1490.27,123.82,0,3.83588,-5.56659,3652,-0.00936002,0,-0.001372,72.8711,976.817,-3.11294,-0.561755,-2.96279,-49.3923,0.961269,10.9116
85.2505,85.6187,-2.53133,1479.56,122.748,0,3.56529,-5.48476,3652,-0.00936002,0,-0.00215598,76.1891,976.528,-2.20148,0.995799,-3.7515,-49.2033,1.04248,11.1141
88.1965,85.8847,-3.27228,1468.96,122.296,0,4.00349,-5.30064,3652,-0.00779999,0,-0.003136,78.3265,976.952,-1.75076,1.59903,-3.20031,-49.2897,0.978902,11.9448
86.7235,83.6139,-1.60917,1459.18,122.275,0,4.32085,-5.13697,3652,-0.00585002,0,-0.00215598,80.3816,977.157,-1.18965,-0.360512,-3.32566,-49.4958,1.04271,11.9851
85.7415,83.6752,-1.02935,1448.67,121.878,0,4.06192,-5.91438,3652,-0.00467998,0,-0.003724,81.7341,977.353,-0.864599,-1.18646,-2.92035,-49.3094,1.05522,11.6698
84.4117,81.1794,-2.10176,1439.18,121.852,0,3.76423,-6.42583,3652,-0.00585002,0,-0.00333198,81.7442,977.76,-1.49708,-1.35407,-2.15879,-49.3001,1.01296,11.3337
83.7775,82.7751,-4.2976,1428.94,121.097,0,3.29175,-6.01667,3653,-0.00663001,0,-0.00274398,80.0077,977.779,-2.31608,-1.04451,-4.52406,-48.9549,0.929885,10.9718
85.6801,85.1687,-3.472,1418.76,121.25,0,3.02802,-5.23927,3652,-0.00702,0,-0.002548,80.1605,978.222,-2.24559,0.215241,-6.75723,-48.8452,0.959554,10.9203
87.685,85.7006,-2.61761,1407.26,121.277,0,3.30998,-5.52568,3652,-0.00779999,0,-0.00235199,79.8785,978.686,-1.51878,0.55789,-3.39565,-48.94,0.981653,11.2262
86.7235,82.6933,-1.18247,1395.59,122.407,0,3.80964,-5.44385,3652,-0.00740999,0,-0.00156798,80.0468,979.56,-0.776447,-0.060907,-1.7475,-49.4705,1.08529,11.6137
82.8774,80.9134,-1.4371,1384.89,123.408,0,3.68008,-6.38491,3652,-0.00546003,0,-0.00156798,80.2864,980.348,-0.589703,-0.673093,-1.78971,-49.3446,0.575017,10.9439
84.7595,83.7571,-2.91807,1374.66,122.178,0,3.12729,-6.36446,3652,-0.00663001,0,-0.00176399,79.9227,980.149,-1.18023,0.463652,-2.2805,-48.9789,0.431041,9.96388
86.0688,85.1891,-3.51198,1364.41,122.597,0,3.33924,-6.344,3652,-0.00428999,0,-0.002548,79.4504,980.691,-1.64569,1.22698,-1.30112,-48.9961,0.590016,10.6496
87.1326,83.8184,-3.44216,1355.1,123.404,0,3.58301,-5.91438,3652,-0.00195003,0,-0.00215598,79.7367,981.331,-1.83587,0.540623,-1.17543,-49.1671,-0.504963,10.4391
86.212,83.8594,-3.3019,1344.9,122.703,0,3.47448,-6.60995,3652,8.16716e-17,0,-0.00235199,79.213,981.608,-1.78054,-0.140362,-1.50721,-48.9509,0.752792,10.2956
85.987,83.3684,-3.28113,1332.08,123.549,0,3.41778,-6.50766,3652,0.00312,0,-0.001372,78.7486,982.163,-2.14805,-0.201885,-1.40587,-49.037,0.307875,9.92792
84.9641,81.3635,-4.24217,1321.56,122.136,0,3.64758,-6.52812,3652,0.00195,0,-0.00117599,78.2186,982.097,-2.70533,-0.360116,-1.13853,-49.2111,-0.629186,10.8099
83.0206,80.7907,-4.41631,1308.7,122.176,0,3.622,-5.48476,3652,-0.000389995,0,-0.000195997,78.8044,982.564,-2.81751,-0.516146,-1.43876,-49.3652,0.398105,11.0165
82.1818,82.8978,-3.20867,1296.69,122.078,0,3.4783,-5.42339,3652,-0.00428999,0,0.001568,80.3034,982.851,-2.07705,0.394312,-1.60899,-49.1995,-0.51148,10.8717
85.4755,84.2276,-1.48484,1283.59,121.887,0,3.59244,-5.48476,3652,-0.00312001,0,0.00196,80.2343,983.331,-1.33988,2.19346,-1.56278,-49.2919,0.0699631,11.5797
87.3577,84.9641,-1.29045,1270.23,122.46,0,4.17029,-5.56659,3652,-0.00234002,0,0.00098,80.7263,983.945,-0.969448,2.58672,-1.63407,-49.4127,-0.442956,12.0337
86.9485,83.8389,-1.78954,1259.06,122.279,0,4.29304,-6.15988,3652,0.00039,0,0.000588,80.3985,984.365,-1.04934,1.30733,-2.5116,-49.3351,0.659654,12.1719
84.78,82.4682,-2.6995,1248.77,121.941,0,3.84506,-6.344,3652,0.00195,0,0.002156,79.3479,984.509,-1.45341,0.0884058,-2.97057,-48.744,0.260627,11.8764
84.4526,83.532,-3.39717,1237.26,122.659,0,3.36035,-6.36446,3652,0.00039,0,0.00098,79.3441,985.158,-1.91175,0.219148,-2.37093,-48.4242,0.301552,10.5183
86.4371,84.8823,-4.04198,1226.47,123.096,0,3.35672,-6.46675,3652,0.00117,0,0.00098,79.5242,985.779,-2.31336,0.846748,-1.81804,-48.3006,0.41117,10.0727
87.0099,84.289,-3.98555,1213.88,122.793,0,3.61199,-6.13942,3652,0.00273,0,0.00098,78.5465,986.069,-2.47219,0.820238,-1.52978,-48.4912,0.745205,11.2162
85.8233,82.4273,-3.65395,1201.25,123.623,0,3.80357,-5.99621,3651,0.00273,0,0.00098,78.1709,986.735,-2.29022,-0.072147,-1.56502,-48.5269,0.658914,10.8816
84.2481,83.4707,-3.31671,1188.72,123.142,0,3.62599,-6.05759,3652,0.0039,0,0.00098,77.854,987.111,-2.23061,-0.25125,-2.05979,-48.4964,0.0862356,10.7746
86.8667,84.2276,-3.28965,1176.1,122.194,0,3.81721,-6.01667,3652,5.66133e-17,0,-0.000391977,78.8855,987.228,-2.15722,0.452947,-1.68969,-48.5925,0.637502,11.8212
85.6392,82.5091,-3.32566,1162.62,122.357,0,4.29071,-5.83255,3652,1.01161e-16,0,-0.000783997,80.2659,987.758,-2.19919,-0.327272,-1.08885,-49.1161,0.888344,12.2968
84.6163,82.3864,-2.97241,1150.73,123.117,0,4.31935,-5.25972,3652,0.0039,0,-0.000587987,80.3778,988.735,-1.87736,-1.08103,-1.40505,-49.172,1.08074,12.0007
84.6368,82.5296,-2.40084,1136.07,124.808,0,4.10969,-6.52812,3652,0.00351,0,-0.000783997,80.6717,989.699,-1.59648,-0.670423,-1.73528,-49.2409,1.02512,10.2792
84.2276,82.7956,-3.47819,1124.21,123.644,0,4.09421,-6.71224,3652,0.00156,0,-0.001372,79.6939,989.348,-2.09512,-0.611627,-1.58241,-49.2076,0.987643,11.0949
85.0459,84.2481,-4.0241,1110.85,122.346,0,4.18799,-6.54858,3652,-0.000779989,0,-0.001372,79.3579,989.459,-2.51206,-0.375372,-1.36925,-49.4874,1.03521,11.3882
86.3143,83.573,-3.07239,1100.9,121.104,0,4.10623,-6.344,3652,0.00117,0,-0.00215598,79.9343,989.276,-2.51167,-0.197944,-1.56174,-49.4314,0.609626,12.4564
86.3552,84.289,-2.80776,1088.28,121.272,0,3.58369,-5.75072,3652,0.00273,0,-0.00156798,80.9337,990.036,-2.61876,-0.249941,-2.40984,-49.0693,0.69622,11.6418
86.0688,83.9003,-3.19843,1074.77,122.688,0,3.44559,-5.68934,3652,0.00351,0,-0.00176399,81.669,990.933,-2.65263,-0.398652,-1.72773,-48.9215,1.13109,10.9133
86.0279,81.5885,-2.70794,1060.94,123.172,0,3.46102,-6.13942,3652,1.85617e-17,0,-0.001372,80.8,991.646,-2.47498,-0.598283,-1.66121,-49.1235,0.924066,10.6387
85.6801,83.798,-3.74377,1046.6,122.431,0,3.65302,-6.54858,3652,-0.00234002,0,-0.000783997,79.7939,991.525,-2.6281,-0.0843474,-1.61019,-49.2727,1.04924,11.1814
86.2734,83.307,-3.58661,1034.78,122.283,0,4.42969,-4.80965,3652,-0.00312001,0,-0.000979977,79.8963,992.238,-2.44926,0.379053,-1.33459,-50.0855,0.9165,12.5594
84.9845,81.3226,-2.26503,1020.84,122.842,0,5.04841,-5.50522,3652,0.00039,0,-0.000391977,80.8421,992.789,-1.54133,-0.138448,-2.02475,-50.6,1.10546,12.9548
82.4273,80.6884,-1.51673,1007.89,121.873,0,4.73687,-5.99621,3652,-0.00273001,0,0.001568,80.91,992.915,-1.25699,-0.296897,-3.4402,-50.4917,1.00179,13.3362
83.0615,83.082,-2.48944,996.108,122.298,0,4.10678,-6.01667,3652,-0.000389995,0,0.002744,81.568,993.618,-1.64097,1.19606,-4.10576,-49.8416,1.05017,11.9855
86.0893,85.5983,-2.91888,986.139,122.394,0,4.05516,-5.81209,3652,-0.00116998,0,0.001764,81.6491,993.857,-1.94507,2.71321,-3.4617,-49.6868,0.951118,11.5748
88.0123,85.5574,-3.17547,973.602,121.964,0,4.62476,-6.28262,3652,-0.00116998,0,0.001568,80.2293,994.22,-2.11435,2.50516,-2.69892,-49.7457,1.0153,12.8766
86.3552,82.2023,-3.20798,960.458,123.051,0,4.99499,-5.87346,3652,-0.000389995,0,0.002156,80.0416,995.056,-2.23563,0.724112,-2.41816,-49.9635,0.962347,13.3201
84.1049,81.5681,-3.42305,947.969,124.266,0,4.71926,-6.26217,3652,-0.00116998,0,0.002744,80.0501,996.139,-2.16291,-0.268843,-2.65779,-49.6443,1.04019,12.0963
83.5116,84.9027,-3.87879,936.15,124.148,0,4.24438,-6.20079,3652,-0.00312001,0,0.001568,79.2248,996.272,-2.23682,0.467879,-2.90071,-49.3272,0.960093,10.971
87.6032,84.5549,-4.02418,922.184,123.866,0,4.37749,-6.13942,3652,-0.00273001,0,0.001568,79.1973,996.863,-2.23649,1.40574,-2.26521,-49.2752,1.01269,11.4619
86.9894,83.9412,-3.2116,908.657,125.082,0,4.68516,-5.79163,3652,-0.00506997,0,0.002156,79.6155,997.751,-1.99467,0.820078,-1.95322,-49.482,1.01106,11.1466
85.6801,84.289,-2.86098,898.387,124.149,0,4.4954,-6.28262,3652,-0.00467998,0,0.000392,78.7437,997.58,-1.96718,0.244989,-2.15151,-49.168,1.05075,10.9835
85.721,82.4478,-3.23335,885.554,123.607,0,4.43882,-6.46675,3652,-0.00818998,0,-0.000195997,78.0469,997.824,-2.17254,-0.609487,-1.82613,-49.2025,0.986931,10.9579
82.816,79.8701,-3.88747,874.424,122.442,0,4.20179,-6.13942,3652,-0.01638,0,-0.000195997,77.9836,997.784,-2.48807,-1.97144,-1.4995,-49.1126,0.987287,10.8462
82.8978,82.6933,-2.20573,865.641,121.61,0,3.33671,-4.87102,3652,-0.01638,0,0.000588,78.6059,997.855,-1.95268,-1.32051,-2.34755,-48.6807,0.997065,9.88699
87.46,85.1073,-1.37058,855.495,120.903,0,2.94454,-4.89148,3652,-0.01794,0,-3.38751e-17,79.7872,997.9,-1.1172,0.741673,-1.88015,-48.2777,1.05456,9.4056
88.0328,84.3094,-0.584643,844.92,122.118,0,3.31091,-5.25972,3652,-0.02067,0,0.001372,81.2672,998.822,-0.652637,0.952394,-1.18249,-48.5713,1.05116,9.65507
85.2914,81.9772,-2.02192,836.023,123.534,0,3.55419,-5.87346,3652,-0.01287,0,0.00098,81.3859,999.69,-0.664045,0.0358889,-1.08272,-48.6308,1.07682,9.05498
84.3504,82.2023,-2.23081,828.868,123.2,0,3.34536,-6.44629,3652,-0.00897002,0,0.001568,79.1468,999.922,-1.04516,0.0717489,-1.56072,-48.536,1.01328,8.61548
85.2914,83.9003,-4.36099,820.04,124.052,0,3.51444,-7.26461,3652,-0.0117,0,-0.000391977,79.07,1000.48,-2.05919,0.832602,-0.940653,-48.5898,0.986536,7.84301
87.5827,82.55,-4.63392,812.416,122.491,0,3.72286,-6.05759,3652,-0.00546003,0,0.000784,78.9206,1000.18,-2.86116,0.613266,-1.16457,-48.777,0.91494,9.07222
85.3119,81.3226,-3.18805,803.258,122.601,0,3.57678,-6.85545,3652,0.00078,0,0.001568,79.1953,1000.43,-2.75828,-0.349134,-1.25066,-48.5442,1.02366,9.05573
83.3888,80.0746,-4.5928,793.35,122.037,0,3.00719,-6.344,3652,0.00507,0,0.002744,79.742,1000.49,-3.38501,-0.516758,-1.98084,-48.1874,0.924057,8.08779
82.7137,82.5091,-5.03038,782.583,121.301,0,2.80211,-5.44385,3652,0.00117,0,0.002548,79.4293,1000.68,-3.49318,0.464268,-1.31872,-47.9418,0.941459,8.21145
86.969,85.2914,-3.6597,770.756,121.849,0,3.13691,-5.05515,3652,-0.00116998,0,0.002548,79.9424,1001.25,-2.78751,1.66268,-1.13761,-48.2042,0.951252,8.76548
87.9919,83.4502,-1.82483,756.357,123.044,0,3.85565,-5.13697,3652,-0.00663001,0,0.002352,80.4325,1002.27,-1.7743,1.23128,-0.680288,-48.5784,1.06297,9.58286
83.6752,80.0542,-1.71078,745.913,123.178,0,3.81108,-5.05515,3652,-0.00389999,0,0.003332,80.4712,1002.82,-1.17117,-0.214652,-1.52441,-48.5463,1.05279,9.24359
84.4526,83.307,-1.83399,734.858,120.613,0,3.36446,-6.26217,3652,0.00312,0,0.003528,79.8778,1002.08,-0.995841,0.278966,-1.82684,-48.0807,1.03686,8.80022
86.478,85.271,-2.38247,724.445,119.523,0,3.62998,-5.4643,3652,-0.000389995,0,0.000588,80.768,1002.04,-1.18309,1.37845,-0.997433,-48.318,0.951674,10.214
87.7055,83.573,-2.00351,711.587,120.156,0,4.15702,-5.66888,3652,0.00234,0,0.002548,81.7308,1002.71,-0.972323,0.318455,-0.604574,-48.5603,1.00433,11.1034
84.1662,82.1409,-1.67024,702.144,120.351,0,3.87773,-5.13697,3652,0.00078,0,0.000392,79.9941,1003.19,-0.731373,-1.17974,-1.49916,-48.4561,0.997742,10.5455
84.8618,84.6163,-0.485852,691.434,120.495,0,3.32541,-5.97575,3652,-0.000779989,0,0.000588,80.4565,1003.6,-0.376931,-0.297015,-1.5077,-48.0219,1.06331,9.3082
87.2349,85.5165,-1.97927,679.206,120.139,0,3.69542,-6.30308,3652,0.00546,0,0.001176,80.7122,1003.9,-0.855145,0.548756,-0.779201,-48.4413,0.965874,10.4493
87.3372,83.573,-2.41949,667.347,121.254,0,4.25615,-5.44385,3652,0.00312,0,-0.000391977,81.0123,1004.7,-1.18645,-0.0147521,-0.381627,-48.8689,0.994971,10.9508
84.7391,82.4068,-2.02089,656.473,121.091,0,4.20886,-6.26217,3652,0.00312,0,-0.00685997,81.0656,1005.17,-1.07728,-1.11931,-1.1396,-48.9763,0.995378,10.9862
85.2096,84.4526,-2.4844,645.459,121.827,0,3.71876,-6.20079,3651,0.00273,0,-0.00529199,80.862,1005.7,-1.35291,-1.27999,-1.42123,-48.6279,1.00017,10.0835
87.685,84.2071,-2.36112,633.482,122.629,0,3.7151,-5.87346,3652,0.00312,0,-0.00568398,80.5166,1006.55,-1.46792,-1.44449,-1.06911,-48.8809,0.99788,9.93658
86.4371,84.1049,-2.26883,621.853,122.599,0,4.14213,-6.42583,3652,0.00858,0,-0.00509598,79.7485,1006.92,-1.53999,-1.6329,-0.395519,-49.423,1.03246,10.454
84.9641,80.5452,-3.01499,609.699,122.318,0,4.59835,-6.56903,3652,0.01326,0,-0.00529199,79.042,1007.34,-2.00139,-2.26847,-0.577812,-50.2202,0.976672,11.728
82.4068,81.0566,-4.14691,598.453,121.926,0,4.496,-6.58949,3652,0.01131,0,-0.00391998,78.7341,1007.46,-2.39339,-1.81786,-0.734506,-50.3668,0.976224,11.0469
83.4297,82.6523,-3.3385,585.693,121.9,0,4.33844,-6.30308,3652,0.01014,0,-0.00333198,78.653,1008.08,-2.62681,-0.378073,-1.37871,-50.5107,0.953581,11.2898
85.9665,83.4297,-2.35639,569.324,122.398,0,4.73563,-6.18033,3652,0.00819,0,-0.002548,78.7709,1008.64,-2.44551,0.848648,-0.369825,-50.8637,1.02773,12.0751
84.1867,78.6426,-3.32241,556.765,121.424,0,4.78385,-6.05759,3652,0.01287,0,0.000588,78.3678,1008.8,-2.52104,0.139993,-1.55325,-50.9455,0.960921,12.5995
80.4838,79.8496,-1.97652,545.44,120.841,0,4.08056,-5.48476,3652,0.01014,0,0.002744,78.4496,1008.96,-2.39026,0.510652,-1.99902,-50.2782,1.03445,11.801
82.6728,84.2071,-2.72907,529.648,121.349,0,3.75036,-6.36446,3652,0.00039,0,0.004508,78.982,1009.81,-2.38981,2.04502,-2.17861,-49.9749,0.976421,11.5243
86.478,83.1229,-3.2666,514.944,124.847,0,3.9946,-4.70736,3652,-0.00585002,0,0.004704,78.6947,1011.56,-2.32691,3.41673,-0.752039,-49.795,1.02463,9.68596
88.442,87.419,-1.35294,504.052,122.8,0,4.1385,-5.7098,3652,-0.01131,0,0.00588,78.8592,1011.28,-1.40738,3.228,-0.0264122,-49.4663,1.04615,10.964
82.7546,82.9592,-1.04868,489.436,123.358,0,3.77555,-7.73514,3652,-0.02067,0,0.00588,78.8352,1011.96,-2.1563,1.13344,-1.06335,-48.6634,1.06483,10.8146
91.5516,79.2972,-4.36424,476.529,123.472,0,3.07191,-6.03713,3652,-0.02808,0,0.0049,78.9349,1012.56,-3.79122,-0.815477,-1.75469,-48.0247,0.942408,9.33679
77.3333,83.6139,-5.71839,465.064,123.851,0,2.38899,-6.11896,3652,-0.03315,0,0.00294,78.931,1012.98,-4.07976,-1.32996,-1.55994,-47.5347,0.940447,8.69079
86.1506,82.3455,-4.39217,450.337,126.207,0,2.77902,-5.83255,3652,-0.04329,0,0.006076,78.991,1014.66,-3.48901,1.28161,0.0470002,-48.0647,0.990103,8.29282
85.2096,83.8594,-3.82477,436.706,128.151,0,3.28959,-6.03713,3652,-0.03744,0,0.004116,78.9325,1015.91,-2.47423,1.88454,1.40833,-48.1923,1.09821,7.83637
89.7717,82.325,-3.25718,427.319,124.11,0,3.201,-5.9553,3652,-0.03861,0,0.005488,79.0202,1014.67,-1.74877,2.27398,-1.15663,-47.8379,1.00619,9.45952
82.5296,81.4249,-2.94264,415.751,126.888,0,3.14621,-6.46675,3652,-0.03198,0,0.003724,78.9008,1015.97,-1.63088,0.543119,0.510221,-47.4429,1.07021,8.84408
86.3757,94.252,-3.65176,403.601,128.732,0,2.76269,-5.60751,3652,-0.0351,0,0.002548,79.782,1017.3,-1.82534,1.9823,-2.17835,-47.0747,1.04671,6.01757
91.3061,83.4502,-4.38955,397.916,125.907,0,2.76212,-6.36446,3652,-0.0234,0,0.002352,80.8179,1016.11,-1.55012,0.215213,1.49107,-46.6046,1.02825,7.4981
84.3504,82.6114,-5.1902,389.243,123.769,0,2.39776,-7.03957,3652,-0.00195003,0,-0.002548,80.6514,1015.71,-2.00135,-1.83072,-24.7903,-46.4811,0.934684,8.90392
84.7186,84.8209,-4.21474,381.201,124.882,0,2.69705,-7.20324,3652,0.00273,0,-0.003724,80.7116,1016.56,-2.29985,-0.57551,4.45535,-46.8592,1.00627,8.92384
86.4371,91.8175,-6.26199,369.938,123.059,0,3.41114,-7.57148,3652,0.00624,0,-0.002548,78.9018,1016.17,-3.40097,-0.294154,-12.8937,-47.5999,0.888227,10.4044
86.4575,77.6197,-5.28355,358.554,123.457,0,3.68265,-5.91438,3652,0.00312,0,-0.0049,78.0312,1016.62,-3.57285,-2.50319,-14.0918,-47.8173,0.936642,11.8935
82.591,83.6957,-3.11893,344.009,124.963,0,3.70401,-5.48476,3652,-0.01053,0,-0.00960399,79.7473,1017.82,-2.70208,-2.23711,4.41402,-48.3876,1.03335,10.5801
85.8029,76.0239,-3.50228,329.086,124.193,0,3.76755,-6.50766,3652,-0.02574,0,-0.00764398,79.8902,1018.07,-2.74017,-1.58961,-23.6028,-48.6011,1.02113,11.0084
85.1687,82.7956,-5.02592,315.606,124.059,0,3.51954,-4.9324,3652,-0.03354,0,-0.00725199,79.8498,1018.36,-3.09171,-0.511245,2.07195,-48.7072,0.946859,10.6034
85.0664,90.2627,-1.28561,303.416,126.129,0,3.70104,-5.42339,3652,-0.03783,0,-0.00725199,79.7611,1019.98,-2.02556,1.51792,-21.5366,-48.7067,1.10115,9.58399
91.7971,79.4813,-4.16556,289.524,125.114,0,3.50963,-7.24415,3652,-0.04134,0,-0.00764398,79.7772,1019.82,-2.43977,-1.99952,-0.519689,-48.3996,1.0068,9.28353
80.6065,83.6957,-5.42283,277.955,123.623,0,2.68642,-5.7098,3652,-0.0507,0,-0.00823198,79.7404,1019.52,-2.5957,-4.1476,-3.32166,-47.9845,0.960913,9.4809
79.645,80.7497,-3.41364,265.407,123.957,0,2.467,-6.11896,3652,-0.06201,0,-0.00568398,79.7259,1020.28,-1.87464,-1.83937,1.22562,-48.3983,1.00905,8.79182
83.4093,84.9641,-2.09404,254.917,122.059,0,3.47074,-5.9553,3652,-0.07059,0,-0.00685997,79.6871,1019.7,-1.48251,0.742144,-20.7289,-49.3001,1.04332,10.6834
85.6801,81.9977,-2.52129,241.74,121.582,0,4.13331,-5.83255,3652,-0.07683,0,-0.00587998,79.725,1020.29,-1.34607,0.251417,0.58737,-49.8729,1.00165,12.4247
84.1662,82.7751,-1.46954,233.76,122.005,0,3.68653,-5.68934,3652,-0.07605,0,-0.00529199,79.7122,1020.44,-0.697465,-0.0149365,-22.3925,-49.3474,1.0559,11.4609
86.2734,84.1253,-1.63694,221.496,123.395,0,3.18853,-6.60995,3651,-0.06747,0,-0.00607599,79.6495,1021.49,-0.789811,0.432931,0.125135,-48.9746,1.05031,9.64344
86.1916,81.0975,-2.32896,214.134,122.688,0,3.13044,-6.81453,3652,-0.04368,0,-0.0049,79.6375,1021.61,-1.46544,0.855777,-0.758637,-48.7337,1.01879,8.84619
84.9232,75.6762,-3.04838,204.51,120.671,0,3.05755,-7.51011,3652,-0.01404,0,-0.001372,79.2693,1021.23,-1.60963,-0.0391733,-0.277878,-48.5984,0.978497,9.76899
79.7473,80.6679,-4.49542,193.224,122.039,0,3.4395,-7.83743,3652,0.00117,0,-0.00411599,74.3677,1022.09,-2.46493,0.352347,0.363761,-48.9183,0.952611,8.86406
87.7055,79.2768,-3.72732,181.736,120.591,0,4.06029,-7.3669,3652,0.00663,0,0.002744,71.2152,1021.65,-2.15735,1.89198,1.6062,-49.4256,0.947614,10.2425
87.9714,82.4068,-1.29626,168.715,118.693,0,4.10965,-6.91682,3652,0.01716,0,0.00392,68.1756,1021.68,-0.981217,0.669535,-2.00968,-49.0735,1.05456,10.4833
83.5116,89.3626,-0.177615,158.436,116.227,0,3.49858,-2.47744,3652,0.03666,0,-0.00391998,65.0541,1021.03,-0.551152,0.388007,-0.288613,-48.5184,0.996692,9.79624
89.9763,77.5378,2.58323,149.294,114.257,0,3.0441,-1.20904,3652,0.04953,0,-0.00156798,62.8061,1020.6,1.83155,-0.9303,0.13344,-47.9174,1.11463,9.96905
87.8691,87.6441,4.49914,140.686,111.657,0,2.25267,-3.05026,3652,0.0039,0,-0.000587987,61.5915,1019.93,3.12242,-0.921974,0.966488,-47.3952,1.11256,9.66316
78.172,86.1916,3.6219,137.508,110.56,0,2.06594,0.407143,3652,-0.03159,0,-0.001372,61.1583,1019.86,2.72974,-0.222607,0.208443,-47.1434,1.02883,9.92241
81.609,83.3684,2.85201,131.859,110.49,0,2.31937,0.100273,3652,0.61269,0,3.71234e-18,60.8181,1019.81,2.36854,0.155405,2.01824,-47.51,1.04532,7.96462
87.419,86.9894,1.3937,134.313,107.657,0,2.32632,2.4734,3652,0.07839,0,0.00294,60.7025,1018.52,1.95299,1.52912,0.483722,-47.2535,0.980602,9.13682
90.3241,85.0459,1.89701,133.172,107.454,0,2.18538,0.509434,3652,-0.06474,0,-0.001372,60.4484,1018.69,2.30856,0.635823,1.04337,-47.1657,1.01959,8.00713
86.478,84.1253,0.167776,132.725,105.656,0,1.71249,7.48561,3651,-0.03939,0,-0.00470399,58.9155,1018.1,1.42087,0.727896,-0.734323,-46.846,1.04789,6.62251
86.5189,83.3479,-1.19924,133.93,104.24,0,1.57899,4.74424,3652,0.07722,0,-0.00196,56.7023,1018,0.817236,0.718826,4.53516,-46.8249,1.01283,5.48669
