85.3323,83.4502,-5.00825,4024.66,174.767,2.98826,0.837446,0.816303,2436,0.25272,93.9544,0.253036,61.2688,929.418,-4.97103,0.484431,0.991652,88.7122,0.913706,2.62562
84.0026,83.532,-3.49715,3993.96,177.498,2.98826,0.747785,0.673096,2436,0.29601,93.9544,0.2548,61.3724,931.834,-5.00779,0.192985,0.891871,88.8612,1.06228,3.27199
83.8798,83.1433,-3.26929,3961.86,175.358,2.98826,0.387243,1.30729,2436,0.33774,92.8997,0.252056,61.3414,931.725,-5.10883,-0.24503,0.826123,89.2143,1.0324,2.71912
84.023,84.78,-2.83275,3934.37,175.182,2.98826,0.342854,1.96195,2450,0.32487,46.9333,0.250684,61.3307,932.64,-4.70578,-0.8991,0.741817,89.1851,1.13406,1.957
86.4371,86.8053,-6.31364,3908.41,172.565,2.98826,-0.425912,0.161648,2561,0.28353,40.9567,0.243236,61.2701,932.703,-4.23066,-1.68103,-0.0387893,89.8121,0.912603,2.23001
93.536,85.1073,-4.90334,3882.28,173.049,2.98826,-0.131451,-0.349804,2669,0.31863,40.9567,0.239904,61.2596,933.423,-3.54653,-3.65755,0.407866,89.3778,0.997605,3.0068
88.3192,88.7897,-3.19256,3853.51,168.966,2.98826,0.714315,1.696,2780,0.34983,40.9567,0.235396,61.2122,931.324,-4.5655,-6.5725,0.529689,88.1665,1.1175,2.6149
87.6646,84.9436,-6.25675,3834.09,168.673,2.98826,1.84703,-41.9,2888,0.30147,40.9567,0.232456,61.2809,932.169,-5.38298,-10.3854,0.750209,86.2332,1.09163,5.13653
85.9256,83.1843,-7.27621,3814.02,166.186,2.98826,1.99914,-1.18858,2998,0.3432,40.9567,0.22736,61.2269,931.427,-4.72456,-14.9065,-0.0815073,84.7248,1.06218,5.91077
85.1482,81.6703,-6.07073,3797.82,162.417,2.98826,1.55986,-1.49545,2997,0.33579,40.9567,0.21952,61.3147,929.828,-4.93794,-18.5635,-0.0310988,83.2914,1.12532,4.43261
86.4166,85.8847,-6.78676,3781.19,161.608,2.98826,0.138701,-41.9,2997,0.3822,40.9567,0.221284,61.2916,929.26,-6.38306,-21.1313,-0.706001,82.4643,1.01822,1.92553
84.5754,86.6007,-8.00675,3761.98,159.671,2.98826,-0.181218,-0.186138,2998,0.31044,40.9567,0.218344,61.3079,929.446,-6.83556,-23.3539,0.0354989,80.3857,1.01609,2.30851
86.7849,84.4322,-7.45479,3743.52,159.205,2.98826,0.129813,-41.9,2997,0.24375,40.9567,0.215404,61.2784,929.979,-6.68563,-25.685,-0.007782,77.5684,0.971995,1.74742
85.5983,83.307,-5.73628,3719.86,160.787,2.98826,0.00787929,0.979965,2997,0.2418,40.9567,0.213248,61.2864,931.685,-6.83472,-27.5313,0.118013,74.7745,1.13439,0.306387
82.9797,84.3094,-6.16866,3693.24,160.229,2.98826,-0.73664,-41.9,2997,0.14118,40.9567,0.210504,61.2231,931.888,-7.11067,-28.2732,0.0712105,72.1712,1.08709,1.86748
83.9821,81.9772,-8.19813,3680.19,158.761,2.98826,-0.145565,-0.329346,2998,0.08775,40.9567,0.211092,61.2689,931.795,-6.52922,-28.4891,1.19642,68.3479,1.05069,0.537853
84.5958,82.059,-7.26226,3646.86,157.185,2.98826,-0.0604097,-0.881714,2997,0.11388,40.9567,0.20874,61.2312,931.855,-5.67936,-28.3447,-0.510362,65.2331,0.978964,0.0163329
85.0459,82.6523,-6.98876,3620.46,155.848,2.98826,0.162458,0.959507,2997,0.17238,40.9567,0.214424,61.2877,932.428,-7.18833,-26.9183,1.96823,62.1366,1.00584,0.0312035
81.0157,80.7907,-5.99515,3590.27,154.711,2.98826,0.370185,1.22546,2997,0.23712,40.9567,0.212072,61.23,932.514,-7.40471,-25.8706,1.08579,59.04,0.994142,1.25463
82.6319,82.6114,-4.33122,3561.94,152.591,2.98826,0.454783,1.79829,2997,0.24024,40.9567,0.211876,61.2185,933.081,-6.8472,-23.2257,1.18924,56.0409,1.12776,1.79446
81.7113,77.0264,-2.91245,3532.72,153.003,2.98826,0.725063,1.40958,2998,0.27924,40.9567,0.210112,61.2152,933.958,-6.24159,-21.0504,2.1451,52.9736,1.12805,2.46733
84.1253,75.758,-5.35751,3499.84,154.996,2.98826,0.0877,0.795845,2998,0.34476,40.9567,0.213052,61.2345,936.091,-5.52098,-18.7496,0.408729,51.0079,1.14891,0.648176
84.3299,80.1769,-6.68839,3471.76,156.402,2.98826,-0.746551,-0.39072,2998,0.40443,40.9567,0.215404,61.2094,937.189,-4.60921,-16.7798,0.135339,49.69,0.969202,3.95355
83.9207,82.3455,-5.43494,3440.92,153.019,2.98826,-0.904062,0.0184402,2998,0.40014,40.9567,0.215208,61.1783,936.664,-4.57795,-14.7204,0.820586,47.9981,1.09572,3.27714
83.2456,82.1409,-4.96026,3412.43,152.728,2.98826,-0.392886,1.22546,2997,0.43797,40.9567,0.217168,61.1439,937.291,-5.23397,-12.8293,1.96975,45.938,0.964837,2.21053
83.0615,81.5067,-3.75472,3393.25,152.376,2.98826,0.968015,1.12317,3060,0.48711,40.9567,0.216776,61.1775,937.52,-4.9413,-10.991,2.76785,43.1624,1.19336,3.02806
79.9314,82.7546,-3.17222,3365.49,151.525,2.98826,1.31649,0.611721,3168,0.4563,40.9567,0.218932,61.0966,938.767,-4.16435,-9.37828,1.94931,41.4228,1.1185,4.65465
78.3562,81.834,-5.1131,3352.29,148.635,2.98826,0.0970058,0.0388985,3279,0.49959,40.9567,0.218148,61.1317,937.775,-3.94247,-7.9341,-0.555823,41.3237,1.30792,1.73221
83.9003,82.4068,-7.81896,3342.37,149.145,2.98826,-1.11574,-2.27286,3387,0.44928,40.9567,0.218736,61.1082,938.169,-4.04689,-6.62648,0.368913,41.4748,0.924833,3.71793
83.4502,82.4068,-9.55655,3333.45,148.224,2.98826,-1.25447,-2.82522,3496,0.33774,40.9567,0.221872,61.1972,937.759,-5.05941,-6.02951,1.35302,40.8183,1.29891,5.88348
83.1843,82.6114,-12.6242,3331.78,145.157,2.98826,-1.71318,-2.57973,3606,0.2184,40.9567,0.221088,61.1397,936.336,-6.90564,-5.96715,1.19952,40.5365,0.056073,5.39471
83.4093,82.4887,-13.0874,3319.79,143.292,2.98826,-1.88391,-2.76385,3635,0.14859,40.9567,0.224616,61.1669,935.667,-7.35335,-5.98985,0.769177,40.0095,0.108524,5.53426
82.059,81.0566,-11.9883,3306.2,139.254,2.98826,-2.24174,-2.76385,3635,0.12675,40.9567,0.227556,61.1572,934.551,-7.67953,-5.14142,0.735963,39.6557,-0.527471,5.19519
82.0386,82.3659,-11.7106,3290.12,138.603,2.98826,-2.0847,-2.94797,3636,0.13455,40.9567,0.230888,61.2649,934.547,-8.4329,-3.12243,1.96923,38.9834,-0.449314,4.84768
83.9821,84.3299,-12.9722,3273.95,136.806,2.98826,-1.47114,-1.31133,3635,0.17472,40.9567,0.236768,61.1912,934.245,-9.96902,-2.19833,2.48172,38.1447,0.640408,3.2722
85.6801,83.8594,-13.0998,3253.6,136.532,2.98826,-1.42842,-1.2295,3635,0.16926,40.9567,0.238924,61.1898,935.264,-10.5801,-3.2688,0.576084,37.8747,-0.792176,3.19042
83.6752,83.5525,-10.1159,3223.21,137.392,2.98826,-1.85176,-1.10675,3636,0.18798,40.9567,0.246764,61.1256,936.315,-9.78715,-4.41497,0.107796,37.811,-0.0696647,4.70126
83.798,83.7775,-9.15641,3196.22,136.167,2.98826,-1.42279,-0.0838509,3635,0.20124,40.9567,0.25382,61.1458,936.916,-9.59731,-2.89195,1.53574,36.8887,-0.442685,3.46752
84.8823,83.6957,-11.4074,3176.45,135.876,2.98826,0.0036153,-0.227055,3636,0.22191,40.9567,0.264012,61.1353,937.318,-9.28661,-2.47805,3.38274,35.2803,-0.501927,1.65256
83.6957,83.3684,-9.5614,3151.22,133.771,2.98826,0.874357,-1.02492,3635,0.36153,40.9567,0.274204,61.2011,937.059,-7.62041,-4.77112,0.767818,34.1029,-0.0963973,2.08132
82.7546,82.6933,-8.85512,3124.69,131.731,2.98826,0.0123142,0.20256,3636,0.27768,40.9567,0.291844,61.1446,937.002,-7.32118,-6.29444,-0.987565,34.2204,-0.296463,0.549013
82.8569,82.8774,-7.74624,3099.25,130.218,2.98826,0.333566,-0.165684,3636,0.37674,40.9567,0.300664,61.1577,937.604,-6.91667,-6.26147,1.54389,33.0711,1.07325,0.683453
83.0206,82.8569,-7.16731,3070.84,130.611,2.98826,0.334597,0.898132,3636,0.36153,40.9567,0.311444,61.0128,938.622,-7.08918,-6.37311,0.701248,32.2466,0.494164,1.11722
82.9387,82.8774,-8.7574,3043.2,130.23,2.98826,0.188325,1.94149,3636,0.33189,40.9567,0.317912,61.1114,939.38,-8.29327,-6.13958,0.321858,31.612,0.382519,0.580248
83.0001,82.8569,-8.26239,3013.65,130.989,2.98826,0.437008,1.71645,3636,0.31239,40.9567,0.32634,61.1024,940.498,-7.90214,-5.34561,1.60062,30.6085,0.213999,1.74749
83.041,82.8774,-6.4523,2983.47,131.215,2.98826,1.0402,0.509434,3636,0.38454,40.9567,0.334376,61.1125,941.801,-6.90813,-5.5348,1.22327,29.3331,0.380284,2.87007
82.2227,78.9085,-5.53312,2953.98,131.907,2.98826,0.446522,-0.00201797,3636,0.35997,40.9567,0.33908,61.0612,942.981,-6.72927,-5.69573,-0.373186,29.0441,0.842767,3.44268
81.834,81.9977,-7.77824,2927.43,129.81,2.98826,0.0401886,1.40958,3635,0.3744,40.9567,0.34496,61.0979,943.157,-8.23917,-3.13483,0.959078,28.7164,0.369837,1.20152
83.4707,83.1638,-10.0498,2899.49,132.151,2.98826,-0.179499,1.24592,3636,0.38454,40.9567,0.348684,61.0458,944.796,-8.85482,-1.84451,1.16586,28.6456,0.819481,2.15999
84.1458,83.1638,-7.94301,2870.36,132.37,2.98826,-0.602714,1.0618,3636,0.39858,40.9567,0.351232,61.0849,946.039,-8.17467,-1.81372,-0.155895,28.8343,1.00081,4.04146
84.1253,83.1229,-5.58575,2838.88,132.845,2.98826,-1.29618,0.263935,3636,0.37245,40.9567,0.353976,61.0276,947.203,-7.65408,-1.72962,0.0836696,29.2708,1.13075,4.66792
83.9821,82.8365,-8.20922,2812.19,132.592,2.98826,-0.900189,0.20256,3636,0.32799,40.9567,0.354172,61.1078,948.043,-8.54081,-2.19748,1.77207,28.6807,0.899348,4.07931
82.7956,82.4887,-9.61932,2783.39,133.809,2.98826,-1.00579,0.570805,3636,0.32175,40.9567,0.352408,61.0876,949.91,-9.61918,-2.90114,0.29287,28.4892,0.422874,4.68748
83.1024,82.6933,-8.64224,2753.16,133.226,2.98826,-0.741796,0.243477,3635,0.37206,40.9567,0.352212,61.0833,950.167,-9.86025,-2.5291,1.6191,27.8721,1.04381,4.36733
83.8594,83.2252,-7.47459,2725.55,135.128,2.98826,-1.04228,0.243477,3636,0.37206,40.9567,0.3479,61.0186,952.395,-9.9937,-2.92901,-0.0874922,27.8563,1.00162,4.80452
84.023,83.1024,-8.62203,2698.12,135.237,2.98826,-1.11375,-0.00201797,3636,0.38298,40.9567,0.34006,61.0193,953.343,-10.7189,-3.62541,1.02626,27.4954,1.05676,5.15354
82.9183,79.7268,-8.99833,2672,133.449,2.98826,-1.02836,-0.267971,3636,0.41106,40.9567,0.33222,60.9997,953.401,-10.9486,-5.73077,1.02316,26.8587,0.449025,2.89064
79.3586,80.361,-10.1943,2645.05,133.3,2.98826,-1.19489,-1.10675,3635,0.42549,40.9567,0.323792,61.1413,953.898,-10.6175,-5.568,0.660742,26.1673,0.857751,3.25046
81.6499,82.2841,-9.07562,2617.91,131.812,2.98826,-1.73952,-1.33179,3636,0.41184,30.9373,0.310268,61.0751,953.817,-10.2993,-4.46199,0.415482,26.0452,0.98977,3.66988
83.2252,82.3455,-9.63631,2586.35,131.716,2.98826,-1.92924,-1.84324,3635,0.41106,30.9373,0.304192,61.1191,955.371,-10.5077,-4.27104,0.837877,25.6602,0.898687,4.21556
83.2865,84.9232,-10.2691,2552.97,131.726,2.98826,-2.03179,-1.06583,3636,0.40989,26.9822,0.292628,61.0313,956.669,-11.3739,-3.31076,0.623662,25.3176,0.905489,4.04169
85.5574,84.2276,-10.6449,2519.81,132.834,2.98826,-0.838807,-0.574841,3636,0.40989,26.9822,0.281652,61.0181,958.06,-11.8333,-3.25047,3.09373,23.8626,0.878475,1.86296
83.6752,82.2841,-8.96025,2481.07,133.173,2.98826,-0.44746,-0.656673,3635,0.39039,26.9822,0.265972,60.9239,959.622,-11.1157,-4.17723,0.541286,23.0268,1.00793,1.62103
84.0435,83.082,-9.00975,2444.19,134.569,2.98826,-0.716576,-0.493011,3636,0.3978,26.9822,0.255584,61.0053,961.433,-10.6487,-3.98612,0.340248,22.7093,0.978979,3.53939
83.9207,83.0001,-9.20712,2406.65,134.281,2.98826,-0.842113,-0.247513,3635,0.40404,18.9842,0.245196,60.9861,962.651,-10.5223,-4.09809,0.842038,22.3038,0.989644,3.2096
41.9,83.0206,-8.56596,2370.51,134.752,2.98826,-0.948261,-0.329346,3636,0.4095,18.9842,0.23128,61.0397,964.23,-9.79478,-4.38477,0.63997,21.8252,1.00482,4.23877
83.9617,83.041,-8.10683,2335.35,133.953,2.98826,-1.3985,-0.227055,3635,0.37479,18.9842,0.219324,60.9325,964.799,-9.25695,-5.30012,0.301678,21.6076,1.02866,4.65562
82.6114,82.4273,-8.05969,2300.13,133.046,2.98826,-1.2911,-0.145226,3636,0.35802,4.92184,0.207956,61.0139,965.701,-8.7453,-6.37521,1.30487,20.7,1.00721,4.04293
81.343,81.1794,-7.56318,2266.19,134.237,2.98826,-1.81006,-0.227055,3636,0.36699,3.95505,0.19208,60.929,967.233,-8.21849,-7.6151,-0.208722,20.223,1.05168,5.61241
41.9,82.0386,-8.02197,2234.35,134.934,2.98826,-2.20496,-0.247513,3636,0.3588,2.98826,0.184436,60.9959,968.592,-8.15459,-6.83313,0.688795,19.4831,1.0187,7.61508
83.5525,82.2841,-8.84891,2203.17,134.75,2.98826,-2.04269,-0.0429344,3635,0.35178,2.98826,0.170716,60.9688,969.812,-7.95493,-6.12154,1.54864,18.472,0.990632,7.7867
83.9821,83.1229,-6.85629,2173.7,130.534,2.98826,-1.97162,-0.145226,3636,0.37167,2.98826,0.160524,61.0536,968.911,-7.05381,-6.48273,0.880298,17.5341,1.01874,5.81425
82.7956,83.082,-6.62252,2142.18,129.942,2.98826,-2.45446,-0.247513,3636,0.39039,2.98826,0.148372,60.977,969.986,-6.72144,-8.50922,-0.000268668,16.9808,1.03265,6.33558
82.8774,82.591,-6.15984,2112.68,129.736,2.98826,-2.97742,-0.411179,3636,0.38142,2.98826,0.136808,61.0601,970.614,-7.03598,-9.8912,0.154401,16.1426,1.01324,7.85454
41.9,82.5705,-6.95389,2080.32,128.189,2.98826,-3.53971,0.550346,3636,0.37869,2.98826,0.126224,60.9447,971.303,-7.65309,-9.88476,0.543571,15.2692,0.970757,8.07757
82.6933,82.5705,-7.2008,2050.79,128.965,2.98826,-2.95092,0.652637,3636,0.37089,2.98826,0.116816,61.0275,972.543,-7.8629,-8.11709,2.37789,13.4018,0.971079,7.55192
41.9,82.55,-6.93618,2020.72,129.373,2.98826,-2.2622,0.693554,3636,0.37011,2.98826,0.10682,60.8913,973.603,-7.30258,-7.02376,1.51238,11.7328,1.00332,6.7676
82.9592,82.5705,-2.74498,1993.31,126.645,2.98826,-1.72444,0.0593567,3635,0.35217,2.98826,0.099176,60.9706,973.606,-6.24783,-6.118,1.37039,10.2654,1.08828,4.70862
78.2948,80.5042,-2.41642,1965.14,127.534,2.98826,-0.844725,0.386684,3635,0.33696,2.98826,0.093688,60.8687,975.015,-6.31763,-7.3797,2.16661,8.47497,1.11221,3.84545
79.5223,79.1336,-3.43532,1938.71,125.106,2.98826,-0.655575,0.427601,3636,0.32604,2.98826,0.085652,61.0106,974.912,-7.11005,-7.69145,0.561069,7.10354,1.04288,2.77559
82.7342,79.154,-5.17052,1915.22,123.836,2.98826,-0.366185,0.427601,3635,0.33189,2.98826,0.074284,60.8869,974.941,-7.66693,-6.07309,1.9432,5.74551,0.972625,0.424414
83.3274,82.2023,-5.82334,1891.07,122.728,2.98826,0.204663,0.816303,3636,0.32916,2.98826,0.06958,61.0833,975.689,-8.14758,-4.05179,1.45328,4.48679,0.924244,0.00408301
83.041,82.5705,-3.91235,1865.33,125.257,2.98826,0.25053,1.00042,3635,0.32955,2.98826,0.0637,61.0602,977.249,-7.81775,-4.06024,0.609821,3.94569,1.02597,1.50576
82.4068,81.9568,-4.01574,1837.14,124.372,2.98826,0.00650579,0.836761,3636,0.31941,2.98826,0.061544,61.7262,978.237,-7.54981,-4.53711,0.294424,3.47853,1.03776,1.0782
79.8087,81.9568,-4.44155,1816.14,122.163,2.98826,-1.14037,0.529888,3636,0.32175,2.98826,0.056644,63.6845,977.949,-7.27108,-6.6822,-0.238815,3.80124,0.986476,1.77952
84.2276,77.1082,-4.25136,1793.04,122.578,2.98826,-3.02928,0.652637,3636,0.31278,2.98826,0.053312,70.9021,979.022,-6.89743,-6.08953,-1.77078,4.5273,0.982757,6.65796
85.5165,84.8413,-4.16231,1764.05,124.762,2.98826,-2.93359,1.75737,3636,0.31434,2.98826,0.049,73.6835,980.746,-7.21097,-1.53246,2.0577,3.81856,0.986218,5.89223
80.8111,80.8316,-4.39593,1743.06,125.627,2.98826,-1.06337,0.652637,3636,0.30459,2.98826,0.046256,72.9278,981.89,-6.82134,-0.971623,3.28578,2.02682,1.02338,2.89383
76.0853,78.7653,-2.84718,1720.65,124.618,2.98826,-0.301737,-0.472553,3635,0.30498,2.98826,0.041356,72.8344,982.134,-5.91696,-2.03237,1.39506,1.11745,1.07348,0.813016
83.6139,85.3937,-2.98985,1698.64,121.586,2.98826,0.0235791,1.75737,3635,0.30186,2.98826,0.036848,72.7474,981.625,-6.4175,-1.18423,1.27957,0.522237,0.995585,1.02209
81.7522,83.6548,-3.20345,1675.21,124.105,2.98826,0.144297,1.22546,3636,0.29991,2.98826,0.033908,72.7524,983.586,-6.54685,-1.43647,1.16168,0.264042,1.02184,0.587524
82.6114,82.4068,-2.80812,1657.11,123.45,2.98826,-0.250749,0.673096,3636,0.29913,2.98826,0.030184,72.7315,984.026,-5.72714,-1.58761,-0.383138,0.361385,1.05559,-0.0295896
83.2661,82.55,-3.11955,1634.57,126.149,2.98826,-0.667223,0.120731,3636,0.29445,2.98826,0.025284,72.7606,986.221,-5.80774,-1.10017,0.640135,0.555171,1.05107,1.44499
86.1711,83.3684,-5.56007,1615.39,127.219,2.98826,-0.9114,1.75737,3636,0.29328,2.98826,0.024696,72.8792,986.832,-6.79716,-0.180349,0.703863,0.619438,1.01431,2.97854
85.1482,85.5983,-8.21617,1600.14,129.133,2.98826,-1.23663,1.71645,3636,0.29445,2.98826,0.021168,72.8651,988.165,-6.16725,0.834306,0.487235,1.03265,0.940332,5.01829
85.5369,84.8209,-5.2311,1585.54,128.127,2.98826,-0.499868,-0.984001,3636,0.29406,2.98826,0.017444,72.9019,988.634,-3.71188,0.299988,1.97803,0.475183,1.06453,5.68182
85.3732,84.8413,-3.93798,1568.64,125.744,2.98826,-0.218354,-1.08629,3635,0.2886,2.98826,0.017052,72.8376,987.953,-3.16942,-0.3726,1.26269,0.232712,1.0458,4.41019
84.4731,84.78,-5.89575,1553.06,124.634,2.98826,-0.208794,0.304852,3636,0.29523,2.98826,0.013132,72.9447,988.352,-4.81899,-1.54306,0.327118,0.138359,0.934059,4.01577
84.0639,84.3913,-7.28284,1535.44,124.277,2.98826,-0.207617,0.652637,3636,0.28587,2.98826,0.009996,72.8619,988.581,-5.59318,-2.9385,1.07423,-0.127454,0.893089,3.71036
83.7366,84.0639,-6.0172,1516.8,122.946,2.98826,-0.268295,0.775387,3636,0.28158,2.98826,0.005684,72.9748,988.699,-5.03611,-4.48994,0.398717,-0.574259,0.948174,3.36892
79.5018,83.2661,-4.57076,1495.27,123.493,2.98826,-0.824248,0.611721,3636,0.27612,2.98826,-0.000391977,72.8514,989.699,-4.32042,-5.84164,-0.12787,-0.770819,0.986449,4.25631
82.4887,80.5656,-3.17392,1475.44,123.614,2.98826,-0.792527,0.693554,3636,0.26637,2.98826,0.000588,72.9783,990.459,-4.17824,-4.5243,1.03836,-1.69723,1.03946,5.92382
82.8365,82.0795,-3.473,1454.72,121.901,2.98826,-0.0515225,1.00042,3636,0.25779,2.98826,-0.00176399,72.8143,990.404,-4.47398,-2.56061,2.73077,-2.93122,0.984278,4.42237
82.6319,81.7113,-3.20751,1434.39,121.687,2.98826,0.432024,1.00042,3636,0.25701,2.98826,-0.00117599,73.0692,991.092,-4.46104,-1.93726,0.931193,-3.68199,0.998587,4.34052
82.6319,81.834,-2.55895,1414.05,121.353,2.98826,0.481442,1.12317,3636,0.25116,2.98826,-0.00196,72.6821,991.617,-4.25059,-1.36463,1.30084,-3.98418,1.01042,4.66546
82.55,81.8136,-2.63783,1393.27,118.844,2.98826,0.5703,1.28683,3636,0.24336,2.98826,-0.003724,74.3021,991.426,-4.30531,-1.55181,0.751625,-4.29737,0.983843,2.90211
85.0459,83.1638,-3.86623,1374.07,118.544,2.98826,-0.156295,1.73691,3635,0.23595,2.98826,-0.00274398,80.2367,992.08,-4.21768,-1.58671,-0.0922313,-3.85841,0.917857,1.68169
85.1891,84.3708,-0.481521,1355.21,119.397,2.98826,-0.708121,0.836761,3636,0.22425,2.98826,-0.002548,80.5428,992.984,-3.24394,-0.973571,-0.192653,-3.53004,1.03652,2.64911
84.7186,84.1867,0.686068,1329.31,122.11,2.98826,-0.351839,1.73691,3636,0.21801,2.98826,-0.00235199,79.9767,994.967,-3.34666,-1.24239,1.4119,-3.96714,1.09489,4.47635
83.7162,81.5681,-0.664375,1311.02,121.389,2.98826,1.03154,3.39401,3636,0.2067,2.98826,-0.003136,80.1601,995.553,-4.65858,-0.83796,2.89204,-5.46771,1.0294,4.75921
78.172,79.8496,-1.18993,1291.32,119.187,2.98826,1.88652,2.78027,3636,0.19422,2.98826,-0.00333198,79.943,995.059,-4.646,-1.58417,2.37281,-6.40808,1.01389,3.82152
82.8569,82.0386,-3.14531,1274.32,117.714,2.98826,1.23562,2.96439,3636,0.18993,2.98826,-0.00176399,80.2083,995.378,-4.34486,-1.74384,-0.594853,-6.12369,0.943935,2.62076
79.9519,80.5247,-4.37379,1253.79,119.922,2.98826,0.440114,3.51676,3636,0.18096,2.98826,-0.00274398,79.8912,996.72,-4.02391,-1.96652,-0.51615,-5.60307,0.910875,1.43331
84.6163,83.7162,-3.43548,1233.12,121.537,2.98826,0.625778,2.55523,3635,0.17472,2.98826,0.000588,80.3665,998.296,-2.94852,-0.630021,0.724186,-6.05459,1.00631,0.989503
82.4887,84.0639,-2.06227,1211.33,122.558,2.98826,1.34156,2.59615,3635,0.15639,2.98826,0.001176,79.5567,999.412,-2.09219,0.639298,2.86378,-6.66072,1.03793,3.25444
78.9494,82.2636,-1.9873,1191.54,122.799,2.98826,1.71135,2.7189,3636,0.13455,2.98826,0.00392,83.4605,1000.23,-2.13422,-0.984305,0.223641,-6.98014,1.05323,4.03683
82.7956,81.9568,-1.7591,1170.86,125.808,2.98826,1.2529,1.04134,3636,0.12948,2.98826,0.003136,87.4183,1002.05,-2.10835,-1.00044,0.737642,-6.76609,1.07864,3.86272
83.1843,74.1418,-2.22547,1152.53,125.703,2.98826,0.889456,1.22546,3635,0.12129,2.98826,0.003332,84.8882,1002.74,-2.6315,-0.151876,0.652677,-6.63905,1.06185,3.675
84.6777,87.2963,-1.19465,1140.8,123.271,2.98826,0.0436452,0.918591,3636,0.10647,2.98826,0.006076,85.0646,1002.13,-3.25762,1.90984,0.0524234,-5.71504,1.05035,0.0456798
82.2432,83.2661,-4.97842,1122.1,122.826,2.98826,0.115064,1.8392,3635,0.1092,2.98826,0.007644,84.8016,1002.39,-4.04115,0.960874,0.710508,-5.45804,0.952386,3.05352
82.1613,82.0795,-4.14596,1106.75,126.065,2.98826,0.205877,1.04134,3636,0.10218,2.98826,0.011368,84.9799,1004.45,-4.05998,0.638084,1.16542,-5.44733,1.0009,1.19534
82.2023,82.1613,-4.99518,1089.36,126.556,2.98826,0.559722,1.36867,3635,0.10296,2.98826,0.009408,84.9569,1005.19,-4.59852,1.06074,1.25135,-5.64951,1.00124,2.16183
81.7113,82.55,-4.47533,1071.49,128.606,2.98826,0.79392,0.714012,3636,0.09126,2.98826,0.011368,84.1039,1006.69,-4.88884,1.48813,1.60308,-5.70294,1.02874,2.13984
82.0795,82.2023,-6.01964,1055.95,129.257,2.98826,1.02262,0.979965,3636,0.08892,2.98826,0.014308,83.0763,1007.67,-5.01207,2.2882,1.10771,-5.66597,1.02285,3.00047
83.9617,82.8569,-7.04692,1040.39,129.601,2.98826,0.75049,0.20256,3636,0.08775,2.98826,0.013328,83.3036,1008.48,-5.0529,2.82594,0.972659,-5.08758,0.962617,2.78213
85.1278,84.1253,-7.39941,1023.97,130.903,2.98826,0.752783,1.47096,3635,0.07917,2.98826,0.013524,83.0239,1009.5,-5.53031,3.23096,0.70662,-4.6819,0.986808,3.19865
87.8282,86.478,-6.70401,1008.15,132.692,2.98826,0.469848,1.04134,3635,0.06591,2.98826,0.011564,81.5001,1010.86,-5.43734,3.14718,0.588875,-3.91886,0.998889,1.89792
81.3226,81.9772,-6.6925,992.227,134.544,2.98826,0.913342,0.182102,3636,0.06084,2.98826,0.011956,80.1439,1012.36,-4.60429,0.755337,1.34321,-3.9588,1.10069,1.96781
83.6752,75.9012,-6.88021,979.403,133.923,2.98826,0.433637,0.754929,3635,0.05811,2.98826,0.011368,80.126,1012.2,-4.95842,-1.33179,-0.146668,-3.57333,1.02538,0.785118
83.0615,81.9772,-9.18325,963.944,133.545,2.98826,0.44152,1.85966,3636,0.06318,2.98826,0.01078,79.9308,1012.88,-5.95573,-0.0558067,1.02895,-3.77401,0.951664,1.67918
82.6728,82.325,-9.03549,949.009,135.074,2.98826,0.335898,1.10271,3635,0.0585,2.98826,0.00882,80.0596,1013.95,-5.8734,-1.28101,1.05218,-3.6919,0.946751,0.634683
82.9592,82.325,-7.283,939.245,135.173,2.98826,-1.07041,-1.53637,3636,0.05733,2.98826,0.008232,79.9067,1014.21,-4.79328,-1.10617,-1.8236,-2.61413,1.10406,1.81618
83.1843,84.0844,-8.85538,924.163,135.163,2.98826,-1.34369,-0.0633926,3636,0.05109,2.98826,0.004508,80.0883,1014.92,-5.29088,-0.661385,1.81083,-2.43407,0.952868,3.01262
88.7284,76.2081,-7.44367,909.47,137.712,2.98826,-1.46966,-2.80476,3636,0.05499,2.98826,0.00882,79.8921,1016.78,-5.20188,-0.0995861,0.194431,-2.41026,1.10039,3.94991
80.0337,87.5009,-9.13118,902.919,136.837,2.98826,-0.429192,-1.31133,3635,0.06357,2.98826,0.004312,80.102,1016.83,-5.92792,1.4538,2.61328,-3.29617,0.965542,2.8142
81.0566,78.2539,-11.8612,893.567,137.838,2.98826,0.436472,0.0593567,3636,0.07059,2.98826,0.005292,78.9681,1017.29,-6.60233,-0.547993,1.07426,-3.9792,0.902354,2.37184
81.4453,84.3504,-10.5827,879.412,136.055,2.98826,-0.869091,-0.718048,3636,0.06396,2.98826,0.003724,73.2758,1016.9,-5.22766,-0.481704,-1.24446,-2.86287,0.918379,3.85402
84.3913,85.7415,-6.61225,865.425,132.282,2.98826,-0.929735,-1.20904,3636,0.05655,2.98826,0.003724,71.3419,1015.9,-3.91023,-0.330111,1.23041,-2.90444,1.06401,2.62937
82.55,84.1867,-5.9269,852.517,131.654,2.98826,-1.08197,0.407143,3636,0.05343,2.98826,0.003724,71.8498,1016.06,-3.8957,-0.766445,0.96549,-2.79448,1.01796,2.31228
84.0026,82.6728,-6.86688,837.087,135.186,2.98826,-1.20702,-2.04782,3636,0.05148,2.98826,0.001176,72.3031,1018.21,-4.10181,-1.17407,0.0711367,-2.81541,1.09208,6.53488
81.0771,82.9183,-9.70604,829.296,132.609,2.98826,-0.827561,0.0798149,3636,0.0624,2.98826,-0.000195997,73.6894,1016.96,-4.72543,-0.0140309,2.30578,-3.28592,0.907856,6.6731
84.514,83.082,-8.31555,818.591,129.729,2.98826,-0.193293,-1.10675,3635,0.06786,2.98826,0.003528,73.5504,1016.42,-3.96132,0.146895,1.45622,-3.82615,0.962016,4.02962
84.2071,83.7162,-7.06672,804.863,127.731,2.98826,-0.204774,1.02088,3636,0.04836,2.98826,0.002548,74.4035,1015.96,-3.51574,0.190652,1.25083,-3.75936,0.946708,4.322
81.5067,82.7342,-4.7243,793.04,125.403,2.98826,-0.128135,0.877678,3635,0.03393,2.98826,0.000588,76.6105,1015.63,-3.19377,-1.67011,-0.271853,-3.80484,1.01844,2.38531
86.1711,77.19,-2.23152,781.1,125.004,2.98826,-0.353348,-0.984001,3636,0.01482,2.98826,0.000588,78.5444,1015.69,-1.97221,-1.40182,0.524748,-3.93352,1.08537,3.02847
82.0181,84.6572,-4.76292,765.953,125.307,2.98826,0.129687,1.4505,3635,0.00351,2.98826,0.006468,78.971,1017.14,-2.95792,0.399514,2.08831,-4.5136,0.998582,3.75196
84.5549,84.0844,-4.56544,754.484,127.827,2.98826,0.0482629,-0.677132,3636,-0.00273001,2.98826,0.00098,78.8622,1017.85,-2.83669,1.00579,0.693757,-4.27463,1.0405,6.81817
80.7702,80.3406,-6.58969,745.272,124.826,2.98826,0.376599,0.611721,3635,0.00702,2.98826,5.55111e-17,78.859,1016.69,-2.93266,1.16932,1.27305,-4.38981,0.971091,5.66307
84.2685,83.7162,-4.21325,734.161,124.108,2.98826,0.47138,0.795845,3636,-0.01677,2.98826,0.000392,78.7271,1017.29,-2.43979,0.470051,0.753369,-4.2974,0.962908,4.84498
81.9159,82.1,-3.35034,719.379,124.84,2.98826,0.559966,1.696,3636,-0.04251,2.98826,-0.000195997,78.826,1018.06,-1.61293,-0.157605,0.937831,-4.34733,1.09123,7.10658
86.0893,81.0975,-2.98304,711.837,123.189,2.98826,0.0853289,2.51432,3636,-0.06474,2.98826,0.001568,78.7426,1017.44,-0.690098,-0.761919,0.220215,-3.98786,1.02459,6.66955
86.6826,84.3504,-1.77451,702.479,121.947,2.98826,-0.179875,1.61416,3636,-0.01677,2.98826,-0.000195997,78.7435,1017.01,0.336601,0.0420445,-0.0296424,-3.82369,1.11855,6.50159
81.0362,78.4584,-0.896042,695.482,118.874,2.98826,0.216541,6.27859,3635,-0.07371,2.98826,-0.000783997,73.8162,1016.32,0.903491,-0.584566,2.42829,-4.19094,1.03318,5.48401
86.8871,79.7678,-0.910889,690.986,115.705,2.98826,0.186222,8.07889,3636,0.15249,2.98826,-0.00117599,67.7738,1014.98,1.01671,-0.239165,0.381016,-4.32815,1.0654,3.85201
86.1302,85.7824,0.548728,688.746,113.471,2.98826,0.0341674,9.01996,3635,-0.08736,2.98826,-0.00352799,64.5558,1014.55,2.08723,0.528759,0.634757,-4.15811,1.01292,2.69905
83.2865,80.5656,1.39211,689.596,111.556,2.98826,0.549342,7.46515,3635,0.18915,2.98826,-0.001372,62.3919,1013.9,2.67139,0.0888653,0.616477,-4.5719,1.0777,2.86183
84.3913,83.6957,1.71899,689.821,109.098,2.98826,0.973215,7.75156,3635,-0.49647,2.98826,-0.00196,61.8114,1012.7,2.76054,-0.150679,2.16523,-4.94918,0.949101,2.56512
84.0844,79.911,1.7989,688.265,109.29,2.98826,1.03466,5.58302,3636,-0.26286,2.98826,-0.002548,61.2849,1012.91,2.77164,-0.718945,1.46891,-5.07983,1.06842,4.11906
83.2047,83.1024,0.707689,689.406,106.668,2.98826,-0.0769108,5.60347,3636,0.09711,2.98826,0.000392,61.2017,1011.9,2.23852,-1.04729,-0.121819,-4.16824,0.959686,3.46777
82.3864,81.6703,0.235598,694.726,105.374,2.98826,-1.1125,10.4111,3636,-0.14235,2.98826,0.003528,61.0468,1011.53,1.92497,-1.22842,-4.26192,-3.33203,1.03534,4.34973
