85.3323,83.1433,3.85944,2265.87,199.901,-89.0326,5.16817,0.223019,115,-0.09633,-89.0326,0.056448,70.0067,1006.6,4.08661,-21.998,0.425549,-74.0752,1.02303,20.9232
85.23,83.041,3.74502,2254.76,199.723,-89.0326,5.1927,0.14119,116,-0.09672,-89.0326,0.049196,70.0698,1006.87,4.10258,-20.9165,0.615859,-75.9344,1.1088,20.8194
84.9845,82.8365,3.81649,2242.41,199.565,-89.0326,5.16722,0.0388985,116,-0.09243,-89.0326,0.040964,70.1683,1007.12,4.12522,-19.6017,0.311878,-77.8365,1.02228,19.8392
84.6981,82.5705,3.62386,2231.1,199.339,-89.0326,5.11645,-0.0838509,115,-0.08775,-89.0326,0.039984,70.7309,1007.37,4.08696,-18.2336,0.487891,-79.3925,1.07384,20.0572
84.1867,82.5705,3.66595,2220.8,199.172,-89.0326,4.98512,-0.124767,116,-0.08424,-89.0326,0.030968,71.0493,1007.5,4.10136,-16.5409,0.137748,-80.9409,1.01181,19.2345
84.5549,83.1638,3.33262,2210.15,199.273,-89.0326,4.86378,-0.145226,115,-0.08385,-89.0326,0.024892,71.3767,1007.78,4.06849,-14.8359,0.483044,-82.1293,1.0521,18.9443
84.6572,82.8365,3.39245,2198.11,199.033,-89.0326,4.81353,-0.165684,115,-0.08034,-89.0326,0.01764,68.3533,1008.43,4.03685,-13.8691,0.283472,-83.448,0.985418,18.3301
84.3504,81.7113,3.29199,2188.3,198.997,-89.0326,4.77071,-0.206596,116,-0.07449,-89.0326,0.013524,68.4448,1008.54,4.06509,-12.6034,0.567554,-84.5002,1.04083,17.8358
83.8184,82.0181,3.07468,2177.75,198.769,-89.0326,4.67757,-0.370262,116,-0.07176,-89.0326,0.01078,71.5411,1008.94,3.99484,-10.4274,0.0690168,-85.5613,0.976691,17.9618
83.8798,82.1409,3.04249,2165.5,198.728,-89.0326,4.54322,-0.431637,115,-0.07098,-89.0326,0.008624,71.4433,1009.26,3.94394,-8.23665,0.320237,-86.1859,1.00652,17.1119
83.9003,84.2276,2.98202,2153.67,198.668,-89.0326,4.39662,-0.656673,115,-0.06864,-89.0326,0.007056,68.7974,1009.68,3.87794,-6.08531,-0.0398645,-86.7931,0.959823,16.5794
86.4984,86.1302,2.49572,2141.89,198.567,-89.0326,4.21947,-0.69759,115,-0.06435,-89.0326,0.004312,65.256,1009.95,3.52732,-5.31448,0.16384,-86.9827,0.961326,15.7265
87.0099,83.9003,2.67465,2130.63,198.374,-89.0326,3.94396,-0.493011,116,-0.0624,-89.0326,0.002548,63.2807,1010.24,3.33828,-6.67264,0.381261,-87.2707,0.938696,14.8555
86.1097,83.8594,2.83921,2117.81,198.419,-89.0326,3.74305,-0.452095,116,-0.0624,-89.0326,-0.000195997,62.2696,1010.7,3.27183,-7.22203,0.804848,-87.5558,0.989537,13.8723
85.6801,83.4911,2.99741,2102.56,198.374,-89.0326,3.87734,-0.206596,116,-0.05889,-89.0326,-0.00215598,61.9635,1011.21,3.21865,-7.37193,0.203549,-88.376,0.9671,14.1298
85.9052,83.8798,3.6791,2090.28,198.156,-89.0326,4.06171,-0.00201797,116,-0.05889,-89.0326,-0.00391998,61.6515,1011.49,3.52801,-6.88283,0.421285,-89.1043,1.03473,14.9186
85.7415,83.3888,3.71171,2076.16,198.036,-89.0326,4.13104,-0.0838509,116,-0.05616,-89.0326,-0.0049,61.6615,1011.9,3.75139,-6.93925,0.0464865,-89.8664,1.02327,14.9605
85.4142,83.307,3.1186,2060.52,197.71,-89.0326,3.99763,-0.411179,115,-0.05616,-89.0326,-0.00548799,61.5129,1012.18,3.52836,-6.37843,0.656709,-90.2482,0.99475,14.9113
85.4346,82.9797,2.80961,2046.31,197.193,-89.0326,4.00632,-0.39072,115,-0.05577,-89.0326,-0.00705598,61.5871,1012.36,3.35204,-5.59898,-0.018841,-90.8803,0.956727,15.0046
84.9232,82.6319,3.42888,2033.75,197.041,-89.0326,3.91385,-0.0633926,115,-0.05538,-89.0326,-0.00685997,61.5174,1012.69,3.55107,-4.65313,0.46767,-91.1798,1.01865,14.5968
84.7595,82.7956,3.67056,2020.12,197.022,-89.0326,3.80896,-0.0838509,115,-0.05265,-89.0326,-0.00783999,61.5276,1013.13,3.76694,-3.24883,0.0290088,-91.5463,1.00691,13.8173
84.8004,83.2252,3.58093,2006.15,196.809,-89.0326,3.72629,-0.0429344,115,-0.05226,-89.0326,-0.00587998,61.4556,1013.49,3.82398,-1.83387,0.343157,-91.6307,1.01361,14.0739
84.8823,83.307,4.12358,1997.59,196.696,-89.0326,3.6424,0.32531,116,-0.04953,-89.0326,-0.00666399,61.5116,1013.75,4.39205,-0.938837,-0.148664,-91.7704,1.03782,13.2922
84.9027,83.9821,4.30901,1988.15,196.212,-89.0326,3.49497,0.263935,116,-0.04407,-89.0326,-0.00646798,61.4041,1013.65,4.9593,-0.0111497,0.497238,-91.5942,1.07528,12.8889
85.1278,83.9412,3.90844,1978.55,195.317,-89.0326,3.43855,0.0388985,115,-0.04134,-89.0326,-0.00627197,61.4922,1013.38,5.09452,0.312047,-0.213603,-91.6043,1.02621,12.9667
85.1687,83.9207,3.8062,1971.51,194.722,-89.0326,3.20837,-0.00201797,116,-0.03783,-89.0326,-0.00509598,61.4607,1013.31,4.99722,0.17529,0.509704,-91.2549,1.00938,12.1038
85.1891,83.9821,3.85918,1966.87,194.208,-89.0326,3.00745,-0.00201797,116,-0.03081,-89.0326,-0.0049,61.464,1013.12,5.08048,0.269025,0.127813,-91.1277,0.98985,11.065
85.1891,83.9617,3.73938,1960.4,193.829,-89.0326,3.02521,-0.0429344,116,-0.02808,-89.0326,-0.004312,61.476,1013.11,5.07169,0.603074,0.506455,-90.998,0.997762,10.9543
85.7619,84.5549,3.90935,1955.14,193.662,-89.0326,3.08256,-0.0838509,116,-0.02028,-89.0326,-0.00450798,61.4822,1013.2,5.16394,0.674226,-0.133684,-91.0434,0.987217,10.9159
85.721,84.514,3.14632,1943.95,192.812,-89.0326,3.12498,-0.861256,116,-0.01599,-89.0326,-0.0049,61.4611,1012.87,4.52698,0.454822,0.642803,-90.9209,0.941209,11.2779
85.721,83.7162,2.18563,1931.69,191.782,-89.0326,3.21554,-0.677132,115,-0.01053,-89.0326,-0.00529199,61.5181,1012.65,3.49285,0.0428256,-0.203158,-91.0555,0.835673,12.1255
85.6392,83.8594,3.04734,1923.55,191.539,-89.0326,3.02729,-0.554382,115,-0.00740999,-89.0326,-0.00607599,61.456,1013.01,3.30646,-0.0893595,0.757845,-90.8049,0.914145,11.2816
85.6597,84.3708,2.98919,1907.83,191.982,-89.0326,3.0036,-0.51347,116,-0.00585002,-89.0326,-0.00529199,61.5009,1013.74,2.96625,0.255244,-0.0188998,-90.8512,0.906981,10.9067
85.7006,84.3913,3.50618,1890.54,191.931,-89.0326,3.05808,-0.267971,116,-0.00467998,-89.0326,-0.00509598,61.4641,1014.33,2.78584,0.34481,0.628044,-90.7677,0.946484,10.9773
85.6597,84.1253,3.62632,1871.73,192.105,-89.0326,3.07008,-0.267971,115,-0.00467998,-89.0326,-0.00509598,61.4545,1015.05,2.70978,-0.11434,-0.248322,-90.8631,0.953077,10.9466
85.6801,84.0435,3.60175,1852.09,192.348,-89.0326,2.89344,-0.227055,115,-0.00702,-89.0326,-0.00470399,61.4369,1015.89,2.46273,-0.626911,0.848553,-90.6261,0.96266,10.9629
85.6392,84.2276,3.75499,1832.85,192.724,-89.0326,2.86411,0.386684,116,-0.00546003,-89.0326,-0.00470399,61.4836,1016.85,2.67526,-0.572904,0.0277545,-90.7389,0.98018,10.705
85.6801,83.307,4.53664,1815.15,193.041,-89.0326,2.89594,0.284393,115,-0.00624001,-89.0326,-0.00587998,61.4605,1017.62,3.21784,-0.668134,0.638884,-90.7404,1.05514,10.9577
85.2096,83.4502,4.0327,1792.94,193.024,-89.0326,2.86898,-0.0633926,116,-0.00779999,-89.0326,-0.00411599,61.5178,1018.35,3.07887,-0.519397,-0.0694104,-90.8742,0.995868,10.959
85.23,83.4911,3.77711,1774,193.062,-89.0326,2.84796,0.0388985,116,-0.01053,-89.0326,-0.00509598,61.4416,1019.09,2.98196,0.221184,0.708753,-90.7853,0.991846,10.9521
85.2505,84.8209,4.01866,1754.82,193.203,-89.0326,2.86197,-0.0633926,115,-0.01131,-89.0326,-0.004312,61.4544,1019.87,3.06809,0.672626,-0.359698,-90.8636,0.986861,10.9574
85.8438,84.8413,3.5717,1736.34,193.38,-89.0326,2.7714,-0.0633926,197,-0.01326,-89.0326,-0.00450798,61.4546,1020.56,2.91765,0.195996,0.764043,-90.6192,0.991581,10.1194
86.0688,83.4297,2.86693,1714.75,193.362,-89.0326,2.68949,-0.820339,310,-0.01248,-89.0326,-0.00235199,61.453,1021.29,2.46157,-0.930401,-0.037163,-90.6443,1.0062,9.91182
85.6801,83.6957,1.06752,1690.08,193.047,-89.0326,2.69068,-1.94553,434,-0.01248,-89.0326,-0.00235199,61.4378,1021.97,1.44004,-1.13076,0.936975,-90.6803,0.95158,10.003
85.6801,82.6933,1.0077,1670.85,193.096,-89.0326,2.83714,-1.67957,553,-0.01209,-89.0326,-0.00215598,61.4825,1022.73,1.30007,-1.06634,-0.478418,-91.0267,0.995575,10.7501
84.9027,82.6933,0.611089,1651.07,192.935,-89.0326,2.82406,-2.82522,664,-0.01287,-89.0326,1.8858e-15,61.3981,1023.27,1.38687,-0.58873,0.866397,-91.0266,1.07391,11.0865
85.0459,82.8978,-0.305025,1632.54,192.566,-89.0326,2.77948,-2.55927,787,-0.01287,-89.0326,0.003332,61.4363,1023.68,1.25361,0.17137,-0.456387,-91.1358,1.05511,10.3118
85.1073,83.0615,-1.05087,1617.79,192.021,-89.0326,2.75532,-3.664,894,-0.01053,-89.0326,0.001568,61.4252,1023.83,1.32947,0.791703,0.924615,-90.985,1.09619,9.88731
85.1278,83.082,-3.11491,1601.33,191.18,-89.0326,2.72793,-4.72782,1018,-0.00936002,-89.0326,0.001568,61.4061,1023.9,0.288169,1.25566,-0.578611,-90.981,0.957857,10.0078
85.1687,84.5958,-4.03952,1589.71,190.823,-89.0326,2.65738,-5.0756,1126,-0.00858003,-89.0326,0.00294,61.431,1024.05,-0.462039,1.83728,1.07978,-90.6937,0.92125,9.91212
85.7415,83.9821,-4.0872,1574.74,190.555,-89.0326,2.63808,-5.15743,1249,-0.00663001,-89.0326,0.002156,61.4506,1024.4,-0.915333,1.80833,-0.696794,-90.6055,0.908633,10.0411
85.7006,83.8798,-3.94976,1558.43,190.403,-89.0326,2.54791,-5.05515,1373,-0.00624001,-89.0326,0.003136,61.4288,1024.89,-1.14535,1.38431,1.31873,-90.2823,0.949274,9.34692
85.721,84.0639,-4.09055,1539.82,190.285,-89.0326,2.47486,-5.09606,1481,-0.00585002,-89.0326,0.002744,61.4,1025.48,-1.46144,1.28372,-0.704239,-90.2125,0.938269,8.86804
85.8438,83.6752,-4.12274,1520.04,190.151,-89.0326,2.47463,-5.15743,1606,-0.00663001,-89.0326,0.005292,61.4252,1026.07,-1.63153,0.92107,1.43642,-90.0021,0.966676,9.02862
85.7415,83.7162,-3.88046,1499.83,190.02,-89.0326,2.47216,-5.09606,1714,-0.00818998,-89.0326,0.004312,61.4923,1026.71,-1.53853,0.485132,-0.980537,-90.0166,0.993136,8.90752
85.7006,83.7775,-3.85408,1480.69,189.703,-89.0326,2.44093,-5.34156,1839,-0.00897002,-89.0326,0.006076,61.38,1027.12,-1.42611,0.325421,1.76515,-89.8623,1.02233,9.03381
85.6801,83.6139,-4.31262,1461.27,189.206,-89.0326,2.38249,-5.56659,1963,-0.01287,-89.0326,0.00686,61.4293,1027.52,-1.58963,0.0365302,-1.38033,-89.8863,0.991334,8.78936
85.6392,83.6139,-4.3631,1442.57,188.597,-89.0326,2.28203,-5.50522,2075,-0.01248,-89.0326,0.005684,61.5001,1027.82,-1.58585,-0.0648537,2.37915,-89.6928,1.01786,7.98353
85.9665,83.307,-4.41607,1425.52,188.035,-89.0326,2.24667,-5.36202,2200,-0.01404,-89.0326,0.006272,61.432,1028.06,-1.40863,-0.300718,-1.96673,-89.7525,1.0381,7.95962
85.6392,82.5296,-4.54938,1413.16,187.174,-89.0326,2.2567,-5.7098,2325,-0.01053,-89.0326,0.00882,61.388,1027.96,-1.04819,-0.300418,3.37372,-89.6908,1.09989,7.98095
84.9232,82.7751,-6.10017,1399.85,185.131,-89.0326,2.32811,-6.65087,2433,-0.01209,-89.0326,0.007644,61.4036,1027.19,-1.53046,0.253584,-3.68561,-89.8576,1.02315,7.95131
85.0664,83.9617,-6.34314,1385.53,183.46,-89.0326,2.39822,-6.65087,2433,-0.0117,-89.0326,0.006076,61.4655,1026.61,-1.62548,1.0549,6.32216,-89.7688,1.01476,8.0098
85.3732,82.6319,-6.54956,1371.61,181.356,-89.0326,2.48881,-7.34644,2433,-0.00467998,-89.0326,0.006664,61.5036,1025.87,-1.62556,1.213,-15.6098,-89.8121,0.995522,8.65444
84.8823,83.2252,-7.10036,1362.13,179.379,-89.0326,2.31265,-7.53056,2433,-0.000779989,-89.0326,0.007644,61.3332,1024.98,-2.22114,1.48095,-8.93543,-89.4054,0.928201,8.01081
85.9461,84.3094,-6.54706,1348.92,177.744,-89.0326,2.4242,-6.71224,2433,0.00078,-89.0326,0.007252,61.4724,1024.44,-2.33162,1.66115,-8.46732,-89.4496,0.927883,8.19815
85.8438,83.0615,-5.85622,1334.64,176.191,-89.0326,2.36853,-6.8759,2433,0.00117,-89.0326,0.006076,61.3538,1024.04,-2.11085,0.750109,-16.3475,-89.1415,0.991579,7.9847
85.3119,83.573,-6.05539,1321.09,174.497,-89.0326,2.1863,-6.99865,2433,0.00195,-89.0326,0.0049,61.4694,1023.5,-2.43448,0.633337,8.63418,-89.0088,0.942767,7.95389
85.5574,83.7775,-5.55226,1306.41,173.13,-89.0326,2.37151,-6.40537,2433,0.00156,-89.0326,0.007252,61.4457,1023.29,-2.35887,0.67927,-13.0944,-88.9796,0.964574,7.98326
85.5369,83.8184,-4.89575,1290.34,171.641,-89.0326,2.46575,-6.52812,2433,0.00273,-89.0326,0.007644,61.3527,1022.94,-2.02564,0.205929,-23.2337,-89.0957,0.99841,7.9543
85.5369,83.7366,-4.7643,1275.28,170.342,-89.0326,2.40647,-6.0985,2433,0.00429,-89.0326,0.0049,61.473,1022.75,-1.95033,-0.0822767,-11.1937,-88.9069,0.994791,7.9833
85.4755,82.9387,-4.27023,1260.15,168.925,-89.0326,2.4767,-6.11896,2433,0.00468,-89.0326,0.004116,61.3879,1022.52,-1.59318,-0.248733,4.2795,-89.0789,1.01335,7.954
85.1482,84.1662,-4.26922,1245.89,167.603,-89.0326,2.50513,-6.03713,2433,0.0039,-89.0326,0.002548,61.4318,1022.23,-1.54575,0.037259,-2.4031,-88.998,0.997128,7.98379
86.3552,83.9617,-3.94166,1230.85,166.296,-89.0326,2.54322,-5.91438,2433,0.00507,-89.0326,0.003332,61.3832,1022.02,-1.36648,-0.0104204,2.38046,-89.1206,0.991646,7.95334
85.8438,83.5934,-3.74338,1219.04,164.926,-89.0326,2.55348,-5.97575,2433,0.00429,-89.0326,0.00196,61.3714,1021.75,-1.21301,-0.564108,-1.26285,-89.0236,1.00186,7.98463
85.4551,83.2661,-3.70717,1204.07,163.509,-89.0326,2.59538,-6.05759,2433,0.00546,-89.0326,0.004508,61.4472,1021.46,-1.27233,-0.763095,1.89751,-89.2084,0.977908,7.9523
85.4551,83.573,-3.69746,1190.09,162.219,-89.0326,2.57406,-5.83255,2433,0.00936,-89.0326,0.000588,61.3003,1021.25,-1.33156,-0.577952,-22.1071,-89.1532,0.970784,7.98594
85.5574,84.0026,-3.35056,1175.61,160.95,-89.0326,2.62822,-5.83255,2544,0.00741,-89.0326,0.000784,61.4596,1021.06,-1.2655,-0.455321,1.49907,-89.3465,0.986996,7.95062
85.5574,83.798,-3.59577,1161.37,159.577,-89.0326,2.63143,-5.87346,2652,0.00702,-89.0326,0.000392,61.3126,1020.89,-1.36956,-0.725983,-0.654311,-89.277,1.02355,7.98815
85.496,83.2661,-4.3003,1146.04,157.98,-89.0326,2.66724,-6.0985,2777,0.00624,-89.0326,-0.00176399,61.3663,1020.57,-1.44663,-0.863068,1.35403,-89.4967,1.04494,7.94762
85.496,83.0001,-5.66388,1133.81,156.221,-89.0326,2.6801,-7.10094,2887,0.0078,-89.0326,-0.000391977,61.4456,1020.11,-2.02168,-0.802793,-0.579394,-89.487,1.02096,7.99241
85.2096,83.0001,-6.63768,1123.09,154.477,-89.0326,2.65018,-7.30552,2996,0.00663,-89.0326,-0.000979977,61.3077,1019.57,-2.40159,-0.477793,1.2823,-89.623,1.02315,7.94118
85.271,83.6957,-7.92886,1112.35,152.201,-89.0326,2.72687,-8.73758,2996,0.01053,-89.0326,-0.00176399,61.4329,1018.79,-3.0914,-0.0571975,-0.751238,-89.5911,0.972651,8.00302
85.3119,83.082,-8.5737,1101.68,150.371,-89.0326,2.78377,-8.53301,2996,0.01287,-89.0326,-0.00352799,61.3744,1018.23,-3.69154,-0.0689962,1.10403,-89.7288,0.909814,7.92103
85.23,84.7595,-7.98502,1089.45,148.925,-89.0326,2.72082,-8.92171,2996,0.0156,-89.0326,-0.00274398,61.4239,1017.98,-3.85466,-0.0852467,-0.428052,-89.5541,0.926985,8.05322
86.0279,83.3684,-7.01591,1075.65,147.459,-89.0326,2.62194,-7.83743,2996,0.01638,-89.0326,-0.00391998,61.4017,1017.76,-3.61792,-0.543932,1.28131,-89.561,0.953411,7.5965
85.5778,83.4297,-6.40705,1060.85,146.313,-89.0326,2.50311,-7.77606,2996,0.01599,-89.0326,-0.00411599,61.34,1017.69,-3.30974,-0.688799,-0.246326,-89.4222,0.987071,6.88502
85.5983,83.4911,-6.11558,1045.41,144.845,-89.0326,2.57985,-7.81697,2996,0.0117,-89.0326,-0.0049,61.3987,1017.55,-3.42636,-0.517042,0.850206,-89.64,0.963677,7.02553
84.7186,82.7546,-5.73198,1029.27,143.559,-89.0326,2.63007,-6.79408,2996,0.01131,-89.0326,-0.00587998,61.3571,1017.47,-3.32073,-0.253865,-0.46453,-89.6366,0.970464,6.9294
85.0664,83.6957,-4.49773,1015.12,142.143,-89.0326,2.66959,-6.85545,2996,0.0078,-89.0326,-0.00568398,61.4284,1017.35,-2.61971,0.186249,0.765592,-89.7632,1.00987,7.01617
85.2505,83.8389,-4.13751,999.487,140.986,-89.0326,2.62931,-6.91682,2996,0.00897,-89.0326,-0.00627197,61.3486,1017.36,-2.29336,0.277405,-0.251737,-89.5631,1.01492,6.91965
85.3119,84.1867,-3.77245,986.042,139.681,-89.0326,2.53867,-6.54858,2996,0.00156,-89.0326,-0.00627197,61.364,1017.21,-1.87122,0.238656,0.993268,-89.5258,1.01362,7.05495
85.3323,84.1662,-3.27144,973.149,138.205,-89.0326,2.48962,-6.52812,3013,0.00156,-89.0326,-0.004312,61.31,1016.95,-1.60715,0.0615583,-0.148373,-89.3251,1.01029,6.74464
85.3528,84.2071,-3.24533,960.518,136.926,-89.0326,2.48171,-6.56903,3106,-0.00116998,-89.0326,-0.00274398,61.3725,1016.88,-1.55321,-0.13614,0.9256,-89.3951,1.01099,6.33351
85.3732,83.9003,-4.25206,945.961,135.529,-89.0326,2.54004,-6.56903,3230,-0.00155997,-89.0326,8.62922e-16,61.2648,1016.77,-2.02994,-0.267182,-0.234347,-89.3396,1.02332,7.07955
85.4755,83.1638,-5.63361,933.88,134.415,-89.0326,2.61849,-5.87346,3340,-0.00273001,-89.0326,-0.00235199,61.3521,1016.66,-2.52346,-0.44442,0.860011,-89.5347,1.00794,6.90522
85.1482,84.3094,-5.85975,924.65,132.894,-89.0326,2.69496,-6.15988,3464,0.00429,-89.0326,-0.00235199,61.3693,1016.37,-2.2803,-0.582328,-0.269895,-89.5453,1.05429,7.02485
85.4142,81.9159,-6.52087,916.101,131.154,-89.0326,2.71174,-6.81453,3575,0.00663,-89.0326,-0.00333198,62.1615,1015.91,-2.26926,-0.765159,1.01688,-89.7344,1.0541,6.92816
84.1458,82.2841,-8.66758,909.942,129.279,-89.0326,2.72383,-8.30796,3637,0.00819,-89.0326,-0.00235199,69.8358,1015.38,-3.4323,-0.473009,-0.367676,-89.7384,0.983279,7.01283
84.4936,83.6752,-10.5461,904.04,128.578,-89.0326,2.90113,-7.3669,3638,0.01287,-89.0326,-0.00587998,80.0124,1015.28,-4.62674,0.391457,0.378229,-90.0137,0.889445,6.93502
85.1687,83.1433,-9.54496,893.445,128.663,-89.0326,2.94993,-7.18278,3637,0.02106,-89.0326,-0.003724,80.3808,1015.64,-4.57109,0.546268,-0.0650586,-89.8673,0.940627,7.00889
85.1073,83.4911,-8.76449,882.566,128.413,-89.0326,2.90238,-7.34644,3637,0.01716,-89.0326,-0.00391998,81.8359,1016,-4.48397,0.725955,0.732923,-89.8699,0.963544,6.93705
85.1891,84.8004,-8.4404,869.927,128.479,-89.0326,2.91068,-7.16232,3637,0.01521,-89.0326,-0.00293999,80.6118,1016.41,-4.50747,0.797399,-0.200461,-89.6707,0.973642,7.00827
85.7619,83.3684,-8.07303,857.724,128.673,-89.0326,2.91999,-6.54858,3637,0.01677,-89.0326,-0.00235199,79.2163,1016.95,-4.21189,0.450045,0.772381,-89.7108,0.993332,6.93651
85.6187,84.2071,-7.55173,846.046,128.618,-89.0326,2.83243,-7.01911,3637,0.01638,-89.0326,-0.00470399,79.2202,1017.38,-3.83159,0.154843,0.045547,-89.4812,1.01906,7.0099
85.5778,84.1867,-8.34858,833.25,128.564,-89.0326,2.82364,-7.63285,3637,0.01989,-89.0326,-0.00352799,79.5022,1017.71,-4.29789,-0.205662,0.83371,-89.5876,0.977855,6.93371
85.4142,83.9821,-9.07221,822.026,128.436,-89.0326,2.75125,-7.46919,3637,0.01599,-89.0326,-0.00685997,78.6828,1018.11,-4.89391,-0.509583,0.0140832,-89.4721,0.946448,7.01407
85.4142,83.2661,-9.02149,807.934,128.244,-89.0326,2.7828,-7.26461,3637,0.01638,-89.0326,-0.00235199,78.4722,1018.48,-5.1957,-0.837672,0.776097,-89.6678,0.947875,6.92775
85.3528,83.2047,-8.73792,794.965,128.346,-89.0326,2.74488,-6.69178,3637,0.01326,-89.0326,-0.00646798,79.9574,1019.01,-5.16887,-1.02352,0.071386,-89.6719,0.963472,7.02258
85.2505,83.0206,-8.05627,780.646,128.479,-89.0326,2.70288,-6.71224,3637,0.01092,-89.0326,-0.002548,79.7514,1019.6,-4.7304,-0.902379,0.876663,-89.8952,1.00131,6.91526
85.1482,83.2252,-7.70807,766.107,128.369,-89.0326,2.67987,-6.54858,3637,0.00429,-89.0326,-0.004312,79.8925,1020.09,-4.35169,-0.526276,-0.103844,-89.8813,1.01269,7.04207
85.2505,85.496,-7.42187,752.549,128.068,-89.0326,2.76337,-6.91682,3637,0.00429,-89.0326,-0.00235199,79.7214,1020.4,-4.07943,-0.27887,0.513106,-90.1237,1.01921,6.88126
86.3143,83.6139,-7.45097,741.726,127.833,-89.0326,2.78748,-6.79408,3637,0.00234,-89.0326,-0.00293999,79.8411,1020.78,-4.03941,-0.872719,0.0490667,-90.0819,1.00514,7.11665
84.5549,82.4068,-7.98507,728.825,127.593,-89.0326,2.65983,-6.81453,3637,0.00351,-89.0326,-0.003724,79.7055,1021.09,-4.1039,-1.09977,0.969465,-90.2397,0.57976,6.25196
84.0844,82.4682,-8.20189,717.009,127.294,-89.0326,2.66976,-6.85545,3637,0.00078,-89.0326,-0.00548799,79.7794,1021.39,-4.17953,-0.310871,-0.535665,-90.2599,0.368595,6.28035
84.6777,83.4911,-7.88552,704.276,126.949,-89.0326,2.94384,-6.85545,3637,0.00078,-89.0326,-0.00940798,79.7054,1021.67,-4.26166,0.271884,0.0852823,-90.6614,-1.25524,7.08818
84.6368,83.3274,-7.80201,693.09,126.865,-89.0326,2.94162,-6.40537,3637,-0.00506997,-89.0326,-0.00842799,79.7541,1022.08,-4.19333,0.308907,0.277358,-90.4929,-0.351825,6.90987
84.5958,83.9821,-7.07884,681.508,126.576,-89.0326,2.79223,-6.20079,3637,-0.00585002,-89.0326,-0.00568398,79.6493,1022.4,-3.71521,0.491774,0.800317,-90.4328,-0.606139,7.01328
85.3528,85.1891,-6.67619,670.097,126.261,-89.0326,2.811,-6.52812,3637,-0.00818998,-89.0326,-0.004312,79.6707,1022.7,-3.28466,0.577925,-0.0922366,-90.242,-0.317612,6.94458
86.212,84.5345,-6.50553,658.353,125.816,-89.0326,2.7862,-6.18033,3637,-0.00585002,-89.0326,-0.00940798,79.6866,1022.86,-3.13056,-0.110986,0.89249,-90.2661,0.151324,6.98326
86.1097,83.7366,-6.31786,649.802,125.37,-89.0326,2.68613,-5.79163,3637,0.00078,-89.0326,-0.00685997,79.7432,1023.05,-2.81759,-0.808685,0.234681,-90.1057,0.252415,6.13922
85.721,81.343,-5.8675,641.031,124.852,-89.0326,2.62077,-5.853,3637,0.00195,-89.0326,-0.004312,79.6946,1023.17,-2.34266,-1.09564,0.93679,-90.3165,-0.28155,5.89812
83.5116,81.4658,-6.24305,632.605,124.074,-89.0326,2.62436,-6.58949,3637,0.00936,-89.0326,-0.00881998,79.7538,1023.17,-2.49118,-0.209562,-0.167217,-90.3235,-0.231673,6.15664
85.7824,85.4346,-6.63025,624.883,123.599,-89.0326,2.87694,-6.01667,3637,0.01326,-89.0326,-0.000391977,79.7146,1023.27,-2.73796,0.815116,0.0146701,-90.6322,-0.0440028,6.94301
86.1916,83.041,-6.20931,614.983,123.316,-89.0326,2.99593,-5.97575,3637,0.02262,-89.0326,0.002352,79.7618,1023.47,-2.4785,0.518419,0.0518322,-90.4937,0.672129,7.0267
85.0459,82.1409,-5.81577,606.912,122.81,-89.0326,2.85619,-6.30308,3637,0.02808,-89.0326,-1.78898e-17,79.7314,1023.62,-2.45599,0.551825,1.00817,-90.4206,0.567541,6.77057
85.8233,85.3528,-6.09227,597.67,122.405,-89.0326,2.81766,-6.58949,3637,0.03198,-89.0326,0.00392,79.7682,1023.79,-2.80139,0.885087,-0.167612,-90.1608,0.285497,6.55738
85.8233,81.6294,-6.68,587.023,122.013,-89.0326,2.97041,-6.75316,3636,0.0351,-89.0326,-0.00215598,79.7459,1023.95,-3.43396,0.58149,0.620161,-90.3092,0.818635,7.10581
84.1049,84.0435,-6.45652,577.222,122.069,-89.0326,2.8603,-5.21881,3637,0.03549,-89.0326,-0.000195997,79.7591,1024.39,-3.53783,1.11007,0.103287,-90.0196,1.01701,6.87551
85.8642,85.1278,-5.16693,563.872,122.033,-89.0326,2.97731,-5.60751,3637,0.03237,-89.0326,0.000784,79.7438,1024.8,-2.85245,1.53253,0.237527,-90.0279,0.937635,7.06174
86.0279,84.5958,-4.73678,552.923,121.739,-89.0326,2.96787,-6.07804,3637,0.0312,-89.0326,0.008036,79.761,1025.1,-2.59937,1.05935,0.269237,-89.6819,1.11382,6.87626
85.8642,84.4731,-5.19145,542.256,121.493,-89.0326,2.94483,-5.79163,3637,0.0351,-89.0326,0.002744,79.7751,1025.42,-2.75363,0.520475,0.574885,-89.6696,0.582456,7.10446
85.987,83.7366,-4.90415,531.323,121.537,-89.0326,2.8525,-5.40293,3637,0.02964,-89.0326,-0.00176399,80.3894,1025.83,-2.55595,-0.205734,0.44602,-89.4213,0.70319,6.55031
85.23,83.4502,-4.68328,520.445,121.235,-89.0326,2.72239,-5.9553,3637,0.03315,-89.0326,2.52563e-17,80.6891,1026.1,-2.40387,-0.583347,0.90011,-89.4889,1.1893,5.94742
85.2505,84.8413,-4.67516,510.33,121.19,-89.0326,2.67482,-5.34156,3637,0.03666,-89.0326,-0.000979977,80.9762,1026.39,-2.29021,-0.427223,0.0513118,-89.3885,0.453982,5.94869
85.9461,83.9003,-4.31449,500.442,120.863,-89.0326,2.76955,-5.40293,3637,0.03861,-89.0326,-0.000195997,80.9919,1026.59,-1.94428,-0.474248,0.477342,-89.6577,0.881111,6.13164
85.5369,83.4093,-4.09309,491.076,120.601,-89.0326,2.9264,-5.42339,3638,0.04485,-89.0326,-0.014112,81.1512,1026.93,-1.67318,-0.668928,-0.155932,-89.7583,1.05244,6.96408
85.5778,82.5091,-4.19085,482.572,120.36,-89.0326,2.93947,-5.75072,3637,0.05616,-89.0326,-0.0049,81.3447,1027.14,-1.65248,-0.82991,0.938967,-89.9982,0.976853,6.9801
84.4526,85.4346,-4.60317,473.662,120.071,-89.0326,2.782,-6.15988,3637,0.0663,-89.0326,-0.00215598,81.426,1027.36,-1.90775,-0.574279,0.195988,-89.8425,0.99154,6.11507
86.3962,83.2456,-4.59567,464.044,119.995,-89.0326,2.85888,-5.77118,3637,0.07371,-89.0326,-0.00568398,81.4146,1027.64,-2.01303,-0.619085,0.511685,-90.1126,0.967932,5.96642
84.7186,81.9568,-4.37643,454.911,119.886,-89.0326,2.8453,-5.75072,3637,0.08697,-89.0326,0.00294,81.4293,1027.97,-2.02398,-0.779962,0.233269,-90.0731,0.99679,5.92783
84.023,81.9772,-4.49251,445.152,119.827,-89.0326,2.94286,-5.853,3637,0.09477,-89.0326,-0.00921197,81.417,1028.21,-2.06222,-0.0360894,0.157765,-90.4059,0.976027,6.57271
84.6981,82.4068,-4.54064,434.274,119.571,-89.0326,3.12742,-6.18033,3637,0.10803,-89.0326,0.001568,81.4438,1028.52,-2.31448,0.659635,-0.295381,-90.4206,0.972227,7.07797
84.3504,84.7391,-4.82483,424.624,119.364,-89.0326,3.2893,-5.81209,3637,0.11427,-89.0326,0.005488,81.4172,1028.85,-2.61924,1.00598,0.292635,-90.5902,0.957038,6.9089
85.496,82.4068,-4.59689,413.061,119.559,-89.0326,3.27691,-5.52568,3637,0.12246,-89.0326,4.12519e-16,81.4655,1029.32,-2.5724,0.994782,0.116632,-90.313,0.983022,7.01926
85.9256,84.3094,-4.10066,402.474,119.688,-89.0326,3.20965,-5.62797,3637,0.1326,-89.0326,0.009996,81.4294,1029.78,-2.39502,1.08934,0.563022,-90.2569,0.98672,6.9358
86.4166,83.9412,-4.2044,390.399,119.54,-89.0326,3.11794,-5.91438,3637,0.13416,-89.0326,-0.01862,81.4435,1030.15,-2.50529,0.569227,0.451392,-89.884,0.989482,7.00293
84.8209,86.1302,-4.28902,378.246,119.474,-89.0326,2.97813,-5.75072,3638,0.13377,-89.0326,0.019796,81.4032,1030.55,-2.69597,0.0480946,0.762348,-89.849,0.976887,6.94744
87.0508,81.4044,-4.49435,365.411,119.259,-89.0326,2.93397,-5.62797,3637,0.12948,-89.0326,-0.00783999,81.4326,1030.94,-2.7862,-0.759209,0.11753,-89.7102,0.981739,6.99357
83.8389,86.2734,-4.14462,353.745,119.065,-89.0326,2.93975,-5.09606,3637,0.12324,-89.0326,0.006664,81.3164,1031.32,-2.51292,-1.08403,0.438678,-90.0502,0.992603,6.95582
87.0713,80.1155,-3.20004,341.247,118.758,-89.0326,2.87253,-5.25972,3637,0.11544,-89.0326,0.00098,80.8121,1031.64,-1.82458,-1.18396,0.0536694,-90.0498,1.02783,6.98561
82.2432,80.3815,-2.70125,328.925,118.457,-89.0326,2.67336,-6.65087,3637,0.1209,-89.0326,-0.00274398,80.1834,1031.9,-1.44476,-0.451874,0.566018,-90.2313,1.02879,6.95463
82.6523,87.1531,-3.37718,317.616,118.405,-89.0326,2.46077,-6.58949,3637,0.12285,-89.0326,0.007448,80.2906,1032.43,-1.66082,1.26273,-0.241799,-89.8643,0.992833,6.15753
87.46,84.9641,-2.5115,306.676,117.785,-89.0326,2.38462,-5.15743,3637,0.13143,-89.0326,0.003136,77.4371,1032.47,-0.744015,1.08942,0.35952,-89.7089,1.03887,5.8791
86.703,83.0615,-1.53638,298.294,116.301,-89.0326,1.83972,-6.32354,3637,0.17394,-89.0326,-0.00705598,70.422,1032.1,-0.0209955,0.457664,1.18561,-88.9133,1.05252,5.40987
88.1965,84.4117,-1.80533,290.264,114.977,-89.0326,1.43333,-4.60507,3637,0.18564,-89.0326,-0.000391977,65.9924,1031.94,-0.0864391,0.477771,0.927661,-88.5846,1.00633,4.61586
85.8847,84.9641,-1.81858,283.481,113.978,-89.0326,1.43051,-3.70491,3637,0.12363,-89.0326,0.011564,63.366,1031.8,0.211242,0.223537,-0.000922892,-88.321,1.00701,3.95927
86.2325,84.9436,-0.569203,278.407,111.519,-89.0326,1.52743,-4.40049,3637,-0.0234,-89.0326,0.008036,62.232,1030.95,0.968504,-0.134309,0.468985,-88.5108,1.01352,4.86338
86.2529,84.2481,0.620852,273.225,109.877,-89.0326,1.48017,-0.69759,3637,-0.21762,-89.0326,-0.00352799,61.7197,1030.65,1.75949,-0.496854,0.501573,-88.2974,1.02249,4.69534
86.1711,84.6981,1.30121,270.315,108.206,-89.0326,1.44056,-2.3956,3637,0.039,-89.0326,0.008624,61.4603,1030.21,2.03708,-0.322968,0.623618,-88.4479,1.00229,4.7385
86.1916,86.0484,1.66402,267.367,106.169,-89.0326,1.61173,0.673096,3637,0.07644,-89.0326,0.015484,61.2747,1029.62,2.43983,-0.134522,-0.242021,-88.4292,0.986504,5.03948
