88.2578,83.307,-3.73151,11719.4,123.729,163.915,-2.63288,5.11248,3520,-7.66489e-16,-175.077,0.00098,74.1901,687.223,-4.82297,12.6002,-0.715049,-185.858,1.05505,6.67269
88.1351,83.2252,-3.97636,11690.6,123.893,163.915,-2.47561,5.03065,3521,-3.30038e-16,-175.077,-0.00548799,74.9615,688.096,-4.9782,11.7946,-0.858186,-165.521,1.01284,5.83552
88.1555,83.1638,-4.0123,11669.2,124.147,163.915,-2.49671,3.59859,3520,-5.84731e-16,-175.077,-0.00529199,74.9524,688.722,-4.98773,10.593,-0.345141,-178.605,1.05822,6.0791
88.0533,83.2047,-3.92021,11639.5,124.228,163.915,-2.56645,5.01019,3520,-5.85263e-16,-175.077,-0.003136,74.0196,689.53,-5.1174,9.36101,-0.571046,-165.608,1.01891,5.87336
87.9714,83.0206,-4.13445,11618,124.366,163.915,-2.6126,5.01019,3520,-8.22292e-16,-175.077,-0.012348,73.1716,690.147,-5.26107,8.08714,-0.369465,-174.174,1.04359,6.1816
87.8691,82.7546,-4.13445,11588.6,124.32,163.915,-2.72065,5.01019,3520,-2.2579e-15,-175.077,-0.00940798,72.6522,690.907,-5.31846,6.91793,-0.679122,-164.885,1.01047,6.93016
87.5009,82.9797,-4.272,11567,124.441,163.915,-2.7284,5.01019,3520,-1.78134e-14,-175.077,0.001764,72.2864,691.499,-5.40314,5.80098,-0.625527,-171.218,1.03743,7.00941
87.6236,82.9797,-4.4235,11538.1,124.397,163.915,-2.83694,5.01019,3520,-1.83504e-14,-175.077,0.004508,71.9302,692.278,-5.4938,4.88722,-0.655106,-164.161,1.00648,6.93179
87.6236,82.9592,-4.64896,11515.9,124.587,163.915,-2.8252,4.98973,3520,-1.67664e-14,-175.077,-0.017248,71.656,692.882,-5.57292,4.2288,-0.79511,-169.149,1.03375,7.01958
87.5623,82.9797,-4.70899,11486.6,124.567,163.915,-2.8139,4.96928,3520,-1.22358e-15,-175.077,-0.00450798,71.2845,693.687,-5.5849,3.52935,-0.981391,-163.695,1.00849,6.91623
87.46,82.9797,-4.59936,11462.8,124.651,163.915,-2.81797,4.94882,3520,-3.66618e-16,-175.077,-0.00960399,70.8145,694.259,-5.64121,2.79681,-0.735695,-167.718,1.03341,7.04663
87.419,82.9592,-4.65423,11433.6,124.689,163.915,-2.91262,4.98973,3520,-2.35464e-16,-175.077,-0.01176,70.5841,695.062,-5.73092,2.11017,-0.800321,-163.285,1.00559,6.85525
87.419,82.9592,-4.59569,11412.1,124.824,163.915,-3.03382,4.98973,3521,-6.94015e-16,-175.077,-0.000195997,70.4714,695.657,-5.7973,1.51241,-0.570587,-166.542,1.03082,7.39121
87.3372,82.9592,-4.65257,11382.2,124.68,163.915,-3.07788,4.94882,3520,-5.16624e-16,-175.077,-0.00764398,70.1768,696.426,-5.79401,1.02703,-0.934494,-163.047,1.00051,7.96501
86.8667,82.9592,-4.84166,11360,124.875,163.915,-3.04874,4.92836,3520,-0.0858,-175.077,-0.071736,69.9409,697.045,-5.67876,0.517496,-0.909297,-165.93,1.03121,7.46269
86.9894,82.9592,-4.56863,11330.9,124.699,163.915,-3.10363,4.9079,3520,-0.08502,-175.077,-0.075656,69.9739,697.767,-5.58822,0.155615,-0.968344,-163.114,1.01601,8.03181
86.8462,82.9387,-4.7377,11308.9,124.771,163.915,-3.07656,4.9079,3520,-0.0858,-175.077,-0.075852,70.3488,698.36,-5.72147,-0.0320492,-0.986222,-165.561,1.0292,7.93334
86.8871,82.9592,-4.76022,11279.5,124.763,163.915,-3.15307,4.9079,3520,-6.89958e-17,-175.077,-0.000587987,71.1282,699.142,-5.78802,-0.17281,-0.898332,-163.255,1.00184,7.99169
86.5189,82.9387,-4.8053,11258.1,124.789,163.915,-3.13914,4.92836,3520,-2.97069e-18,-175.077,0.009604,71.3658,699.685,-5.74766,-0.248052,-1.06636,-165.297,1.02858,7.95323
86.4575,82.9387,-4.8015,11227.7,124.673,163.915,-3.11242,4.9079,3520,-4.48298e-17,-175.077,0.005096,71.2319,700.485,-5.77219,-0.383192,-1.18673,-163.538,1.00507,7.97922
86.478,82.9183,-4.90117,11206.1,124.692,163.915,-3.15618,4.88744,3520,-1.6894e-16,-175.077,-0.00587998,71.1025,701.007,-5.87263,-0.398205,-0.828424,-165.157,1.0232,7.96205
86.7235,82.9387,-4.88309,11175.9,124.446,163.915,-3.23466,4.88744,3520,-1.03636e-15,-175.077,0.009604,71.044,701.763,-5.85052,-0.297383,-0.963759,-163.657,1.00384,7.97245
86.5393,82.9183,-4.74972,11153.9,124.552,163.915,-3.20499,4.76469,3520,-1.69173e-14,-175.077,0.001764,70.7125,702.353,-5.84465,-0.236714,-0.964765,-164.98,1.03109,7.9676
86.4984,82.8978,-4.70729,11123.2,124.358,163.915,-3.27212,4.78515,3521,-1.84383e-14,-175.077,-0.00529199,70.4632,703.073,-5.92209,-0.333953,-0.889014,-163.809,1.00139,7.96763
86.6212,82.8365,-4.77345,11101.8,124.447,163.915,-3.29916,4.74424,3520,-1.82924e-14,-175.077,0.015484,70.4169,703.692,-5.89465,-0.274884,-0.85317,-164.783,1.02692,7.972
86.4575,82.8978,-4.63805,11071.1,124.383,163.915,-3.22052,4.78515,3520,-2.26693e-15,-175.077,-0.00881998,70.5124,704.5,-5.85564,-0.228421,-1.24183,-164.049,1.00808,7.96339
86.3348,82.8365,-4.55116,11048.7,124.312,163.915,-3.15111,4.82607,3520,-7.29334e-16,-175.077,-0.000587987,70.5317,705.055,-5.87594,-0.255812,-0.881888,-164.8,1.02504,7.97631
86.478,82.8365,-4.50544,11018.1,124.065,163.915,-3.23842,4.84653,3520,4.9497e-17,-175.077,-0.00509598,70.5741,705.773,-5.85847,-0.168559,-0.901225,-164.214,1.00627,7.95878
86.5598,82.8978,-4.62425,10996.3,124.038,163.915,-3.23036,4.76469,3520,3.37323e-16,-175.077,-0.00921197,70.6903,706.375,-5.83271,-0.00845427,-0.807633,-164.603,1.02704,7.9815
86.6416,82.8774,-4.27496,10965.5,123.995,163.915,-3.24777,4.76469,3520,-2.03871e-19,-175.077,-0.00235199,71.0373,707.172,-5.82539,0.0273703,-0.903908,-164.311,1.01063,7.95261
86.6007,82.8774,-4.21811,10942.7,124.026,163.915,-3.22798,4.80561,3520,-1.19649e-15,-175.077,-0.014896,71.6479,707.809,-5.8118,0.0883296,-0.827723,-164.423,1.03011,7.98928
86.5393,82.9183,-4.33871,10912.2,123.788,163.915,-3.18817,4.80561,3521,-1.64116e-15,-175.077,-0.01764,72.111,708.514,-5.80674,0.0638977,-1.04594,-164.462,1.00962,7.94215
86.5393,82.8774,-4.40103,10890.4,123.856,163.915,-3.16695,4.80561,3520,-1.78375e-15,-175.077,-0.000783997,72.686,709.152,-5.81719,0.06791,-0.80825,-164.279,1.02545,8.00456
86.5598,82.8569,-4.43452,10859.7,123.831,163.915,-3.20964,4.82607,3521,-5.60733e-16,-175.077,-0.00960399,73.19,709.977,-5.83172,0.0531022,-0.93764,-164.551,1.00825,7.91706
87.6646,82.8978,-4.31865,10837.6,123.859,163.915,-3.17302,4.86699,3521,-3.17922e-16,-176.044,-0.00842799,73.312,710.577,-5.78379,0.0941548,-0.786033,-164.073,1.02797,8.05527
86.8667,82.9387,-4.23235,10806.3,123.877,163.915,-3.12225,4.9079,3521,-5.31404e-16,-176.044,0.002156,73.405,711.354,-5.79974,-0.168937,-0.927833,-164.726,1.01297,7.73052
86.4371,82.9387,-4.48772,10784.4,124.031,163.915,-3.08742,4.88744,3520,-5.84265e-16,-176.044,-0.00176399,73.5348,712.028,-5.8338,-0.631497,-0.75143,-164.002,1.02673,7.59694
86.4371,82.9183,-4.26417,10753.3,124.079,163.915,-3.16552,4.88744,3521,-7.75234e-16,-176.044,-3.60863e-15,73.986,712.918,-5.81335,-0.829128,-0.775243,-164.952,1.01585,8.04297
86.4371,82.9387,-4.44479,10731.5,124.243,163.915,-3.18347,4.88744,3520,-2.12434e-15,-176.044,-6.23309e-15,73.2358,713.536,-5.86754,-0.803059,-0.83871,-163.909,1.02344,7.97125
86.0688,82.9183,-4.53792,10700.6,124.011,163.915,-3.08269,4.92836,3520,-1.5655e-14,-176.044,0.019404,69.6272,714.277,-5.90944,-0.783935,-1.21641,-165.391,1.01124,7.41404
86.0893,82.9183,-4.48952,10677.8,124.083,163.915,-3.04465,4.96928,3520,-1.65022e-14,-176.044,-0.00156798,66.5528,714.949,-5.94967,-0.802314,-0.850956,-164.005,1.02427,6.82595
86.3143,82.8978,-4.4163,10646.5,123.903,163.915,-3.10325,4.88744,3520,-1.54323e-14,-176.044,0.000392,64.8865,715.674,-5.90312,-0.600588,-0.852165,-165.74,1.01197,7.32981
86.2734,82.8978,-4.39674,10624.3,123.758,163.915,-3.01472,4.92836,3552,-1.08369e-15,-176.044,0.0049,64.1732,716.212,-5.87521,-0.366896,-1.07702,-163.937,1.02735,6.87581
86.3143,82.8978,-4.51719,10593.5,123.378,163.915,-2.97726,4.86699,3664,-2.67304e-16,-176.044,-0.020188,63.8313,716.917,-5.93551,-0.240183,-1.03239,-166.202,1.04114,7.0694
86.5189,82.8978,-5.1263,10571.8,122.921,163.915,-2.91138,4.58057,3680,-2.11094e-16,-176.044,-0.012544,63.8156,717.295,-6.33689,-0.00383058,-0.952076,-163.807,1.0329,6.86709
87.4395,82.9387,-6.01724,10541.6,122.449,163.915,-2.84692,4.58057,3679,-6.42019e-16,-177.01,-0.012936,65.8221,717.926,-6.83213,0.156082,-0.888068,-166.621,0.979869,7.09156
86.5189,82.9183,-6.20365,10519.6,122.37,163.915,-2.7158,4.58057,3679,-7.55255e-16,-177.01,-0.01176,68.1336,718.484,-6.8831,-0.162354,-0.909365,-163.623,0.998825,5.96651
86.4166,82.8978,-5.49862,10489.3,122.013,163.915,-2.78757,4.17141,3680,-0.08346,-178.065,-0.081536,67.2549,719.149,-6.67242,-0.560571,-0.670415,-167.107,1.00598,6.67137
89.1989,83.5934,-5.40239,10466.3,121.764,163.915,-2.79023,4.19187,3679,-0.08463,169.891,-0.07644,65.6796,719.645,-6.56308,-0.664192,-0.583083,-163.25,1.02045,6.67849
89.5671,84.4117,-5.24935,10435.4,121.005,163.915,-2.59552,4.39645,3680,-0.08658,168.925,-0.076832,65.7852,720.143,-6.63872,-1.7597,-0.313706,-167.994,0.997668,5.85584
89.5058,84.3913,-5.01215,10413.5,120.844,163.915,-2.55808,4.39645,3679,-1.47544e-16,168.925,-0.00783999,67.3271,720.75,-6.56984,-4.05534,0.487421,-163.296,1.01488,6.04648
89.3012,84.4936,-4.75008,10382.3,120.339,163.915,-2.71312,4.41691,3679,-4.17062e-17,168.925,-0.000783997,68.6764,721.37,-6.37697,-6.82981,0.677784,-169.584,1.01431,5.91028
87.6236,84.0435,-4.39265,10360.2,120.133,163.915,-2.82469,4.41691,3679,-6.61998e-17,168.925,-0.000391977,69.866,721.882,-6.18564,-9.42075,-0.0159882,-163.867,1.03655,6.52462
87.5827,83.9617,-4.26535,10328.1,119.817,163.915,-3.1685,4.41691,3679,-1.7894e-16,168.925,-0.010584,71.2939,722.628,-6.31872,-10.9765,-0.364418,-172.571,1.01442,7.43832
88.401,83.9617,-4.37935,10304,119.601,163.915,-3.37012,4.45782,3679,-8.79791e-16,168.925,-0.016268,73.4073,723.226,-6.5607,-11.6782,-0.539881,-164.577,1.00752,7.97532
88.5238,83.9617,-4.32745,10271.8,119.92,163.915,-3.31341,4.43737,3679,-1.48914e-14,168.925,-0.00823198,80.5709,724.265,-6.54067,-12.3575,-1.06929,-177.277,1.0112,8.03436
87.6032,83.9412,-3.85126,10249.7,121.329,163.915,-3.0875,2.63707,3679,-1.65878e-14,168.925,-0.00568398,91.086,725.456,-6.22557,-13.192,-1.09245,-165.094,1.05249,7.33746
87.6236,83.9412,-4.10048,10214,123.389,163.915,-2.95071,2.39157,3679,-1.67509e-14,168.925,-0.01862,94.2826,727.282,-6.67638,-14.062,-1.18292,-185.314,1.0516,7.00926
87.8282,83.9412,-6.08346,10186,126.153,163.915,-3.16215,2.84164,3679,-1.93337e-15,168.925,-0.011956,94.0105,729.24,-8.08657,-15.121,-0.649554,-160.3,1.00022,8.07135
87.3168,83.9207,-7.34122,10148.4,129.024,163.915,-3.25034,2.88256,3679,-5.17425e-16,168.925,-0.00803598,93.8546,731.469,-8.79119,-16.3763,-0.719111,-207.511,1.00488,8.61586
86.1711,83.7162,-7.32042,10118,131.62,163.915,-3.1315,2.94394,3680,5.96759e-17,168.925,-0.004312,91.6549,733.309,-8.7577,-17.27,-0.510506,-45.5304,1.05645,8.86451
84.8004,82.1613,-7.62902,10077.6,133.443,163.915,-3.12515,2.8621,3679,2.84152e-16,168.925,-0.01078,89.2189,735.247,-8.75114,-17.5917,-0.558729,209.066,1.08103,9.00961
82.9183,79.911,-7.96844,10047.1,135.104,163.915,-3.04039,2.65752,3679,2.29297e-16,168.925,0.004116,87.1754,736.877,-8.65402,-16.5744,-0.457788,158.775,1.10385,8.73229
83.082,79.911,-8.09913,10008.6,135.864,163.915,-2.78692,2.63707,3679,-1.10018e-15,168.925,-0.000979977,85.0492,738.16,-8.70365,-13.9058,-1.43494,185.772,1.09464,8.09171
83.1638,80.0746,-8.62212,9981.33,136.657,163.915,-2.52268,2.53477,3679,-1.5121e-15,168.925,-0.00509598,83.578,739.312,-8.72802,-10.6742,-1.10703,163.002,1.07668,7.64606
83.2865,80.136,-9.23449,9945.45,136.625,163.915,-2.13815,2.41203,3679,-1.40977e-15,168.925,-0.000391977,79.2686,740.212,-8.69995,-7.36874,-1.64028,178.199,1.07481,6.58125
83.4502,80.2383,-9.79763,9921.19,136.844,163.915,-1.66339,2.78027,3679,-5.0359e-16,168.925,-0.000391977,75.4639,740.931,-8.66858,-4.10212,-1.4806,163.263,1.04567,5.32911
83.6343,79.8701,-9.59894,9889.29,136.612,163.915,-1.177,2.69844,3679,-4.81521e-16,168.925,-0.00685997,73.8516,741.714,-8.3269,-1.07794,-1.67098,174.327,1.06576,3.99619
89.3421,83.7162,-9.61911,9868.3,136.489,163.915,-0.709178,2.59615,3679,-5.51733e-16,168.925,0.000588,73.2179,742.372,-7.71834,1.7613,-1.68927,163.498,1.05835,2.58283
89.7717,84.6572,-9.36422,9838.55,136.311,163.915,-0.338764,2.33019,3679,-6.28148e-16,168.925,-0.00646798,71.7173,742.961,-7.31711,1.77831,-1.31186,172.78,1.07293,0.89892
87.5009,84.3504,-9.27623,9820.37,135.522,163.915,-0.233125,2.02332,3679,-7.62827e-16,168.925,-0.010388,71.3277,743.148,-7.2367,-0.70267,-0.309679,164.375,1.03586,0.618266
84.6777,81.7317,-9.58487,9794.18,134.731,163.915,-0.506796,2.0847,3679,-1.97732e-15,168.925,0.001176,71.0511,743.539,-7.48061,-3.22152,0.0758876,172.171,1.03681,0.858741
85.1278,81.8136,-10.3428,9778.68,133.324,163.915,-0.940767,2.02332,3679,-1.40081e-14,168.925,-0.012936,70.5885,743.316,-7.64795,-3.50825,0.198803,165,0.971698,2.15303
85.3732,81.9363,-10.1676,9751.03,133.226,163.915,-0.846162,2.06424,3679,-1.47132e-14,168.925,0.001372,70.6128,744.057,-7.74076,-2.40065,-1.1934,171.218,1.01092,1.76112
89.4648,83.6752,-10.3651,9733.02,132.497,163.915,-0.519316,2.04378,3679,-1.34852e-14,168.925,-0.00587998,70.5036,744.178,-7.87428,-1.29114,-1.38235,164.473,0.95375,1.00842
86.703,84.6572,-10.1204,9704.19,131.3,163.915,-0.36862,2.22791,3679,-1.06676e-15,168.925,0.002744,70.2493,744.436,-7.94217,-2.30363,-0.902061,170.09,1.00001,0.45057
86.1097,83.6548,-9.64451,9685.38,130.278,163.915,-0.518612,2.43248,3679,-1.24219e-16,168.925,0.000392,70.0563,744.536,-8.01522,-3.56917,0.0411549,164.353,0.95265,1.10992
85.9256,82.8774,-9.41577,9652.2,130.219,163.915,-0.48061,2.4734,3679,-1.58677e-16,168.925,0.000196,70.1245,745.475,-8.06895,-3.60581,-0.967645,169.166,0.589636,0.903253
86.6621,83.041,-9.33465,9629.85,130.204,163.915,-0.565266,2.49386,3679,-5.99308e-16,168.925,-0.00764398,70.2782,745.98,-8.17838,-3.69833,-0.304743,163.825,0.505012,1.0916
86.6621,83.082,-8.7008,9598.13,129.347,163.915,-0.826442,2.49386,3680,-7.99407e-16,168.925,-0.012544,70.847,746.461,-8.27045,-3.59798,-0.57974,168.444,-0.521241,1.72823
86.5189,83.082,-8.69815,9575.15,128.68,163.915,-0.923201,2.49386,3679,-0.08307,168.925,-0.084476,70.9587,746.849,-8.37991,-3.79201,-0.375398,163.536,-0.301053,2.18362
85.9256,82.6728,-8.71696,9541.36,128.324,163.915,-0.789117,2.51432,3679,-0.08424,168.925,-0.077224,70.9154,747.673,-8.56761,-3.63848,-1.31635,167.382,-0.65315,1.2702
86.5393,82.9183,-8.51635,9517.15,128.159,163.915,-0.695007,2.51432,3679,-0.08463,168.925,-0.076244,70.854,748.269,-8.4932,-3.59787,-0.750762,162.647,-0.0739541,1.10437
86.4371,82.9183,-7.99457,9482.3,127.938,163.915,-0.831625,2.55523,3679,-2.65192e-16,168.925,-0.00764398,70.8356,749.159,-8.27356,-3.39952,-0.587737,166.453,-0.21642,2.01661
86.1916,82.9387,-7.92366,9456.81,127.292,163.915,-0.678388,2.53477,3679,-6.24719e-18,168.925,-0.013328,70.7875,749.566,-8.25234,-3.41412,-1.05944,161.968,0.018181,1.10288
86.212,82.9387,-7.7407,9421.23,127.386,163.915,-0.742495,2.53477,3679,-5.96468e-17,168.925,-0.00921197,70.8276,750.514,-8.46524,-3.34531,-0.674393,165.456,-0.807178,1.27428
86.3962,82.9387,-8.02972,9395.72,127.577,163.915,-1.06793,2.53477,3679,-2.129e-16,168.925,-0.003724,70.8176,751.3,-8.82859,-3.11746,-0.0793872,161.693,-0.346455,2.17076
87.3168,82.9592,-8.07103,9359.42,127.091,163.915,-1.12751,2.53477,3679,-7.01345e-16,168.925,0.007448,70.8497,752.169,-9.13423,-2.63148,-1.0993,165.001,0.501563,1.82528
88.176,82.9592,-8.11752,9332.5,127.738,163.915,-1.03369,2.53477,3679,-1.32842e-14,168.925,-0.00823198,70.8898,753.349,-9.2368,-2.48386,-0.601464,161.183,0.408963,2.35235
88.0533,83.2456,-7.9073,9294.43,127.877,163.915,-0.810429,2.55523,3679,-1.47154e-14,168.925,-0.00666399,70.7796,754.499,-9.3677,-2.63587,-1.21103,164.082,0.574229,1.43028
86.3143,83.1843,-8.46719,9265.47,128.835,163.915,-0.540678,2.61661,3680,-1.46893e-14,168.925,0.00294,70.4176,755.672,-9.33996,-3.5174,-0.806265,160.224,0.175742,1.29852
86.4371,83.2047,-8.13655,9226.48,129.925,163.915,-0.332399,2.57569,3679,-1.62824e-15,168.925,0.000784,70.2867,757.226,-9.15192,-3.28206,-0.990364,162.828,-0.116826,2.8292
86.5189,83.1638,-8.27182,9199.68,130.117,163.915,0.130492,2.57569,3679,-3.25023e-16,168.925,-0.00411599,70.6566,758.018,-9.29802,-3.11578,-1.36544,158.903,0.825897,2.98905
89.1375,84.1867,-8.87781,9163.07,129.601,163.915,0.433795,2.57569,3679,1.5567e-17,168.925,-0.002548,71.0346,758.754,-9.56819,-3.16082,-1.10688,161.307,0.159126,2.45104
89.2398,84.4936,-8.44737,9134.03,130.249,163.915,0.572253,2.41203,3679,1.03188e-16,168.925,-0.010976,70.9927,759.846,-9.46501,-4.21117,-0.681824,157.841,0.884096,3.35663
88.9943,84.3094,-8.55836,9095.22,130.376,163.915,0.415659,2.45294,3679,1.63242e-17,168.925,0.006468,70.9228,761.062,-9.56006,-6.34354,-0.22324,160.299,0.705739,3.45669
86.8667,84.1867,-9.37671,9067.04,131.066,163.915,0.0203493,2.57569,3679,-1.07492e-15,168.925,-0.014504,70.5466,762.086,-9.92903,-8.67323,0.240889,156.962,0.627752,4.26127
86.6621,83.532,-9.27432,9027.61,130.824,163.915,-0.61419,2.61661,3680,-1.53608e-15,168.925,0.011368,70.3312,763.122,-9.93983,-10.2301,0.414164,159.178,1.13385,4.86877
85.6801,83.5116,-8.74712,8997.79,131.162,163.915,-0.926946,2.57569,3679,-1.24402e-15,168.925,-0.00196,70.7351,764.121,-9.86565,-10.6771,-0.218622,155.47,0.934746,5.17908
84.9232,82.0181,-8.38751,8957.07,131.808,163.915,-0.930649,2.57569,3679,-4.32439e-16,168.925,-0.00391998,71.0357,765.537,-9.90175,-10.3907,-0.972746,156.821,1.10211,6.01412
84.1867,81.4453,-8.87566,8927.99,132.934,163.915,-0.994328,2.59615,3679,-5.29365e-16,168.925,-0.00548799,70.9403,766.601,-10.0303,-9.42528,-0.834779,153.01,0.973691,6.44468
83.4297,80.4838,-9.10808,8887.78,132.646,163.915,-1.30657,2.53477,3679,-6.47662e-16,168.925,-0.00783999,70.9069,767.927,-10.04,-7.80358,-0.270863,154.778,1.08052,7.15145
83.3684,80.4224,-9.3477,8858.69,131.694,163.915,-1.09727,2.43248,3679,-6.87409e-16,168.925,-0.00940798,70.7649,768.18,-10.1226,-5.5563,-1.46312,151.219,0.936224,6.05184
83.5525,80.4429,-9.75459,8818.11,131.139,163.915,-0.709095,2.53477,3679,-6.30442e-16,168.925,-0.001372,70.477,769.428,-10.1874,-3.51062,-1.73646,152.763,1.10352,4.86412
85.2505,80.8725,-9.54223,8788.25,132.463,163.915,-0.641295,2.53477,3679,-1.75062e-15,168.925,-0.00744797,70.2829,770.62,-10.2333,-0.735155,-1.05067,149.984,0.516324,6.07436
85.2914,80.9134,-9.15392,8747.29,133.838,163.915,-0.387527,2.55523,3679,-1.29473e-14,168.925,-0.00333198,70.2742,772.277,-10.3453,1.95636,-1.61621,152.225,0.858298,7.48046
85.3323,81.8954,-9.33607,8718.31,135.045,163.915,-9.68316e-05,2.55523,3679,-1.29906e-14,168.925,0.001372,70.2889,773.638,-10.3626,3.66705,-1.25229,149.903,1.10206,9.0918
84.2685,81.2203,-9.397,8679.98,133.653,163.915,0.371021,2.57569,3679,-1.18725e-14,168.925,-0.00333198,70.2835,774.235,-10.0085,4.86831,-1.50467,152.435,1.00333,8.75372
83.6752,81.2203,-9.0821,8654.58,133.078,163.915,0.453716,2.57569,3679,-9.96694e-16,168.925,0.004116,70.2775,774.928,-9.5474,6.15764,-0.773594,150.801,1.07775,7.15773
85.8642,81.0771,-9.12675,8616.1,134.706,163.915,0.574442,2.49386,3679,-1.55015e-17,168.925,-0.01176,70.2869,776.507,-9.27353,7.96876,-1.16974,153.822,1.02239,9.48683
86.3552,81.6499,-8.89556,8590.91,134.622,163.915,0.87895,2.59615,3679,-2.1354e-16,168.925,0.00098,70.2891,777.218,-8.87894,9.0045,-1.2093,152.523,1.09708,10.6658
84.9641,81.6294,-8.64714,8556.7,134.635,163.915,0.836885,2.59615,3679,-6.17321e-16,168.925,-0.015288,70.2851,778.205,-8.52215,9.38645,-0.566193,155.954,1.05278,10.9404
88.5238,81.609,-9.01869,8536.08,134.463,163.915,0.902421,2.57569,3679,-8.76165e-16,168.925,-0.00235199,70.2846,778.769,-8.34785,10.4778,-0.798466,155.095,1.07786,11.5491
87.7873,83.532,-9.19877,8503.96,133.801,163.915,1.0923,2.55523,3679,-0.08658,168.925,-0.06272,70.3605,779.417,-8.08452,10.5883,-1.08609,158.464,1.02072,12.0678
87.5827,83.2047,-8.8941,8483.28,133.67,163.915,1.26478,2.57569,3679,-0.08424,168.925,-0.076244,70.4031,779.845,-7.87023,9.52693,-0.746754,157.632,1.06354,12.3128
87.0917,83.1843,-9.2934,8453.64,133.191,163.915,1.31963,2.53477,3679,-0.08541,168.925,-0.076244,70.458,780.571,-7.89365,8.69471,-0.500664,160.851,1.00948,12.8141
86.6826,83.1638,-9.194,8433.86,132.265,163.915,1.51524,2.49386,3679,-2.82527e-16,168.925,0.017444,70.3537,780.732,-7.90863,7.98172,-0.915899,159.806,1.03767,12.6618
87.9919,83.1433,-9.1139,8402.91,131.752,163.915,1.68787,2.49386,3679,-6.3706e-17,168.925,0.001372,70.4129,781.343,-8.01491,7.47695,-0.846193,162.671,0.998253,12.7846
87.6236,83.1843,-9.38341,8383.48,131.297,163.915,1.93674,2.49386,3679,1.86396e-18,168.925,-0.003136,70.4048,781.671,-8.1663,6.98534,-0.878692,161.476,1.01324,13.1456
87.8078,83.1843,-9.27052,8351.15,130.864,163.915,2.0681,2.53477,3679,-1.93299e-16,168.925,-0.013132,70.4295,782.453,-8.27511,5.90441,-0.973203,164.168,0.981816,13.0767
86.9076,83.2047,-9.1231,8331.36,130.829,163.915,1.9674,2.53477,3680,-7.0974e-16,168.925,-0.003136,70.3786,783.055,-8.20022,4.54081,-0.309553,163.101,1.01907,13.7792
87.3372,83.1638,-8.69136,8299.82,130.379,163.915,1.67581,2.55523,3679,-1.21903e-14,168.925,-0.00529199,70.4881,783.715,-8.11152,3.80106,-0.200429,165.804,0.996221,13.8915
89.383,84.5549,-8.65896,8278.62,129.83,163.915,1.68366,2.57569,3679,-1.30333e-14,168.925,0.00294,70.5121,784.09,-8.04965,3.22866,-0.787631,164.467,1.01868,13.2761
88.9329,84.2276,-8.71798,8246.65,129.245,163.915,1.63335,2.57569,3679,-1.31106e-14,168.925,0.007056,70.4827,784.717,-8.06797,1.75757,-0.464592,166.764,0.986946,13.1125
89.2807,84.3913,-8.10482,8226.29,128.642,163.915,1.7529,2.59615,3679,-1.4025e-15,168.925,-0.00352799,70.4364,785.154,-7.92362,0.0730663,-0.979551,165.025,1.0214,12.887
89.2603,84.2481,-8.29666,8192.57,128.852,163.915,1.72083,2.61661,3680,-3.12764e-16,168.925,-0.011368,70.4214,786.197,-7.74797,-2.20649,-0.485617,166.793,1.00726,13.5816
88.892,84.2276,-7.92744,8172.31,128.804,163.915,1.4577,2.65752,3679,-1.66446e-16,168.925,0.00098,70.4657,786.764,-7.59879,-4.59673,-0.110223,164.878,1.03892,13.9436
89.383,84.2276,-7.68946,8139.8,128.932,163.915,1.14305,2.63707,3679,9.19458e-17,168.925,-0.0049,70.5075,787.723,-7.44025,-6.74309,-0.119141,166.186,1.01948,14.4464
87.194,84.289,-7.11782,8119.57,129.435,163.915,0.974547,2.69844,3679,-5.98871e-17,168.925,-0.00470399,70.4342,788.581,-7.1992,-8.68452,-0.424968,163.591,1.07139,15.7127
85.9256,82.8774,-7.10653,8088.43,128.318,163.915,0.660677,2.69844,3679,-1.08978e-15,168.925,-0.00215598,70.4316,788.98,-7.04359,-10.1526,-0.100899,164.295,1.03076,15.7725
82.7956,81.4453,-7.08872,8070.46,127.795,163.915,0.561291,2.63707,3679,-1.32714e-15,168.925,-0.00274398,70.441,789.219,-6.79724,-10.1415,-0.694248,161.261,1.05997,15.1752
80.852,77.9879,-7.63419,8040.25,126.872,163.915,0.521266,2.67798,3679,-1.28241e-15,168.925,-0.00196,70.5357,789.822,-7.19716,-8.54551,-0.956194,161.61,0.96858,14.8687
87.0713,78.6221,-6.2587,8021.69,126.102,163.915,0.471049,2.94394,3679,-4.47351e-16,168.925,-0.014112,70.4765,790.071,-6.87987,-4.19456,-1.53557,159.014,1.04802,14.1779
84.2071,82.9592,-6.12133,7990.6,125.948,163.915,0.682522,2.8621,3679,-4.89673e-16,168.925,-0.00117599,70.3949,790.719,-6.32239,-1.25737,-1.57664,160.099,1.03604,15.0789
87.685,82.9387,-4.94252,7973.33,123.559,163.915,0.954448,3.84409,3679,-7.09107e-16,168.925,-0.00548799,70.4325,790.356,-6.02651,0.168916,-1.54877,158.149,1.07118,13.8422
89.7308,84.6981,-4.75724,7945.9,122.438,163.915,0.641913,4.47828,3679,-6.73735e-16,168.925,0.001372,70.3144,790.622,-5.31106,0.327089,-0.189363,160.163,1.02347,11.9835
88.4624,84.3094,-4.13437,7931.57,123.477,163.915,0.346236,4.33508,3679,-5.69404e-16,168.925,0.004508,72.2692,791.632,-4.01602,-0.883315,0.00313792,158.899,1.09824,14.5889
83.4297,82.3864,-3.19976,7906.43,121.127,163.915,0.393575,4.06912,3679,-1.54001e-15,168.925,-0.015092,77.4586,791.071,-3.34474,-1.72641,-0.938852,160.201,1.07548,13.5087
84.4936,80.0951,-3.66551,7893.68,121.132,163.915,0.365347,5.11248,3680,-1.17378e-14,168.925,-0.017248,78.3215,791.783,-3.41392,-0.986178,-0.759952,158.431,1.04557,13.1009
87.9714,82.2432,-2.3934,7875.06,119.071,163.915,0.686949,4.88744,3679,-1.12128e-14,168.925,-0.00979997,81.0875,791.431,-2.18034,0.616282,-1.78165,159.649,1.07578,12.4543
87.5418,83.307,-0.698593,7863.55,119.062,163.915,1.10255,3.57813,3679,-1.02773e-14,168.925,-0.010192,82.3678,791.851,-1.31747,0.196933,-2.07796,157.871,1.12555,11.8005
83.2661,83.2047,-3.14319,7842.85,118.996,163.915,0.359619,5.03065,3679,-8.25361e-16,168.925,-0.004312,80.849,792.487,-2.29993,-1.44821,1.03671,160.025,0.995335,12.8045
86.0484,81.609,-2.74274,7836.81,117.257,163.915,-0.303649,5.33752,3679,-1.45302e-16,168.925,-0.00156798,81.5189,791.865,-2.32323,-0.647817,-0.00168385,158.927,1.01283,10.8386
85.8642,80.0951,-2.16223,7815.89,117.485,163.915,-0.280703,4.9079,3679,-2.93137e-16,168.925,-0.00509598,81.1303,792.638,-1.30946,0.361443,-1.67783,160.337,1.02961,12.2974
89.2194,84.2071,-1.34751,7811.38,115.645,163.915,-0.8173,4.94882,3679,-6.39696e-16,168.925,-0.004312,82.0834,791.932,-0.9935,1.0514,-0.0684921,159.46,1.04618,10.6683
89.6285,84.7595,-1.89094,7788.49,117.035,163.915,-1.18649,5.95126,3680,-8.90625e-16,168.925,0.003528,81.3295,793.173,-1.37249,0.617945,0.109794,161.451,1.01544,11.967
83.1024,83.2661,-1.80874,7782.02,115.83,163.915,-1.22758,6.29905,3679,-0.09048,168.925,-0.055076,80.7673,792.931,-1.71629,-1.15814,-0.759579,160.071,1.01789,11.0149
81.0771,78.5198,-1.1277,7764.13,115.433,163.915,-1.92732,6.38088,3679,-0.08268,168.925,-0.075264,81.1928,793.242,-1.02554,-1.82319,0.395279,161.899,1.04137,10.2315
90.0377,83.4297,-0.515806,7756.57,115.917,163.915,-2.4987,6.15584,3679,-0.08502,168.925,-0.07546,81.4288,793.645,-0.734657,1.2248,-0.521386,160.869,1.06271,11.4423
93.0041,87.3577,-1.19498,7736.79,114.778,163.915,-2.01666,6.23767,3679,-3.5495e-16,168.925,-0.011368,81.9717,794.031,-0.775347,2.35473,-1.46449,162.264,0.996431,9.14812
86.1097,84.4731,-0.575398,7732.12,115.248,163.915,-2.01937,6.23767,3679,-8.04562e-17,168.925,-0.00529199,82.2333,794.048,-0.410532,-0.663938,3.10603,161.116,1.06724,9.22082
82.9387,78.8471,-0.344943,7711.24,115.277,163.915,-2.02831,6.66729,3679,-1.29604e-17,168.925,-0.00646798,82.3059,794.76,-0.469776,-1.27788,2.13183,162.21,1.05558,9.24916
87.951,82.3659,-1.14793,7704.55,115.165,163.915,-1.71958,6.79004,3679,-4.89873e-17,168.925,-0.000783997,82.165,794.936,-0.436552,0.149848,1.67614,160.365,1.03963,8.38983
84.2481,80.9134,-0.0546367,7683.9,114.053,163.915,-0.774383,8.93813,3679,-7.2147e-16,168.925,-0.01666,82.383,795.196,0.738388,0.775565,1.69186,160.795,1.07948,7.26678
85.8233,81.1384,2.32901,7681.97,111.455,163.915,-0.397709,8.40622,3679,-1.10677e-14,168.925,-0.00450798,79.641,794.255,2.59915,0.578059,2.71136,159.115,1.1384,4.36445
83.532,79.3177,3.51219,7665.08,110.014,163.915,-0.558148,11.8227,3679,-1.1051e-14,168.925,-0.001372,72.9006,794.146,3.43346,0.289972,6.90067,160.513,1.11875,4.10202
85.4142,79.4609,3.76398,7667.58,106.739,163.915,-0.25068,12.5797,3680,-1.14304e-14,168.925,-0.00274398,69.1631,793.07,4.46223,0.896534,2.71359,158.792,1.10433,2.07629
82.7751,80.3201,4.31511,7661.08,105.604,163.915,0.00560723,12.6819,3679,-1.1758e-15,168.925,-0.00960399,67.7297,792.815,4.84378,0.619838,2.6277,159.95,1.13764,2.08593
82.8365,80.0746,0.842035,7670.39,104.315,163.915,-0.111463,19.1467,3679,-3.85287e-16,168.925,-0.011956,66.3954,792.184,2.63316,-0.790427,-1.99891,158.596,1.04614,3.37383
83.1638,80.0746,-1.18415,7672.24,101.516,163.915,-1.04891,20.2514,3679,-2.09769e-16,168.925,-9.69261e-16,63.982,791.255,2.02722,-0.475379,-0.0827524,160.794,1.01927,3.9822
