83.8798,81.3021,-8.81764,2591.08,138.605,0,1.46731,-6.26217,3652,0.00702,0,0.000784,67.9188,952.044,-5.10167,0.734955,-0.814369,-1.81836,0.927581,16.8167
85.3732,81.3635,-9.34449,2578.09,137.21,0,1.61776,-6.13942,3668,0.00858,0,0.001176,67.8972,951.781,-5.69395,1.92178,-0.717009,-1.63649,0.983428,15.8614
86.1506,83.573,-9.7698,2563.32,136.746,0,1.82603,-5.15743,3668,0.00546,0,0.00196,67.9246,952.037,-6.01004,2.41277,-1.36324,-1.59142,0.897488,16.5541
85.1073,82.1818,-9.3997,2546.32,136.531,0,1.98878,-4.72782,3668,0.00507,0,0.001764,67.9049,952.591,-5.62293,2.22366,-1.21525,-1.24504,1.01556,17.0381
86.5189,82.9183,-8.03094,2528.36,136.277,0,2.142,-4.80965,3668,0.00195,0,0.000784,67.9223,953.029,-4.91886,2.14688,-1.49901,-1.17399,0.989602,17.6918
87.7464,84.9232,-7.22885,2512.52,135.284,0,2.41825,-5.01423,3668,-0.00428999,0,0.001372,67.899,953.125,-4.40847,0.806107,-1.7394,-1.00883,1.06788,18.0633
84.6777,82.3046,-7.30578,2498.68,134.816,0,2.21949,-4.70736,3668,-0.00234002,0,-0.000783997,67.9253,953.448,-4.24934,-0.98064,-2.39434,-0.934078,1.0061,17.7765
85.1073,81.7726,-6.99621,2485.16,134.171,0,1.73626,-4.4414,3668,-0.00663001,0,0.001176,67.9456,953.618,-4.06152,-1.03643,-1.79613,-0.536636,1.04414,18.362
85.2096,82.6933,-7.04133,2470.94,132.611,0,1.68603,-4.46186,3668,-0.00663001,0,0.000588,67.9904,953.412,-3.68946,-0.454288,-1.45034,-0.692206,1.00172,18.1115
86.6212,82.9797,-6.29813,2460.25,131.429,0,2.03138,-4.52324,3669,-0.01053,0,0.001372,67.951,953.243,-3.30218,0.347744,-0.85162,-0.819271,1.04145,17.9075
85.3732,83.1638,-5.85374,2448.79,130.382,0,2.57533,-4.13453,3668,-0.00546003,0,-1.31466e-15,67.9507,953.15,-3.04557,0.250393,-0.834192,-1.3228,0.999449,17.8836
85.5778,82.816,-5.33966,2438.31,129.18,0,2.66376,-3.88904,3668,-0.00663001,0,0.001372,67.8619,953.055,-2.6611,-0.0831636,-1.54745,-1.21653,1.04172,18.2671
83.3479,82.1204,-5.14385,2428.28,128.365,0,2.61236,-4.07316,3668,-0.00702,0,0.002548,68.6312,953.03,-2.3092,-0.393907,-1.34064,-1.29547,1.00225,18.2274
82.7956,79.8087,-5.04623,2419.73,127.485,0,2.28879,-4.01179,3668,-0.00389999,0,-1.15815e-15,71.7608,952.983,-2.13285,0.447898,-1.20359,-0.85761,1.02041,18.5161
88.2987,84.5549,-4.71147,2410.05,126.707,0,2.3491,-4.11407,3668,-0.00546003,0,0.00196,74.7189,952.966,-1.95517,1.4946,-1.57854,-0.834079,0.977417,18.8731
85.1687,85.4755,-4.04093,2399.76,126.07,0,2.81817,-3.9095,3668,-0.00351,0,0.000196,76.3945,953.05,-1.87941,0.082736,-1.44087,-0.903263,1.02475,18.9069
83.9821,81.8545,-3.94891,2390.58,125.753,0,2.75379,-4.17545,3668,-0.000389995,0,0.000784,77.5801,953.235,-1.87946,-0.970883,-1.57947,-1.06805,0.993791,18.9408
84.0435,81.5067,-3.85667,2380.96,125.061,0,2.45838,-4.27774,3668,0.00351,0,0.001176,78.4302,953.27,-1.95715,-0.693657,-1.33214,-0.81715,1.00678,18.0813
84.78,81.6908,-3.91495,2369.01,124.718,0,2.28112,-4.38003,3668,0.00039,0,0.001372,79.1242,953.576,-2.20037,0.186518,-1.3729,-0.838494,0.967081,17.8681
86.6416,82.1,-3.76075,2358.02,124.932,0,2.55813,-3.92995,3668,0.00039,0,-0.00117599,79.2674,953.987,-2.48059,1.21027,-1.17025,-0.803969,0.990847,18.0853
88.1965,85.23,-3.81295,2345.17,125.639,0,3.02019,-3.78675,3668,-0.00234002,0,-0.000783997,78.9003,954.66,-2.56991,0.352387,-1.26218,-1.13369,0.976943,18.9342
86.0279,83.6752,-3.7359,2333.6,125.556,0,2.82065,-3.52079,3668,-0.00116998,0,-0.00215598,78.4664,955.069,-2.48348,-1.71322,-1.37515,-0.818241,1.01342,18.9004
85.3937,83.1229,-3.62558,2319.52,125.473,0,2.09147,-3.52079,3668,-0.00663001,0,-0.00117599,77.9655,955.471,-2.18806,-2.42793,-1.54958,-0.596697,1.00556,18.1237
84.9436,81.5885,-3.22758,2307.27,125.516,0,1.86276,-3.37759,3668,-0.00663001,0,-0.00176399,77.889,955.981,-1.96118,-1.64088,-1.06945,-0.565696,1.03098,17.8129
86.1916,83.6343,-3.09907,2296.89,125.535,0,2.29343,-3.39804,3668,-0.00740999,0,-0.00293999,77.9628,956.318,-1.72094,-0.829926,-0.622488,-1.27028,1.01594,18.3118
85.4551,82.816,-3.12744,2286.6,125.046,0,2.89669,-3.56171,3668,-0.00312001,0,-0.00333198,78.1412,956.526,-1.53259,-0.746501,-0.497349,-1.78013,1.03267,19.0164
85.2914,82.9183,-3.1471,2275.34,125.153,0,3.06302,-3.50034,3668,-0.00234002,0,-0.0049,78.4718,956.923,-1.5927,-0.975,-1.07941,-2.20307,0.998383,18.8563
85.8233,82.4887,-3.46278,2265.47,125.03,0,2.81962,-3.47988,3668,-0.000389995,0,-0.00293999,78.7753,957.233,-1.77628,-1.2771,-1.2579,-1.99063,1.00226,19.0117
86.1302,83.7162,-3.66047,2255.18,124.911,0,2.41804,-3.43896,3668,-0.00155997,0,-0.00352799,78.1531,957.543,-1.88783,-1.35435,-1.46681,-1.93455,0.977765,18.7127
85.5369,82.9797,-3.75529,2243.14,124.77,0,2.32941,-3.11163,3668,-0.000779989,0,-0.00391998,78.2311,957.731,-1.99757,-1.34835,-1.08259,-1.93099,0.997417,18.0886
84.78,82.55,-3.52114,2230.68,124.948,0,2.33601,-2.94797,3668,-0.00312001,0,-0.00587998,78.2854,958.289,-1.94265,-1.33419,-1.24903,-2.28131,0.996022,18.1006
86.7235,83.2047,-3.52474,2219.18,125.172,0,2.34638,-2.62064,3669,-0.00546003,0,-0.00470399,78.4331,958.829,-1.86548,-1.10526,-1.12159,-2.30923,1.01245,18.4519
85.7619,83.9617,-3.37445,2207.86,125.302,0,2.52823,-2.12965,3668,-0.00975001,0,-0.003136,78.3796,959.209,-1.70733,-1.29047,-1.10141,-2.77427,1.00734,19.0226
83.1229,81.2407,-3.15244,2195.94,125.415,0,2.65466,-1.3727,3668,-0.00818998,0,-0.00117599,78.3871,959.754,-1.46548,-1.39447,-1.01026,-3.00018,1.03357,18.8485
82.2023,80.9748,-2.82618,2186.5,125.064,0,2.52967,-0.820339,3669,-0.00546003,0,0.000588,78.2143,959.932,-1.12224,-0.345211,-1.42937,-3.18522,1.02628,19.0117
84.7595,79.8905,-2.89901,2175.97,124.585,0,2.51647,-0.0633926,3668,-0.00740999,0,-0.001372,78.4685,960.039,-0.918845,1.72879,-1.254,-2.98961,1.02364,18.7317
87.951,84.514,-3.02571,2166.95,124.023,0,3.13493,1.32775,3668,-0.00585002,0,-0.000783997,78.4523,960.166,-1.015,2.61213,-1.30294,-3.2947,0.98632,18.2196
86.2939,84.2276,-2.72977,2158.46,123.209,0,3.63931,3.33264,3668,-0.00234002,0,-0.00117599,77.6327,960.12,-0.975278,0.907013,-1.20557,-3.21993,1.01111,17.8744
83.082,82.325,-2.52974,2149.23,123.966,0,3.19843,-4.21637,3668,0.00273,0,-0.000783997,78.1049,960.713,-1.1177,-0.943747,-1.82731,-2.95799,1.00658,18.053
83.041,80.2588,-2.76115,2139.21,122.745,0,2.39586,-4.46186,3669,-1.33031e-15,0,-0.000979977,78.7362,960.714,-1.59991,-0.805726,-1.74631,-2.25557,0.997028,16.7287
87.5623,83.9617,-3.40353,2127.78,122.607,0,2.40492,-4.13453,3668,0.00117,0,-0.000783997,78.6928,960.844,-2.11963,1.00865,-1.11381,-2.45157,0.935559,14.9506
87.91,85.0459,-3.71488,2115.7,125.977,0,3.09131,-3.09117,3668,-0.00155997,0,-0.000391977,79.3863,962.672,-2.17615,1.37073,-0.847987,-2.68358,0.995559,17.9073
86.8258,83.7775,-3.37787,2102.54,126.074,0,3.26983,-4.72782,3668,0.00039,0,-8.13837e-16,78.6384,963.147,-1.66807,0.749502,-1.35858,-2.80188,1.01613,18.2837
85.0255,82.4682,-3.75429,2090.01,126.353,0,2.89815,-3.52079,3668,-0.00428999,0,-0.000783997,77.0426,963.683,-1.86804,0.356606,-1.69935,-2.17353,1.01773,18.2139
87.3577,84.6163,-3.28668,2078.95,125.81,0,2.53227,-4.19591,3668,-0.00546003,0,-0.000979977,76.7174,963.875,-1.80275,0.544622,-1.60383,-1.85808,1.01853,17.66
87.6236,84.4526,-3.55842,2068.26,125.649,0,2.88194,-3.64354,3668,-0.00663001,0,-0.000587987,76.1644,964.167,-1.89127,0.117493,-0.900422,-1.8955,0.998964,17.7083
85.496,83.5116,-3.56828,2058.18,125.192,0,3.00406,-3.35713,3669,-0.00936002,0,0.000588,76.399,964.268,-1.67316,-0.568167,-1.23137,-2.15165,1.00707,17.7618
82.3864,80.4838,-3.75209,2046.88,124.91,0,2.87707,-3.21392,3668,-0.01053,0,-0.000391977,76.6876,964.649,-1.2734,-0.74125,-1.19145,-1.99762,1.0062,17.2329
85.0868,80.8111,-1.64496,2038.99,124,0,2.65902,-3.17301,3668,-0.0156,0,0.001568,77.2299,964.513,-0.584287,0.415545,-1.37601,-2.01471,1.05551,16.2973
86.6212,83.7162,-1.10158,2027.28,123.714,0,2.94608,-3.00934,3668,-0.01326,0,0.002548,77.9447,964.791,-0.600283,1.20173,-1.0333,-1.98381,1.05684,16.3552
84.6163,84.1458,-3.26002,2018.63,123.654,0,2.86315,-1.06583,3668,-0.01014,0,0.00196,78.7061,965.139,-1.11542,1.03006,-1.58144,-1.83523,0.975447,15.8643
86.0075,83.082,-3.35697,2011.24,124.885,0,2.44023,-0.636215,3668,-0.00936002,0,0.00294,79.2074,966.055,-0.791137,0.893963,-1.58899,-1.12843,1.01112,16.1724
86.3143,83.9821,-2.66527,2004,125.493,0,2.31946,-4.56415,3668,-0.0156,0,0.001372,79.4599,966.449,-0.491999,0.759816,-1.50231,-0.987478,1.03043,16.9203
86.8462,85.2096,-3.27924,1994.36,125.581,0,2.67849,-4.6869,3668,-0.0156,0,-0.000195997,78.9187,966.751,-0.904761,0.276542,-0.821418,-1.03051,1.01168,17.32
86.1916,84.1049,-3.78652,1986.95,125.814,0,3.10924,-3.54125,3668,-0.01287,0,0.001372,78.5473,967.196,-1.2824,-0.855629,-0.772684,-1.57504,0.981553,17.7928
83.1638,80.8111,-3.85946,1980.05,125.885,0,2.91403,-4.19591,3668,-0.01131,0,-0.00156798,78.0483,967.331,-0.926119,-1.32961,-1.17626,-1.42656,1.02375,17.818
86.5189,82.8365,-3.37813,1972.99,125.287,0,2.56438,-4.33912,3668,-0.00428999,0,0.000196,77.8085,967.333,-0.946542,-0.599967,-1.33387,-1.42842,1.00431,17.1311
86.2734,84.514,-3.65495,1964.99,124.667,0,2.70278,-4.35957,3669,0.00195,0,-0.00235199,77.792,967.29,-1.28184,-0.749354,-0.96119,-1.46741,0.983821,16.8793
87.1122,83.3274,-4.17229,1956.52,123.844,0,2.73704,-4.42094,3668,0.00312,0,-0.00333198,78.0807,967.267,-1.50456,-1.09716,-1.12114,-1.77363,0.944179,15.9722
87.3372,84.8618,-3.07932,1947.84,124.585,0,3.02136,-4.03225,3668,0.00663,0,-0.003136,78.5813,967.833,-1.5017,-1.23674,-0.792597,-2.01167,1.00109,16.3113
85.5165,84.1662,-3.35385,1936.94,124.784,0,3.31308,-4.31866,3668,0.00702,0,-0.00352799,78.8156,968.431,-1.65983,-1.91824,-0.863384,-2.64873,0.997987,16.5583
82.6114,81.4453,-4.2175,1925.07,126.158,0,3.13966,-4.15499,3668,0.01053,0,-0.00333198,78.4939,969.444,-1.97861,-2.49847,-1.09342,-2.69052,0.998139,17.3342
83.041,79.5836,-4.27269,1914.65,125.99,0,2.56361,-4.48232,3668,0.01287,0,-0.00176399,77.8569,969.794,-2.06734,-1.43864,-1.48842,-2.64593,0.986398,17.0562
85.5369,82.7342,-4.05767,1902.18,125.808,0,2.6628,-4.85056,3668,0.01872,0,-0.00235199,77.0788,969.974,-2.30752,0.446506,-1.0306,-2.66286,0.992328,16.7119
87.6236,84.4322,-4.49399,1889.78,125.169,0,3.4242,-4.64598,3668,0.01677,0,-0.004312,76.7775,970.021,-2.71386,1.18114,-0.842559,-3.37484,0.957879,16.754
85.7006,83.6752,-4.24585,1875.4,126.144,0,3.97232,-4.01179,3669,0.01365,0,-0.002548,76.6382,971.174,-3.07931,-0.232532,-1.11166,-3.56578,0.985769,17.0848
82.9183,81.2612,-4.59087,1862.23,127.106,0,3.25977,-4.01179,3668,0.00468,0,-1.25206e-16,76.4265,971.995,-3.15533,-1.25547,-2.17703,-3.17637,0.991718,17.884
82.3659,79.3791,-4.02851,1848.33,126.874,0,2.63312,-3.92995,3668,0.0039,0,0.000196,75.8897,972.319,-2.89565,-0.294283,-1.61199,-2.62754,1.02838,16.8808
85.1687,81.9772,-3.73968,1833.2,127.057,0,2.73277,-3.80721,3669,0.00234,0,0.000588,76.5002,972.864,-2.78115,1.30887,-1.39113,-2.82875,1.01462,17.1201
86.6621,84.0844,-4.31952,1820.9,126.888,0,3.2028,-3.82766,3668,0.00234,0,0.000392,76.9785,973.308,-2.73201,1.44098,-1.19658,-2.79866,1.01091,17.2565
85.005,83.4911,-4.55679,1807.48,127.034,0,3.35737,-3.56171,3668,-0.00351,0,0.00098,77.7152,973.697,-2.57045,0.480153,-1.42249,-2.90475,1.00056,17.7182
83.1024,80.8316,-4.29159,1795.49,125.84,0,3.0527,-3.25484,3668,-0.00506997,0,0.001372,77.471,973.554,-2.20969,-0.248999,-1.54182,-2.43471,1.01609,17.1165
85.6597,82.059,-3.022,1784.84,124.9,0,2.50615,-3.21392,3668,-0.00234002,0,0.00098,77.8511,973.792,-1.63867,0.831835,-1.83659,-2.02712,1.02206,15.8451
87.5418,83.6752,-2.02256,1774.92,124.503,0,2.90661,-3.78675,3668,-0.00195003,0,0.005096,78.8688,973.817,-1.11286,1.51983,-0.907152,-1.98972,1.0586,16.0224
83.6343,81.8749,-2.28697,1764.25,123.409,0,3.59668,-3.86858,3668,-0.00585002,0,0.006076,78.7987,974.007,-1.30112,1.01268,-0.813668,-2.57189,1.01138,15.7719
83.4502,81.0975,-2.25139,1755.23,122.217,0,3.5737,-3.68446,3668,-0.00312001,0,0.004116,78.09,973.686,-1.51053,1.29696,-1.40017,-2.22832,1.01361,14.4442
85.7824,82.6114,-2.75589,1744.95,122.367,0,3.37172,-3.2753,3668,-0.00155997,0,0.00392,78.5096,974.082,-1.69586,2.06424,-1.58612,-1.92961,0.978984,13.5348
89.0966,84.8209,-3.17992,1733.34,124.371,0,3.53321,-3.0298,3668,-0.00351,0,0.005292,79.5783,975.312,-1.68515,2.0077,-1.36212,-1.53395,0.989468,14.7459
86.4371,83.6343,-3.14634,1722.49,125.358,0,3.55383,-3.60263,3668,-0.00234002,0,-0.000587987,79.653,976.202,-1.34022,0.762417,-1.47367,-1.42903,1.01819,15.5945
87.5827,84.1049,-3.38749,1711.33,127.35,0,3.3354,-3.664,3669,-0.00312001,0,-0.003724,78.6658,977.308,-1.39736,-0.344683,-1.35203,-0.975298,1.02163,16.6274
89.5671,85.0868,-3.8496,1700.04,126.211,0,2.9865,-3.50034,3668,-0.00195003,0,-0.002548,77.7048,977.11,-1.5326,-1.5809,-1.41482,-0.850562,0.996731,15.8052
86.1506,83.7366,-2.80323,1690.67,125.529,0,2.83892,-3.37759,3668,-0.000779989,0,-0.00176399,76.4486,977.311,-1.51141,-3.52141,-0.9093,-0.842318,1.04042,14.7679
82.2432,80.5452,-3.42144,1680.73,124.912,0,2.54845,-0.799881,3668,-2.56281e-16,0,-0.00274398,76.9993,977.235,-2.01766,-3.99504,-0.818292,-1.36167,1.00198,14.5654
83.7366,81.834,-5.26503,1670.01,125.145,0,2.51986,-3.13209,3668,0.00156,0,-0.001372,76.9602,977.813,-2.60242,-2.33109,-0.569813,-1.68076,0.933255,13.5945
83.532,81.4044,-4.7532,1660.04,126.412,0,3.11342,-2.49789,3668,0.02067,0,-0.00117599,77.4559,978.683,-2.16887,-1.06875,-0.274685,-2.64851,0.978112,15.8398
82.7137,80.7497,-3.11775,1647.05,126.206,0,3.53948,-5.23927,3668,0.01872,0,-0.00215598,76.7746,979.159,-1.67598,-0.634019,-0.797992,-3.01913,1.04548,16.075
83.4707,79.7473,-4.69644,1632.81,127.683,0,3.2877,-4.2982,3668,0.01053,0,0.000392,76.699,980.184,-2.91373,0.0967386,-1.50158,-3.00204,0.972325,16.8659
84.7186,81.343,-5.82453,1620.91,127.338,0,2.96152,-3.13209,3669,0.00858,0,-2.1911e-16,75.5101,980.338,-3.61557,0.790188,-1.61269,-2.46625,0.946255,16.5607
86.6826,83.3684,-5.24992,1607.74,126.465,0,2.61881,-3.09117,3668,-0.01092,0,-0.000391977,77.175,980.495,-3.21954,1.27824,-1.85777,-2.10173,0.970192,15.2969
86.4371,84.9845,-4.10065,1593.19,127.193,0,2.86968,-1.57729,3669,-0.01755,0,0.000588,78.6582,981.058,-2.39823,0.83623,-1.28915,-1.89928,1.02473,15.8976
86.2325,84.2685,-2.36051,1582.27,125.991,0,2.98636,-2.33423,3668,-0.02106,0,-0.001372,81.1622,981.31,-0.848213,-0.0413208,-1.33417,-2.08706,1.09232,15.0734
83.8798,80.9543,-1.5653,1572.62,127.651,0,2.86471,-3.54125,3668,-0.01638,0,-0.00450798,80.7661,982.26,0.172692,-1.15731,-1.17333,-1.88778,1.1241,15.9264
87.1531,82.0795,-2.18763,1564.7,127.773,0,2.35133,-3.80721,3668,0.00039,0,-0.00529199,79.3744,982.653,0.127833,-0.817102,-1.60189,-1.72799,1.07794,16.3986
85.5983,83.082,-2.83798,1558.51,127.676,0,2.51705,-4.21637,3668,0.00117,0,-0.00548799,79.6934,982.897,-0.214861,-0.54356,-1.03478,-1.80856,1.04369,16.0687
83.7775,82.3659,-5.08406,1552.79,127.668,0,3.032,-5.36202,3669,0.00858,0,-0.00196,79.4302,982.897,-1.27325,-0.675855,-1.02746,-2.5213,0.966888,16.983
84.1662,81.5681,-6.42187,1547.04,127.084,0,3.47975,-4.17545,3668,0.01521,0,-0.00196,79.6416,982.934,-2.25233,-0.377679,-0.932629,-2.85073,0.921683,16.5047
84.514,80.1565,-5.81475,1539.17,127.913,0,3.60411,-3.76629,3668,0.02691,0,0.000588,79.4895,983.567,-2.19801,0.285715,-1.20464,-3.17786,0.963815,17.0819
85.1278,82.3864,-5.09465,1530.21,128.431,0,3.48995,-4.03225,3668,0.02301,0,-0.00196,79.6506,984.13,-1.85239,0.925669,-1.76558,-2.81463,1.00538,17.2974
85.1482,82.6114,-5.23249,1519.05,128.457,0,3.55738,-5.15743,3668,0.01833,0,-0.000783997,79.4892,984.377,-2.22558,1.26876,-1.1884,-2.86694,0.990337,17.03
85.1278,82.6319,-5.83682,1509.2,128.356,0,3.34428,-5.0756,3668,0.02925,0,-5.63426e-16,79.6207,984.714,-3.37271,1.1526,-1.97644,-2.30112,0.953237,16.5435
85.7006,82.6523,-5.96278,1496.2,128.557,0,3.11333,-3.45942,3668,0.01677,0,-0.00196,79.5542,985.331,-3.9169,1.91677,-1.732,-2.08115,0.954816,15.5815
89.3421,83.8389,-5.6808,1484.6,129.322,0,3.37681,-3.50034,3668,0.02223,0,-0.00470399,79.6427,986.13,-3.40546,1.83551,-1.06417,-1.78837,1.00372,15.7079
84.2071,83.7571,-5.23705,1471,130.448,0,3.53073,-4.07316,3669,0.02886,0,-0.00352799,79.5792,987.001,-2.80844,0.44422,-1.39445,-1.88007,1.03306,16.2502
84.5549,81.9568,-5.62542,1458.27,130.421,0,3.36275,-4.74828,3668,0.02145,0,-0.00235199,79.6278,987.395,-2.97238,-0.241441,-1.93356,-1.53561,1.01394,15.8731
85.8233,82.5705,-5.90902,1444.42,130.426,0,3.07209,-4.76873,3668,0.01248,0,-0.000979977,79.6174,988.055,-3.49111,0.0168101,-1.74039,-1.48258,0.976557,15.3125
86.703,85.0255,-6.15626,1431.8,130.996,0,2.98402,-4.6869,3669,0.01053,0,-0.00215598,79.2986,988.569,-3.8729,-1.06746,-1.41608,-1.23735,0.994472,15.1764
83.1229,80.7702,-6.38405,1417.67,130.461,0,2.52227,-4.19591,3668,0.01482,0,-0.00529199,78.9011,989.05,-4.23315,-1.56479,-2.27934,-1.25023,0.980481,13.7006
86.7439,83.4093,-6.08555,1404.23,131.024,0,2.55403,-3.84812,3668,0.01404,0,-0.00725199,78.9172,989.404,-4.27311,-0.137442,-1.16422,-1.25919,1.00345,13.2957
87.419,84.78,-5.65356,1390.84,130.55,0,2.82956,-4.01179,3668,0.00507,0,-0.00823198,78.6342,989.737,-3.75716,0.7671,-0.964017,-1.61173,0.995029,12.7842
87.91,84.9641,-4.60251,1375.64,131.478,0,2.96434,-4.40049,3668,0.00312,0,-0.00509598,77.9294,990.849,-3.3908,0.0825444,-1.35056,-1.36812,1.08038,13.2173
83.4707,81.118,-6.23587,1361.48,131.872,0,3.03456,-4.42094,3668,-0.000389995,0,-0.004312,77.1889,991.645,-3.81962,-1.32212,-1.59324,-1.68587,0.9653,13.2836
86.8462,81.8545,-7.3942,1349.38,133.89,0,2.77056,-3.99133,3668,-0.00585002,0,-0.00744797,77.201,992.831,-4.2298,-1.25053,-1.67795,-1.46647,1.0749,14.8823
86.6416,84.3504,-7.90271,1337.67,134.463,0,2.50276,-3.72537,3668,0.00273,0,-0.012348,77.0312,993.396,-3.88812,-1.62488,-1.95903,-1.56037,0.231191,15.0199
86.5598,84.0639,-6.75861,1324.25,135.425,0,2.81113,-3.664,3668,-0.00273001,0,-0.01078,77.1889,994.297,-2.99004,-2.35146,-1.10321,-1.94823,-0.645075,16.385
82.9183,80.4429,-5.79796,1315.29,134.058,0,2.77802,-4.35957,3668,-4.79303e-16,0,-0.010388,77.1543,993.986,-2.15353,-2.41876,-1.93231,-2.49348,-0.0539384,15.7617
83.8594,81.2612,-5.97527,1304.89,134.571,0,2.99818,-4.35957,3668,0.00897,0,-0.00881998,77.1794,994.817,-2.03838,-1.51164,-0.817874,-2.83352,-0.415993,16.4083
83.9003,81.343,-6.76734,1298.94,134.446,0,2.98777,-4.4414,3668,0.01677,0,-0.00783999,77.0977,994.753,-2.18643,-0.600385,-1.44862,-3.16745,-0.514775,17.2587
84.6777,79.5018,-6.92915,1293.58,133.389,0,3.00703,-4.56415,3668,0.02535,0,-0.00881998,77.1542,994.656,-2.27517,0.717137,-1.23538,-2.99944,-0.680633,16.6875
85.9461,82.3659,-7.04552,1287.33,132.642,0,2.93195,-5.52568,3668,0.04446,0,-0.00764398,77.1098,994.404,-2.36931,1.8046,-1.30746,-2.89085,-0.079913,16.1774
85.987,83.4911,-7.61283,1280.74,131.502,0,3.06909,-5.48476,3668,0.05538,0,-0.00568398,77.1165,994.39,-3.24769,2.4612,-1.42261,-2.4839,0.17147,15.7434
86.7644,84.3913,-8.65586,1272.01,131.034,0,3.29152,-4.13453,3668,0.05499,0,-0.002548,77.0929,994.166,-3.87476,4.13999,-0.743619,-2.40086,-0.235731,15.4407
89.7717,91.7971,-6.52609,1260.76,131.235,0,3.73195,-4.50278,3668,0.05928,0,-0.00529199,77.0955,994.726,-2.98639,2.05179,-1.05967,-1.89638,0.594469,15.9503
84.0026,83.7775,-6.30986,1248.61,131.29,0,3.34957,-4.78919,3668,0.05811,0,-0.00862397,77.0895,995.168,-2.80361,-1.22526,-2.86564,-1.65333,1.20261,15.8913
84.7186,82.059,-7.05361,1236.07,130.987,0,2.85518,-3.86858,3668,0.05928,0,-0.00979997,77.149,995.471,-3.38928,-1.46488,-1.78554,-1.2563,0.223681,15.1645
85.3937,82.8774,-5.92189,1223.92,131.031,0,2.70288,-4.11407,3668,0.06123,0,-0.01078,77.1369,995.783,-3.26875,-1.65696,-1.52577,-1.53918,0.640228,14.7951
85.0664,82.55,-6.03109,1210.19,131.783,0,2.72798,-4.9324,3668,0.05928,0,-0.013524,77.1715,996.63,-3.5771,-1.40984,-1.35467,-1.58799,-0.184601,15.5214
85.6187,83.1024,-6.60997,1197.79,130.603,0,2.88067,-4.27774,3668,0.05148,0,-0.011172,77.1404,996.586,-3.88615,-1.34861,-1.08709,-2.0906,-0.183495,14.8528
84.4117,83.1229,-6.03698,1183.35,131.096,0,2.81538,-4.17545,3668,0.04719,0,-0.00901599,77.1524,997.316,-3.70614,-1.96087,-1.66174,-2.02768,0.434506,14.8185
84.4526,81.6908,-5.9166,1169.91,130.723,0,2.60168,-4.0527,3668,0.04407,0,-0.010976,77.1404,997.749,-3.81306,-1.93953,-1.99477,-2.34398,0.534638,14.3151
84.3094,81.834,-6.07932,1155.88,130.905,0,2.75885,-3.86858,3668,0.03744,0,-0.00842799,77.1818,998.295,-3.74844,-1.76474,-0.945148,-2.53514,-0.543929,14.0016
82.591,80.4838,-5.72031,1141.59,132.102,0,2.80849,-4.21637,3668,0.03003,0,-0.004312,77.1265,999.195,-3.71983,-1.00562,-1.61995,-3.04316,0.992458,15.0041
85.987,81.1998,-5.92424,1126.66,131.717,0,3.09911,-4.01179,3668,0.02223,0,-0.010192,77.1864,999.689,-3.84864,0.378129,-0.397062,-3.14757,0.986266,14.6742
86.2529,83.1229,-5.68883,1115.89,129.621,0,3.01003,-3.95041,3668,0.0156,0,-0.00764398,77.16,998.959,-3.8212,1.21867,-1.27901,-3.20477,1.04904,13.3107
89.9354,83.9821,-5.28355,1102.96,131.066,0,2.66933,-4.01179,3668,0.01716,0,-0.00450798,77.0678,1000.37,-3.64641,1.06314,-1.81867,-2.37409,0.950034,12.423
81.834,79.6246,-7.45901,1090.07,132.455,0,2.32189,-3.97087,3669,0.01326,0,-0.00548799,76.82,1001.19,-3.9322,-0.38848,-2.56866,-2.18103,1.08767,14.3671
85.0868,81.4249,-6.53339,1077.89,132.619,0,2.5013,-3.52079,3669,0.01092,0,-0.00196,76.7803,1001.54,-3.59629,0.341734,-0.433725,-2.21171,0.672139,14.2625
85.3323,81.4453,-5.96978,1064.71,133.343,0,2.48856,-4.42094,3668,0.00156,0,-0.00783999,75.7405,1002.27,-2.77229,1.16585,-1.85535,-2.25235,0.709897,15.4492
87.5009,85.2096,-5.94122,1054.86,131.239,0,2.72647,-5.11652,3668,0.00117,0,-0.00176399,76.8192,1002.05,-3.15967,1.64065,-0.493161,-1.96693,1.11161,14.583
81.4249,86.6416,-6.8035,1041.77,130.971,0,2.59901,-4.19591,3668,0.00975,0,-0.00529199,77.3011,1002.35,-3.90595,-0.716877,-2.19421,-1.85426,0.911263,14.0044
84.514,82.3864,-7.4604,1031.44,131.055,0,2.24267,-3.25484,3668,0.01014,0,-0.00196,76.805,1002.54,-4.19727,-0.647735,-2.21144,-1.4462,0.998264,13.6382
85.0664,82.5705,-6.44578,1019.39,131.986,0,2.57753,-3.72537,3668,-0.00234002,0,-0.00293999,76.3115,1003.48,-3.50712,0.115689,-0.598075,-2.01955,0.979723,14.8909
89.0761,82.4682,-5.86081,1005.93,130.724,0,2.71831,-3.97087,3668,-0.0156,0,-0.00901599,76.5145,1003.54,-3.09832,1.05593,-1.36807,-1.76905,1.04518,14.5786
83.0615,84.6572,-5.55538,993.344,131.002,0,2.97621,-2.8866,3669,-0.01638,0,0.001372,76.4403,1003.95,-2.85004,-0.158895,-1.02893,-2.04542,1.00548,15.193
85.987,80.8929,-4.57834,984.402,130.181,0,2.86379,-3.84812,3668,-0.01755,0,-0.000587987,76.4339,1004.12,-2.02818,-0.560033,-1.90049,-1.78809,1.09332,15.4221
83.6548,80.9134,-4.40713,973.557,129.096,0,3.00512,-4.01179,3668,-0.0117,0,-0.00333198,76.4915,1003.84,-2.01953,-0.315435,-0.747039,-2.21319,1.00829,14.4172
85.4346,82.0795,-5.74498,965.21,130.199,0,2.90079,-4.15499,3668,0.00468,0,-0.00627197,76.4693,1004.55,-2.23337,-0.0904022,-1.44742,-1.92612,1.0162,16.1407
85.496,82.9797,-5.37968,958.667,128.15,0,2.62814,-3.95041,3668,0.0312,0,-0.00764398,76.4541,1004.06,-2.31954,-0.0981613,-2.06341,-1.85227,0.967302,15.545
86.3143,83.2456,-5.57119,946.482,128.357,0,3.01652,-4.21637,3668,0.04056,0,-0.00842799,76.3482,1004.76,-2.31972,0.27145,-0.769429,-1.96602,1.01101,15.3038
86.1916,83.6957,-4.75969,939.035,127.356,0,3.5207,-4.31866,3668,0.06396,0,-0.00823198,76.3361,1004.32,-1.90886,0.13349,-0.429501,-2.56077,1.00228,16.8845
86.3348,83.6957,-4.48341,929.632,126.621,0,3.67515,-5.66888,3668,0.0858,0,-0.00568398,76.3368,1004.44,-1.73258,-0.478775,-1.50011,-2.44959,1.0227,16.6679
83.8184,84.4526,-4.70544,919.012,125.483,0,3.67028,-5.66888,3668,0.09126,0,-0.00901599,76.3884,1004.36,-2.32632,-1.52249,-1.34747,-2.7577,0.950231,16.9951
85.2096,81.9363,-4.98318,909.192,123.753,0,3.41637,-3.82766,3668,0.07644,0,-0.00568398,76.3511,1004.02,-2.46811,-2.15761,-2.05291,-2.57404,0.965681,15.9987
82.1818,81.7522,-2.59382,897.553,122.567,0,3.28351,-2.76385,3669,0.01911,0,-0.00176399,76.3776,1003.86,-0.963258,-1.8521,-0.832864,-3.08326,1.03688,15.5156
84.8004,79.4609,-0.178369,886.009,121.758,0,3.16212,-2.70247,3669,-0.07215,0,-0.00744797,76.4022,1004.21,0.627049,-0.784963,1.59457,-2.90559,1.11971,15.1406
87.0099,82.8365,0.323592,875.985,118.287,0,2.54626,-1.24995,3668,-0.10608,0,-0.00548799,76.1376,1003.05,1.1464,0.503629,2.12231,-2.41629,1.05318,13.6427
92.2881,89.649,1.27394,870.807,115.992,0,2.17771,-0.472553,3668,-0.41067,0,-0.000195997,70.9469,1002.31,2.18945,-0.0269179,2.61889,-1.47767,1.0784,11.0354
85.0459,82.8774,1.00123,861.963,115.244,0,1.63106,0.611721,3668,0.09048,0,-0.00176399,65.0726,1002.3,2.1667,-1.17896,1.79104,-1.09865,1.03327,12.6469
91.8175,83.9207,0.864511,862.98,110.758,0,1.43948,3.43492,3668,0.03003,0,-0.00509598,62.3074,1000.7,2.36985,-0.827109,2.68581,-0.654753,0.999936,9.90638
85.2914,80.8929,2.05431,861.077,109.688,0,1.69377,3.04622,3668,-0.16419,0,-0.00568398,61.0372,1000.14,3.17302,-1.043,3.20695,-1.07542,1.01315,10.1927
87.0303,83.6139,3.79122,863.486,107.265,0,1.88221,3.76225,3668,-0.22464,0,-0.00509598,60.4733,999.696,3.84724,-0.27596,4.10217,-0.915578,1.01648,9.55935
