84.6777,84.3504,-4.17239,2377.57,173.778,177.889,-4.02713,-3.35713,2454,-0.00585002,177.889,-0.003136,63.7668,980.105,-1.33171,-0.991882,-0.310868,-177.547,0.981873,12.0178
84.9232,85.0255,-4.07012,2364.06,173.486,177.889,-3.95886,-3.43896,2454,-0.00467998,177.889,-0.00352799,63.8032,980.4,-1.30682,-2.30637,0.242089,-176.985,0.986791,11.8471
83.4707,83.3479,-4.247,2349.34,173.048,177.889,-4.09068,-3.47988,2454,-0.00273001,177.889,-0.00529199,63.8156,980.621,-1.42124,-3.73337,-0.559133,-177.859,0.996328,12.3633
83.4707,83.307,-4.39738,2334.71,172.799,177.889,-4.0688,-3.4185,2454,-0.00234002,177.889,-0.00391998,63.8515,981.005,-1.62807,-4.03615,0.315906,-177.517,0.636595,12.8902
83.4707,83.2865,-4.27089,2319.91,172.64,177.889,-4.0657,-3.39804,2454,-0.00273001,177.889,-0.004312,63.8476,981.425,-1.72027,-3.8428,-0.153495,-178.646,0.0498466,11.8874
83.4911,83.2865,-4.14142,2303.35,172.509,177.889,-3.92167,-3.33667,2454,-0.00428999,177.889,-0.003136,63.8535,981.913,-1.78016,-3.82068,0.364359,-178.382,-0.55964,12.0139
82.1204,81.7113,-3.96865,2287.05,172.61,177.889,-3.99257,-3.07072,2454,-0.00234002,177.889,-0.00293999,63.8464,982.544,-1.71006,-3.29307,-0.125458,-179.439,-0.0606976,11.8965
82.5091,82.3046,-3.63637,2270.69,172.618,177.889,-3.91487,-3.07072,2454,-0.00195003,177.889,-0.00176399,63.8678,983.103,-1.44849,-2.09105,0.528201,-179.034,0.217032,12.0114
81.5271,81.1794,-3.49533,2254.62,172.593,177.889,-4.02088,-3.13209,2454,-0.000779989,177.889,-0.000979977,63.8583,983.648,-1.35157,-0.804947,0.0247226,-179.893,-0.209533,11.8872
82.8774,82.5705,-3.74348,2238.36,172.538,177.889,-3.93995,-3.45942,2454,0.00078,177.889,0.000784,63.8173,984.193,-1.34676,0.811254,0.786817,-179.209,-0.00610919,12.0365
83.3684,83.0206,-4.2739,2224.74,172.614,177.889,-4.00536,-3.72537,2469,0.00117,177.889,0.003136,63.8065,984.623,-1.65352,1.30149,0.120814,-179.817,-0.150875,11.8247
83.4297,83.3274,-4.67752,2210.34,172.181,177.889,-4.05638,-3.62308,2580,-2.9628e-16,177.889,0.00294,63.8323,984.882,-1.9573,1.05976,0.3885,-178.862,-0.31507,12.3857
83.3479,83.2661,-4.63594,2191.46,171.367,177.889,-4.356,-3.92995,2689,0.00273,177.889,0.002548,63.7655,984.969,-1.98997,0.75194,-0.324985,-179.295,0.293801,12.9354
83.3479,83.1229,-5.21529,2175.04,170.005,177.889,-4.50261,-5.15743,2801,0.00078,177.889,0.004116,63.8309,984.815,-2.00055,0.692442,0.288257,-178.282,-0.373288,13.5411
83.3479,83.1638,-7.3996,2162.43,168.512,177.889,-4.79201,-5.75072,2910,0.00078,177.889,0.005684,63.7696,984.365,-2.96333,0.878496,-0.47037,-178.731,0.0692599,14.0434
83.3274,83.1024,-9.32816,2150.61,166.927,177.889,-4.77561,-6.344,3020,-2.32791e-16,177.889,0.007252,63.8961,983.941,-4.18429,1.28459,0.583086,-177.858,0.46406,13.8959
83.3479,83.1024,-10.2502,2138.48,165.48,177.889,-4.69991,-6.77362,3020,0.00195,177.889,0.007252,63.712,983.507,-5.04115,1.485,0.072327,-178.601,0.0615255,13.9713
81.5271,82.7546,-10.6,2122.69,164.396,177.889,-4.67761,-6.32354,3020,0.0039,177.889,0.00882,65.5856,983.531,-5.70625,1.52258,0.24646,-177.68,0.439525,13.9364
83.4911,82.3455,-9.83746,2104.36,164.087,177.889,-4.92557,-5.66888,3020,0.00351,177.889,0.007448,71.2452,983.92,-5.72483,2.50447,-0.0226787,-178.102,0.917471,13.9373
83.6957,83.4502,-8.84275,2083.17,163.598,177.889,-4.75634,-5.75072,3020,0.00156,177.889,0.00882,72.3953,984.471,-5.3062,3.11964,0.734062,-177.116,0.959018,13.9764
83.6752,83.532,-8.46118,2063.23,163.186,177.889,-4.85145,-5.11652,3020,0.00117,177.889,0.008624,72.053,984.865,-4.94612,2.79148,-0.213989,-177.515,1.10207,13.8667
83.5934,83.3888,-7.51771,2045.78,162.573,177.889,-5.07688,-5.28018,3020,-0.00195003,177.889,0.010388,71.9565,985.166,-4.18642,2.51429,0.189087,-176.141,0.568479,14.5751
83.798,83.4707,-7.47183,2028.22,161.645,177.889,-5.29294,-5.34156,3020,-0.00389999,177.889,0.009212,71.4756,985.222,-3.92812,2.51044,-0.172379,-176.497,0.877731,14.9967
84.6777,84.4936,-8.01869,2013.59,160.681,177.889,-5.29823,-5.42339,3020,-0.00234002,177.889,0.008428,69.7028,985.21,-4.04574,2.4586,0.224256,-175.33,1.05648,14.9749
84.2071,84.1458,-7.98403,1999.13,159.681,177.889,-5.15658,-5.25972,3020,-0.00467998,177.889,0.009408,69.7369,985.111,-3.95254,1.76006,0.412521,-176.092,0.973642,14.3204
83.5525,84.0026,-7.76799,1984.8,158.85,177.889,-5.16254,-5.36202,3020,-0.00585002,177.889,0.008624,72.3586,985.279,-3.841,0.8124,-0.229092,-175.053,0.961284,14.1506
83.5116,83.2865,-7.68021,1969.84,158.261,177.889,-5.44451,-4.95285,3020,-0.00663001,177.889,0.008428,73.5161,985.453,-3.84092,0.531283,-0.164732,-175.599,0.421252,15.1618
83.4911,83.2865,-7.46758,1955.46,157.824,177.889,-5.34631,-5.09606,3020,-0.00740999,177.889,0.00784,73.2582,985.747,-3.61033,0.676104,0.240014,-174.713,1.08947,14.7558
83.4911,83.307,-7.24341,1941.6,157.296,177.889,-5.42242,-5.15743,3020,-0.00740999,177.889,0.006664,73.8634,985.953,-3.43896,0.825854,0.00352333,-175.472,0.949281,15.1543
83.6139,83.3479,-7.25016,1927.4,156.814,177.889,-5.17349,-5.13697,3020,-0.00897002,177.889,0.006468,76.0249,986.218,-3.44456,0.92367,0.582375,-174.685,1.03362,14.1666
84.2276,84.2685,-7.30332,1914.09,156.605,177.889,-5.27525,-4.99377,3019,-0.00779999,177.889,0.00686,77.4404,986.512,-3.38409,0.511576,-0.224364,-175.404,0.957763,14.5424
84.2276,84.1049,-7.0372,1900.61,156.119,177.889,-5.36703,-4.87102,3020,-0.00818998,177.889,0.006076,76.834,986.766,-3.16875,-0.214851,-0.155899,-174.36,1.03835,15.0199
84.1049,84.0639,-6.67953,1887.93,155.554,177.889,-5.52538,-5.09606,3020,-0.00702,177.889,0.0049,79.3462,986.901,-2.91134,-0.811244,-0.118869,-175.185,0.991648,14.91
83.2865,83.2252,-6.83254,1876.05,155.222,177.889,-5.39771,-4.97331,3020,-0.00663001,177.889,0.004704,80.6774,987.181,-2.9444,-1.24658,0.284349,-174.484,1.02217,14.9552
83.0001,82.7956,-6.81518,1863.64,154.877,177.889,-5.44839,-5.05515,3020,-0.00663001,177.889,0.002548,80.8911,987.424,-2.84949,-1.26445,-0.0737212,-175.542,0.978347,14.9362
83.041,82.8774,-6.66943,1851.34,154.448,177.889,-5.38063,-5.11652,3020,-0.00624001,177.889,0.002352,80.5448,987.591,-2.75654,-0.910826,0.28949,-174.774,1.01899,14.9421
83.2865,83.041,-6.71147,1840.18,154.268,177.889,-5.50601,-5.09606,3020,-0.00428999,177.889,0.001372,84.0783,987.866,-2.73773,-0.468222,-0.180774,-175.706,0.976024,14.9433
84.0639,83.4707,-6.70805,1828.41,154.512,177.889,-5.34439,-5.30064,3020,-0.00428999,177.889,0.000392,84.1532,988.415,-2.68848,-0.125913,0.557621,-174.891,1.01519,14.938
84.0435,84.0026,-6.72773,1816.51,154.669,177.889,-5.38455,-5.30064,3020,-0.00428999,177.889,0.000784,81.9396,988.954,-2.76091,-0.421785,-0.264256,-175.828,0.978048,14.9456
84.1049,83.9617,-6.93538,1804.88,154.836,177.889,-5.36215,-5.3211,3020,-0.00155997,177.889,0.000392,82.2967,989.461,-2.9381,-0.917675,0.112364,-174.875,0.996991,14.937
84.0435,83.9821,-7.06847,1792.66,154.923,177.889,-5.47795,-5.3211,3020,-0.000779989,177.889,-0.000979977,82.0735,989.895,-3.04583,-1.46862,-0.189578,-175.893,0.967195,14.9458
84.0435,83.9207,-7.03526,1779.97,155.152,177.889,-5.34358,-5.36202,3020,1.05814e-17,177.889,-0.00117599,82.4829,990.472,-3.14445,-2.03017,0.281885,-175.167,0.994353,14.9373
83.7775,83.8594,-7.10429,1766.95,155.347,177.889,-5.42402,-5.36202,3020,0.00156,177.889,-0.00156798,82.3727,990.975,-3.20904,-2.70602,-0.387882,-176.359,0.972555,14.9451
83.0001,83.5934,-7.12922,1754.83,155.56,177.889,-5.47485,-5.36202,3020,0.00273,177.889,-0.00117599,82.6189,991.55,-3.29653,-3.1263,0.0423409,-175.585,0.994713,14.9384
82.7546,82.6728,-7.20058,1740.89,155.845,177.889,-5.64545,-5.36202,3020,0.00156,177.889,-0.00176399,82.5168,992.168,-3.35467,-3.03373,-0.24483,-176.807,0.976148,14.9436
82.4068,81.1998,-7.27545,1727.2,156.077,177.889,-5.53541,-5.38247,3019,0.00195,177.889,-0.000783997,82.6771,992.772,-3.48127,-1.86653,0.496861,-176.133,0.992425,14.9402
84.3094,84.0026,-7.32466,1713.56,156.402,177.889,-5.49239,-5.30064,3019,0.00117,177.889,-0.000195997,82.5621,993.41,-3.47931,-0.793105,0.0886978,-177.343,0.976626,14.9413
84.0435,83.9412,-7.2006,1699.9,156.588,177.889,-5.29422,-5.30064,3020,0.00195,177.889,0.000196,82.6909,993.994,-3.39465,-0.927959,0.360152,-176.484,1.00739,14.943
82.591,83.9003,-7.0252,1687.01,156.816,177.889,-5.38234,-5.40293,3020,0.00156,177.889,-0.000783997,82.5954,994.519,-3.23938,-1.46626,-0.292798,-177.609,1.00221,14.938
82.9183,81.9363,-7.37388,1672.96,156.895,177.889,-5.54804,-5.64843,3020,0.00195,177.889,0.000784,82.697,995.118,-3.46789,-0.983094,0.00586987,-176.484,0.996709,14.9473
83.6548,83.1638,-7.84646,1659.56,157.124,177.889,-5.55947,-5.64843,3020,0.0039,177.889,0.001568,82.5985,995.724,-3.87858,-0.0154421,0.179104,-177.626,0.9455,14.9324
82.6933,83.3274,-7.79184,1644.41,157.6,177.889,-5.47024,-5.52568,3020,0.00507,177.889,0.001764,82.6993,996.442,-4.03392,0.0498214,0.0526353,-176.507,0.978682,14.9545
82.7137,82.5296,-7.77028,1629.51,157.827,177.889,-5.60247,-5.64843,3020,0.00507,177.889,0.002156,82.6202,997.147,-4.10417,0.510104,0.191011,-177.492,0.97032,14.9314
83.5934,82.6728,-7.67253,1613.31,158.041,177.889,-5.61819,-5.58705,3020,0.00351,177.889,0.003136,82.745,997.812,-4.16643,1.15774,0.0260504,-176.188,0.992981,15.7906
83.7162,83.6752,-7.76895,1597.99,158.434,177.889,-5.79985,-5.52568,3020,0.00273,177.889,0.00294,82.6894,998.464,-4.25569,1.45773,-0.0388878,-177.003,0.973764,15.9721
83.6343,83.5116,-7.75067,1581.14,158.821,177.889,-5.72658,-5.52568,3020,0.00273,177.889,0.002548,82.793,999.321,-4.2818,1.38378,0.0862648,-175.661,0.999532,15.9238
83.6957,83.532,-7.8105,1564.85,159.26,177.889,-5.87468,-5.50522,3019,0.00312,177.889,0.004508,82.7142,1000.17,-4.33013,1.45506,-0.200309,-176.508,0.986227,15.9404
83.7162,83.5525,-7.71141,1549.12,159.758,177.889,-5.57786,-5.23927,3020,0.0039,177.889,0.004312,82.7904,1000.95,-4.16113,1.45468,0.655911,-175.355,1.01597,15.9442
83.6957,83.573,-7.26264,1534.2,160.334,177.889,-5.61544,-5.19835,3019,0.00234,177.889,0.00196,82.7156,1001.76,-3.70232,1.26921,-0.286723,-176.35,1.03397,15.9169
83.7162,83.5525,-7.18975,1519.69,160.365,177.889,-5.54577,-5.64843,3020,0.00195,177.889,0.003136,82.8025,1002.27,-3.34862,1.30969,0.225242,-174.961,1.05582,15.9923
84.8618,84.6368,-7.86138,1507.36,160.407,177.889,-5.53571,-5.7098,3019,0.00039,177.889,0.004116,82.7309,1002.73,-3.56503,1.08878,-0.00866935,-176.06,0.990196,15.3551
84.4322,84.5345,-8.45768,1495.61,160.581,177.889,-5.34437,-5.64843,3020,0.00273,177.889,0.00294,82.8116,1003.28,-3.78053,-0.0405302,0.221826,-174.817,0.980836,14.7831
83.5116,83.2252,-8.23925,1481.88,160.832,177.889,-5.52648,-5.97575,3020,0.00351,177.889,0.003528,82.4416,1003.83,-3.73269,-1.05853,-0.437522,-176.01,0.984509,15.5956
83.4502,83.2252,-8.51544,1468.26,160.882,177.889,-5.61164,-5.68934,3020,0.00273,177.889,0.002744,82.2142,1004.34,-4.03718,-1.31815,0.0145701,-174.702,0.973121,16.01
83.1843,83.0001,-8.57517,1454.85,161.292,177.889,-5.67508,-5.91438,3020,0.0039,177.889,0.001568,82.0849,1005.04,-4.12528,-1.20007,-0.17532,-176.105,0.968842,15.8884
83.2661,82.9797,-8.60182,1440.16,161.375,177.889,-5.51766,-5.81209,3020,0.0039,177.889,0.001568,82.05,1005.62,-4.31228,-0.789453,0.164776,-174.949,0.976276,15.9774
83.3274,83.1229,-8.48236,1425.42,161.806,177.889,-5.44129,-5.7098,3020,0.00312,177.889,-3.82254e-16,82.0265,1006.33,-4.41211,-0.37529,0.0936165,-176.443,0.96928,15.0574
83.4297,83.1638,-8.43122,1409.63,162.218,177.889,-5.33646,-5.62797,3020,0.00507,177.889,0.000588,81.9884,1007.15,-4.35892,-0.0863732,0.022108,-175.105,1.00026,14.9438
83.5934,83.2456,-8.4437,1394.64,162.65,177.889,-5.34315,-5.73026,3020,0.00312,177.889,-0.000587987,81.9426,1007.9,-4.29286,0.308624,-0.0240165,-176.473,0.990556,14.9041
84.4322,83.4911,-8.51744,1379.59,162.867,177.889,-5.10791,-5.60751,3020,0.0039,177.889,0.000196,81.7877,1008.57,-4.22894,0.499567,0.278366,-175.142,1.00096,15.0275
83.6548,84.3504,-8.47866,1364.58,163.117,177.889,-5.11526,-5.62797,3020,0.00312,177.889,-0.000391977,81.0179,1009.2,-4.09432,0.0691748,-0.179563,-176.504,0.997536,14.3073
83.6548,83.3684,-8.50569,1349.8,163.275,177.889,-5.02745,-5.60751,3020,0.00195,177.889,-0.00176399,80.9886,1009.81,-3.95784,-0.290881,-0.0262959,-175.066,1.01213,13.8844
83.6139,83.3888,-8.43478,1335.65,163.557,177.889,-4.95579,-5.68934,3020,0.00195,177.889,-0.001372,80.9052,1010.42,-3.83479,-0.231418,0.223292,-176.668,1.0063,13.9497
83.8389,83.6139,-8.59236,1322.1,163.402,177.889,-4.74936,-5.77118,3020,0.00351,177.889,-0.00215598,80.8916,1010.83,-3.80115,-0.255489,-0.0648397,-175.289,1.0074,13.998
84.9027,84.6981,-8.66897,1309.08,163.144,177.889,-4.74735,-5.79163,3020,0.00312,177.889,-0.00470399,79.8109,1011.19,-3.84073,-0.512062,-0.0804539,-176.856,0.978478,13.341
84.5549,84.5754,-8.82319,1295.57,162.824,177.889,-4.54167,-5.73026,3020,0.00312,177.889,-0.0049,80.8274,1011.51,-3.92815,-1.53117,0.0133003,-175.492,0.984909,12.8592
83.6548,83.4502,-8.68186,1282.05,162.79,177.889,-4.53286,-6.05759,3019,0.00468,177.889,-0.00450798,81.0888,1011.93,-3.97341,-2.34575,-0.258196,-177.311,0.977134,12.9869
83.7162,83.4911,-8.91703,1268.39,162.67,177.889,-4.41503,-5.68934,3020,0.0039,177.889,-0.00607599,81.359,1012.35,-4.17837,-2.67301,0.0571913,-176.02,0.976684,12.9389
85.1278,84.0639,-8.59841,1254.56,162.549,177.889,-4.3978,-5.66888,3020,0.00507,177.889,-0.00607599,81.5705,1012.81,-4.13697,-3.10997,-0.181149,-178.003,0.977707,12.074
82.1613,83.532,-8.5347,1239.21,162.232,177.889,-4.35058,-5.68934,3020,0.00507,177.889,-0.00842799,81.5625,1013.14,-4.06828,-4.35602,-0.284765,-176.696,1.00502,12.2386
82.5091,82.3455,-8.55058,1224.41,162.335,177.889,-4.71135,-5.7098,3020,0.00468,177.889,-0.00568398,81.5876,1013.71,-4.15589,-4.33571,-0.48919,-178.617,0.980134,13.0983
82.0386,81.7522,-8.57173,1209.8,162.473,177.889,-4.5526,-5.58705,3020,0.00585,177.889,-0.0049,81.6485,1014.31,-4.2524,-3.27138,0.467962,-177.403,0.986849,12.8488
82.2023,81.9363,-8.37702,1195.3,162.321,177.889,-4.57447,-5.28018,3020,0.00624,177.889,-0.003724,81.618,1014.75,-4.03791,-2.05335,-0.131634,-179.528,0.999061,13.0285
82.2841,82.2227,-7.84931,1180.64,162.082,177.889,-4.46277,-5.75072,3020,0.00858,177.889,0.000196,81.6469,1015.12,-3.65932,-0.846154,0.311725,-177.903,1.03898,12.8824
82.8978,82.5091,-8.41858,1167.3,161.849,177.889,-4.52735,-5.79163,3020,0.00546,177.889,-0.000587987,81.6369,1015.46,-3.9876,0.165245,0.0399418,-179.794,0.980115,13.0075
83.5934,82.9592,-8.6719,1154.12,161.596,177.889,-4.43581,-5.68934,3020,0.00663,177.889,0.00196,81.664,1015.89,-4.21621,0.657844,0.216827,-177.842,0.96745,12.8977
84.1662,84.0026,-8.5129,1139.11,161.962,177.889,-4.62375,-5.73026,3020,0.00546,177.889,0.000784,81.6314,1016.52,-4.14368,0.530302,-0.234251,-179.543,0.981148,12.9948
84.1049,83.9821,-8.57086,1124.57,161.857,177.889,-4.63266,-5.73026,3020,0.00741,177.889,0.002744,81.6443,1017.01,-4.22979,0.0285801,0.00217052,-177.407,0.985618,12.9094
83.7571,83.9412,-8.51176,1110.66,162.033,177.889,-4.7274,-5.66888,3020,0.00624,177.889,0.0049,81.6285,1017.58,-4.2912,-0.547744,-0.0308508,-179.418,0.977597,12.9915
83.082,83.3274,-8.6483,1094.77,162.819,177.889,-4.65789,-5.73026,3037,0.00546,177.889,0.004508,81.646,1018.53,-4.31798,-1.03155,0.265593,-177.415,0.992521,13.7458
83.2047,82.8978,-8.63586,1079.02,163.211,177.889,-4.86724,-5.7098,3131,0.00468,177.889,0.007448,81.5747,1019.36,-4.37274,-1.12139,-0.326779,-179.516,1.01364,14.0338
81.6499,82.9592,-9.33211,1065.38,162.447,177.889,-4.88945,-6.46675,3256,0.00702,177.889,0.010388,81.5903,1019.45,-4.64522,-0.949905,0.106096,-177.355,1.06983,13.8751
83.8594,82.5705,-11.1348,1054.98,161.453,177.889,-4.99441,-6.44629,3367,0.00702,177.889,0.01078,81.5946,1019.26,-5.3212,0.189386,0.0664639,-179.635,1.00745,14.0095
84.2276,83.9617,-12.1335,1044.5,161.655,177.889,-4.84199,-7.1214,3476,0.01053,177.889,0.013916,81.6188,1019.82,-5.6795,0.497421,0.362495,-177.329,1.0397,13.8827
82.5296,83.041,-13.7984,1037.74,160.057,177.889,-4.86085,-7.81697,3507,0.01248,177.889,0.016856,81.5659,1019.18,-6.65524,0.204307,-0.0815863,-179.702,0.961131,14.01
83.3684,83.0001,-14.5789,1029.19,159.689,177.889,-4.89067,-7.08049,3508,0.01521,177.889,0.016072,81.603,1019.29,-7.48786,0.357277,-0.044282,-177.12,0.900436,13.8737
82.4068,81.8545,-14.2301,1015.37,158.581,177.889,-4.97816,-7.53056,3508,0.02184,177.889,0.019012,81.5379,1019.1,-7.26792,1.10177,0.0428633,-179.539,0.951059,14.037
84.0844,82.7137,-14.327,1001.38,158.833,177.889,-4.78698,-7.40781,3508,0.02067,177.889,0.020384,81.6247,1019.82,-7.58029,2.60657,0.5341,-176.851,0.924988,13.4275
84.6163,84.3094,-14.2128,985.236,160.352,177.889,-4.62447,-7.40781,3508,0.02028,177.889,0.021168,81.4981,1021.05,-7.85468,2.824,0.261147,-179.377,0.933378,13.535
83.4911,83.1843,-14.0033,966.991,160.113,177.889,-4.30231,-7.48965,3508,0.01365,177.889,0.020384,81.6848,1021.53,-7.96372,1.82176,0.197538,-176.514,0.968645,13.1829
83.3888,82.7546,-13.811,950.232,159.779,177.889,-4.07389,-7.18278,3508,0.01053,177.889,0.022344,80.1739,1022.02,-8.07247,1.24517,0.0616093,-179.436,0.971488,12.6857
82.8978,81.834,-13.6484,931.057,159.166,177.889,-4.05719,-6.8759,3508,0.00702,177.889,0.024304,73.5023,1022.47,-8.09616,1.50607,-0.0426294,-176.282,0.994126,12.8359
82.8569,82.4887,-13.7426,915.294,158.052,177.889,-4.30158,-6.77362,3507,0.00351,177.889,0.023716,68.0784,1022.44,-7.9171,2.37765,-0.179339,-178.962,0.98133,12.7718
83.5934,82.5705,-13.3392,896.223,156.921,177.889,-4.14167,-6.81453,3508,-0.000389995,177.889,0.024892,65.0039,1022.43,-7.65094,3.17714,0.391104,-175.512,1.00012,13.125
83.7162,83.4502,-13.5326,880.718,155.174,177.889,-4.01957,-6.7327,3508,-0.00818998,177.889,0.023716,63.3395,1022.14,-7.57891,3.42375,0.0121545,-178.57,0.970292,12.212
84.3708,83.4707,-13.1574,864.069,154.384,177.889,-3.85252,-6.30308,3508,-0.01521,177.889,0.023716,62.7152,1022.07,-7.33929,3.25338,-0.11873,-174.789,0.974537,12.2756
85.1482,84.8618,-12.1814,847.117,153.294,177.889,-4.03064,-5.853,3508,-0.0156,177.889,0.02254,62.3927,1022.29,-6.58288,2.99697,-0.219672,-177.834,1.02299,12.8926
85.3528,85.0255,-11.5066,833.709,151.875,177.889,-3.6462,-5.7098,3508,-0.01755,177.889,0.018816,62.2786,1022.1,-5.69883,2.10697,0.531551,-174.016,1.05336,12.6428
85.2096,84.9436,-10.749,820.354,149.269,177.889,-3.66253,-6.07804,3508,-0.0195,177.889,0.016268,62.1715,1021.24,-5.05962,0.685698,-0.50275,-177.707,1.053,12.0346
85.1073,84.9232,-11.3079,812.226,147.582,177.889,-3.31753,-6.11896,3508,-0.0195,177.889,0.014896,62.1596,1020.82,-5.17857,-0.474726,0.462719,-173.817,0.997948,11.0583
84.1867,84.2481,-11.7419,802.808,145.59,177.889,-3.33654,-6.44629,3571,-0.01755,177.889,0.01274,62.1639,1020.07,-5.43734,-2.01542,-0.253786,-178.308,0.965361,10.9697
83.4093,83.1024,-11.9927,791.397,144.272,177.889,-3.30645,-5.64843,3664,-0.01521,177.889,0.01274,62.115,1019.64,-6.03662,-2.58712,-0.0457599,-174.049,0.978363,10.7539
83.1024,82.8569,-12.0445,782.414,142.413,177.889,-3.14829,-6.03713,3665,-0.0156,177.889,0.00882,62.0857,1019.14,-6.24364,-2.0978,0.139953,-179.382,0.970514,10.0175
83.9207,83.2661,-12.1852,771.378,140.663,177.889,-2.99717,-5.7098,3665,-0.01365,177.889,0.007448,62.1359,1019.09,-6.23446,-1.72841,0.14928,-174.647,0.954232,9.97471
83.5934,83.9617,-10.8497,759.571,138.42,177.889,-2.94433,-5.13697,3665,-0.01443,177.889,0.007252,62.1095,1018.17,-5.86771,-2.16356,-0.202597,-180.384,0.979164,9.13605
83.2865,83.082,-10.0797,748.94,137.714,177.889,-3.03155,-5.03469,3665,-0.01755,177.889,0.005684,62.1235,1018.48,-5.19699,-2.529,-0.347681,-174.804,1.01811,9.66077
83.5934,83.2456,-9.84827,736.602,134.616,177.889,-3.31194,-5.05515,3665,-0.01638,177.889,0.003332,62.0914,1017.35,-4.98103,-2.29616,-0.397966,-181.138,0.986791,9.50604
82.55,82.7137,-8.76779,729.136,132.013,177.889,-2.80587,-4.46186,3665,-0.01638,177.889,0.002352,62.2205,1016.74,-4.90111,-1.72687,1.25196,-175.158,0.983021,7.5681
81.5885,81.4453,-8.74011,717.983,131.277,177.889,-2.79967,-4.13453,3665,-0.01209,177.889,0.003332,62.1167,1016.67,-4.61532,-1.09864,-0.100695,-182.702,0.972894,8.02881
83.3274,82.4068,-7.48261,707.528,129.044,177.889,-2.77477,-3.84812,3664,-0.01599,177.889,0.004704,65.4468,1015.7,-4.14795,0.183731,0.128023,-174.782,0.999714,7.52407
83.573,83.4502,-7.1485,699.085,128.633,177.889,-2.2148,-3.664,3665,-0.01443,177.889,0.003136,75.2173,1016.28,-3.60004,1.11088,1.30188,-184.119,0.994108,6.29855
85.1891,83.8594,-5.93852,689.191,127.83,177.889,-2.1234,-4.64598,3665,-0.01287,177.889,0.002352,79.6633,1016.18,-3.10751,0.919949,-0.612169,-174.008,1.00724,6.04152
85.8233,85.7006,-6.24376,678.52,126.99,177.889,-2.30529,-4.78919,3665,-0.01248,177.889,0.002156,80.2845,1016.26,-3.30208,-0.111524,-0.0737712,-185.111,0.978542,5.90647
83.0001,83.9207,-7.42011,667.306,127.76,177.889,-2.35473,-2.96843,3665,-0.01248,177.889,0.004312,80.9975,1016.89,-3.94653,-1.74124,-0.630018,-171.843,0.945235,6.71139
83.1024,82.1613,-5.41898,656.705,127.105,177.889,-3.0565,-2.92751,3665,-0.01716,177.889,0.000784,81.0398,1017.07,-3.02225,-1.71791,-1.23582,-187.518,1.02506,7.55447
85.23,85.1278,-4.54731,645.669,127.285,177.889,-2.90169,-4.21637,3665,-0.01482,177.889,0.001372,81.2827,1017.45,-2.10201,-0.593938,0.900416,-167.749,1.06187,7.80029
85.1482,85.1073,-5.29556,638.623,126.764,177.889,-2.1774,-4.23682,3665,-0.01131,177.889,-0.000391977,82.5873,1017.4,-2.37092,-0.672176,1.32151,-191.873,1.00187,6.47939
83.9003,84.0639,-6.18942,628.439,127.24,177.889,-1.88595,-3.95041,3665,-0.00740999,177.889,0.00098,80.6868,1018.2,-2.68288,-1.85347,-0.253173,141.473,0.979144,6.35181
77.0059,81.8749,-6.29698,619.429,127.238,177.889,-2.31879,-3.56171,3665,-0.00506997,177.889,0.001372,79.9454,1018.09,-2.8592,-2.72778,-0.378224,138.566,0.970513,7.27034
81.6703,79.6246,-4.33793,610.986,126.245,177.889,-3.13535,-3.52079,3665,-0.00234002,177.889,0.00098,80.2219,1018.36,-2.13804,-0.420289,-0.919787,-188.915,1.0358,7.92577
85.8233,85.7619,-5.20617,600.837,126.014,177.889,-3.11582,-5.15743,3665,0.00468,177.889,0.003332,80.6969,1018.62,-2.3127,2.36434,1.13899,-171.271,1.00163,7.89879
85.005,85.271,-6.95715,592.281,126.632,177.889,-2.12143,-4.21637,3665,0.00624,177.889,0.003724,80.7461,1019.06,-3.48342,1.52548,1.60462,-95.7731,0.929362,6.71903
84.2071,84.0844,-6.79624,582.47,127.232,177.889,-2.50762,-3.56171,3665,0.0078,177.889,0.0049,79.9595,1019.78,-3.69272,0.306975,-1.28192,-175.518,0.964145,7.75138
84.2481,84.1049,-6.10516,572.36,126.699,177.889,-2.43479,-4.56415,3665,0.00936,177.889,0.003724,80.1293,1019.87,-3.31716,0.210393,0.518022,-182.177,0.985242,7.21519
84.3094,84.2685,-6.21857,559.976,127.146,177.889,-2.19381,-4.40049,3665,0.00624,177.889,0.00392,78.8543,1020.54,-3.54541,0.102309,0.550711,-178.104,0.984286,7.19981
85.3732,84.2685,-7.01946,548.033,127.139,177.889,-2.13488,-3.76629,3664,0.00273,177.889,0.00294,78.6687,1021.2,-4.11717,-0.217534,-0.162068,-180.29,0.954144,7.28365
83.1843,82.7546,-6.249,535.708,127.914,177.889,-2.21434,-3.52079,3665,-0.00312001,177.889,0.002352,80.3956,1021.79,-3.96253,-0.305976,0.162688,-180.089,0.983423,7.92341
83.2456,83.1024,-5.7632,523.847,127.601,177.889,-2.44076,-3.74583,3665,-0.00740999,177.889,0.003528,80.392,1022.16,-3.30599,-0.450229,-0.831209,-177.839,1.03164,8.43725
84.4936,83.5525,-5.33029,512.525,126.697,177.889,-2.64807,-4.33912,3664,-0.01443,177.889,0.00588,79.6053,1022.14,-3.24008,0.26039,0.213434,-182.589,0.984105,8.59876
81.2816,84.4526,-6.02471,500.942,125.183,177.889,-2.04025,-4.23682,3665,-0.01755,177.889,0.004116,78.9039,1022.15,-3.62902,-0.748278,0.708384,-173.609,1.03212,6.68532
80.2178,78.0697,-6.53241,489.1,126.168,177.889,-2.08922,-3.11163,3665,-0.02535,177.889,0.003724,78.955,1022.69,-3.87993,-0.170445,-0.361621,-193.264,0.515163,7.20935
85.3732,85.005,-5.12711,477.45,125.63,177.889,-1.78868,-2.90705,3664,-0.0351,177.889,0.006272,78.8122,1022.82,-2.96535,1.82019,1.45502,-12.0388,0.757194,6.97133
85.8847,85.7619,-4.03815,466.35,126.163,177.889,-1.79418,-1.8637,3664,-0.04524,177.889,0.007448,78.9083,1023.45,-1.94946,1.0278,-0.490877,-149.134,-0.236285,7.51525
85.23,85.3937,-2.97692,459.116,124.356,177.889,-2.12467,-3.23438,3665,-0.04134,177.889,0.0049,78.8448,1022.96,-0.834404,-0.600461,-1.05654,-195.595,-1.24962,7.78937
83.8184,82.9797,-2.30769,450.595,124.022,177.889,-2.28668,-3.33667,3665,-0.02886,177.889,0.003724,78.8961,1023.32,-0.529351,-1.22988,0.215966,-164.053,-0.0404072,7.61229
81.1589,82.1613,-4.10472,442.89,123.358,177.889,-2.02333,-3.45942,3665,-0.01053,177.889,0.004312,78.8437,1023.3,-1.15178,-1.28196,0.461701,-203.399,-0.056469,7.9635
83.4707,83.5525,-4.9726,437.938,122.987,177.889,-1.86748,-3.43896,3665,0.00897,177.889,0.001176,78.8727,1023.12,-1.57664,-0.522778,0.685726,31.0684,-0.694823,7.97892
84.8004,83.307,-4.39978,430.443,120.936,177.889,-1.63208,-3.52079,3665,0.02457,177.889,-0.00156798,78.8374,1023.18,-1.70403,-0.42902,0.2698,239.589,-0.480207,6.96588
82.0386,82.2841,-4.10433,423.606,122.173,177.889,-2.07196,-3.664,3665,0.03744,177.889,0.001764,78.8715,1023.2,-1.81407,-1.14884,-0.569777,-59.6365,-0.00609469,8.02447
82.2227,81.5067,-5.11323,411.873,121.486,177.889,-2.18558,-3.21392,3665,0.0429,177.889,0.001176,78.9984,1023.3,-2.2248,-1.2267,-0.0685733,102.131,-0.147397,8.62199
83.8798,83.0206,-4.05199,403.421,119.948,177.889,-2.06671,-3.88904,3665,0.04563,177.889,0.007056,80.9082,1023.2,-2.25965,0.474233,0.677956,206.258,0.272174,7.87905
88.176,88.0533,-4.03048,390.012,119.976,177.889,-1.08059,-2.90705,3665,0.03081,177.889,0.007252,81.3338,1023.94,-2.85519,0.827046,2.07166,162.855,-0.294648,6.67737
82.4682,82.1,-3.97109,377.434,121.564,177.889,-1.45039,-1.78186,3665,0.00273,177.889,0.006468,81.2547,1024.86,-2.72722,-0.818601,-1.49633,191.193,0.40171,7.97782
86.6826,82.8365,-1.79899,365.879,120.584,177.889,-2.06766,-4.07316,3664,-0.02418,177.889,0.008428,81.1656,1024.95,-1.59442,-0.245277,-0.534494,170.365,0.79454,8.1183
78.4994,79.9519,-2.41642,349.837,120.432,177.889,-1.95456,-1.65911,3665,-0.0585,177.889,0.005684,81.188,1025.33,-1.75924,-0.123755,0.47143,187.796,-0.0249733,8.0646
85.1073,87.2554,-2.01868,338.809,119.098,177.889,-1.5656,-1.88416,3665,-0.07254,177.889,0.002744,81.0401,1025.04,-1.47113,0.799918,1.1563,172.354,1.05171,6.68355
85.1482,85.1891,-0.663603,326.785,118.959,177.889,-1.35588,-2.80476,3665,-0.06162,177.889,0.005292,81.2801,1025.78,-0.622395,0.0150166,-0.214353,185.853,0.989924,6.46134
77.19,82.2841,-0.0978012,315.277,118.841,177.889,-1.28649,-2.23194,3665,-0.03939,177.889,0.006468,79.4385,1026.29,0.243857,0.246936,0.345662,173.455,1.12589,7.15258
92.4108,91.1424,0.709851,305.163,117.06,177.889,-1.09449,-2.47744,3665,-0.0975,177.889,0.000196,73.7006,1025.57,0.943409,0.9381,1.36933,184.804,0.952189,6.72427
80.7702,81.6499,1.34358,296.08,114.228,177.889,-1.403,0.0184402,3665,-0.08775,177.889,0.004704,71.7194,1024.94,1.28402,-1.73779,-1.74679,174.567,1.17123,5.31427
