82.3864,83.573,-6.48324,2250.28,151.885,34.9802,-7.28645,-5.21881,3048,0.00585,34.9802,-7.64024e-17,67.7512,961.618,-2.91681,1.24751,-0.755738,35.989,0.919116,24.3715
81.9568,83.5525,-6.6842,2237.12,152.021,34.9802,-6.93488,-4.80965,3048,0.00234,34.9802,1.14604e-16,67.6326,962.228,-2.86292,0.463546,-0.559951,35.8578,0.0308092,23.826
81.0157,82.7342,-6.23331,2223.65,151.996,34.9802,-6.92785,-4.60507,3048,0.00117,34.9802,-0.000979977,68.0757,962.416,-2.53385,-0.80905,-1.09961,35.7567,0.770978,24.4406
79.911,81.4453,-6.00927,2209.45,151.097,34.9802,-7.01623,-4.91194,3048,-0.00155997,34.9802,0.000196,69.7977,962.424,-2.17319,-1.28479,-0.393545,35.7413,0.706785,24.5548
79.4404,80.2792,-5.61733,2198.32,150.344,34.9802,-7.37836,-4.62553,3048,-0.00195003,34.9802,0.001764,72.2149,962.316,-2.02002,-0.704395,-0.813886,35.8259,0.256668,25.0766
82.059,81.6703,-4.97186,2185.89,150.069,34.9802,-7.34377,-4.87102,3048,0.00897,34.9802,-0.000783997,74.3167,962.878,-1.84718,0.97483,-0.403436,35.8708,-0.267503,25.0342
82.8569,83.6343,-5.96275,2174.24,148.915,34.9802,-6.41932,-4.99377,3048,0.00429,34.9802,-0.000587987,75.5154,962.459,-2.00128,0.824806,0.0781303,35.113,0.803853,23.5916
78.7653,82.2227,-5.16163,2162.53,148.181,34.9802,-6.20208,-4.83011,3048,0.00624,34.9802,0.001568,76.6727,962.886,-2.02225,-1.35122,-1.14219,34.9888,0.616632,22.6536
77.3742,79.8905,-5.39968,2152.52,148.576,34.9802,-6.94569,-4.89148,3049,0.00546,34.9802,0.001176,78.1548,963.267,-2.06792,-1.72363,-1.16904,35.3228,0.631928,24.3751
80.3406,80.8929,-5.60656,2140.74,148.032,34.9802,-7.5008,-4.91194,3049,0.00546,34.9802,0.000784,78.8194,963.498,-2.07798,0.469544,-0.564601,35.8021,0.560181,24.9221
82.3864,83.082,-5.6273,2129.23,148.453,34.9802,-7.22528,-5.05515,3049,0.01131,34.9802,0.000784,79.027,964.059,-2.04112,1.88262,-0.110222,35.6483,1.06004,24.9264
82.6114,83.5116,-5.22939,2115.55,148.472,34.9802,-6.87666,-5.05515,3048,0.00936,34.9802,0.000196,79.7658,964.331,-2.0145,1.18271,-1.32835,35.7193,0.96746,24.602
81.7522,83.041,-5.40162,2102.22,147.604,34.9802,-6.65302,-5.11652,3049,0.00585,34.9802,-1.14604e-16,78.4968,964.382,-2.1752,-0.107292,-0.491403,35.489,1.02904,23.7224
78.7039,80.7293,-5.34217,2087.27,147.927,34.9802,-6.90717,-4.87102,3048,0.00312,34.9802,-7.64024e-17,74.8335,964.921,-2.48619,-0.950003,-0.930203,35.7415,0.969476,24.1613
79.6246,79.5836,-5.65331,2075.93,146.861,34.9802,-7.57393,-4.21637,3049,0.00429,34.9802,0.000784,70.94,964.963,-2.50627,-0.174935,-0.958554,36.1495,1.00616,25.0356
81.5476,81.7113,-4.39229,2061.55,147.523,34.9802,-7.82424,-4.31866,3048,0.00702,34.9802,0.000196,68.6515,966.082,-2.03912,1.0826,-0.806353,36.523,1.01156,26.4771
83.1843,84.1867,-4.15063,2046.76,145.997,34.9802,-7.54798,-4.31866,3049,0.00546,34.9802,0.000784,68.1715,965.461,-1.78527,1.16349,-1.14109,36.407,1.04824,25.66
81.1589,82.4478,-5.73269,2035.23,143.029,34.9802,-6.8922,-3.68446,3049,0.00312,34.9802,0.000588,67.9048,964.597,-1.75086,-0.372384,-0.483574,35.9954,0.927155,22.5283
79.7473,80.2383,-2.21099,2023.36,143.433,34.9802,-6.70568,-3.72537,3049,-1.33704e-16,34.9802,0.000196,67.9315,964.952,-0.869152,-0.939098,-0.890157,35.6069,1.10151,22.3624
78.8881,79.8291,-2.89196,2003.62,144.79,34.9802,-6.28154,-4.0527,3128,-0.00116998,34.9802,-0.000195997,67.803,966.177,-0.600222,-0.857473,-0.180365,35.0964,1.09398,23.7813
78.1925,78.7653,-4.59194,1998.94,142.315,34.9802,-6.95891,-4.35957,3239,0.00273,34.9802,0.000392,67.8801,965.365,-1.04034,-0.481468,-1.76804,35.4085,1.06478,24.17
82.1818,81.9568,-5.58904,1990.72,139.077,34.9802,-7.68754,-5.50522,3350,0.00624,34.9802,-0.000783997,67.8152,964.111,-1.3802,1.47851,-1.33855,36.1994,1.02753,23.468
82.6319,84.5549,-8.29611,1980.73,139.503,34.9802,-7.12131,-5.28018,3461,0.0117,34.9802,-0.000391977,67.867,964.568,-2.55232,1.25671,-0.156011,35.786,0.967718,23.6662
80.7088,82.5296,-8.36637,1973.72,138.835,34.9802,-7.27342,-6.69178,3562,0.00975,34.9802,-0.000195997,67.7959,964.583,-3.07633,-0.686287,-1.24453,36.0563,1.01086,24.6696
79.645,80.6065,-10.18,1964.24,136.936,34.9802,-8.15939,-6.69178,3668,0.0117,34.9802,0.000392,67.8303,964.105,-4.35742,-0.927965,-1.40946,36.5788,0.965658,25.4178
80.6065,81.5067,-11.4379,1955.93,135.812,34.9802,-8.39844,-5.73026,3716,0.01482,34.9802,0.00098,67.7614,963.987,-5.43041,0.183239,-0.587899,36.7636,0.911024,25.5383
81.2612,82.1818,-10.7022,1942.56,134.751,34.9802,-7.97619,-5.91438,3716,0.01599,34.9802,-5.73018e-17,67.8447,963.776,-5.45754,0.939227,-0.309226,36.3171,0.953222,24.834
81.8136,82.6933,-9.73953,1927.25,133.326,34.9802,-7.49629,-5.3211,3716,0.01131,34.9802,0.000196,67.7668,963.966,-5.34765,0.826835,-0.393702,36.0933,0.967598,23.6223
81.4044,82.5296,-9.16603,1911.67,133.55,34.9802,-7.29465,-4.6869,3716,0.00702,34.9802,0.000196,67.8471,964.347,-5.09089,0.193552,-0.612994,35.8885,0.996407,23.9208
80.627,81.6703,-7.68968,1897.03,131.802,34.9802,-7.81026,-4.07316,3716,0.00663,34.9802,0.00098,67.7758,964.121,-4.34644,-0.155852,-1.57857,36.4608,1.03999,24.7548
82.55,83.2661,-7.81204,1883.79,130.459,34.9802,-7.92418,-4.07316,3716,0.0078,34.9802,0.000196,67.8556,963.89,-3.8421,0.891652,-0.574681,36.468,1.01323,24.0532
82.9592,83.2865,-5.95954,1868.7,130.654,34.9802,-7.53227,-4.31866,3716,-1.43255e-17,34.9802,-7.64024e-17,67.7545,964.338,-3.15259,0.890871,-0.547914,36.3581,1.07723,24.6623
84.9027,84.2685,-6.41794,1858.69,128.243,34.9802,-7.27898,-4.52324,3716,-0.00155997,34.9802,-0.000195997,67.8536,963.814,-3.10461,0.950442,-0.506522,36.1972,1.02559,23.6874
81.9772,82.7546,-5.60382,1848.32,126.881,34.9802,-7.2507,-2.80476,3716,-0.00195003,34.9802,0.000196,67.7386,963.668,-2.9156,-0.053102,-1.02815,36.3982,1.01887,23.2119
83.2047,83.573,-5.46852,1838.75,126.079,34.9802,-7.6557,-3.80721,3716,0.00078,34.9802,-0.000391977,67.8441,963.691,-2.42907,-0.467604,-0.993381,36.6353,1.04568,23.8101
81.6294,82.9387,-5.67127,1829.15,125.708,34.9802,-7.38593,-3.4185,3716,0.00117,34.9802,0.000392,67.7307,963.983,-2.31181,-0.631254,-0.238509,36.3595,0.999732,23.8912
79.154,80.2997,-5.4106,1820.71,123.015,34.9802,-7.39829,-3.60263,3716,-0.00702,34.9802,0.001764,67.88,963.133,-2.0158,-0.868576,-0.627833,36.0822,1.01093,23.2346
78.8676,79.8087,-4.57031,1811.59,122.379,34.9802,-7.86449,-2.90705,3715,-0.00467998,34.9802,0.000784,67.7179,963.153,-1.67163,-0.0327784,-1.22792,36.4979,0.997908,23.5259
80.8316,81.1589,-3.77879,1803.42,121.833,34.9802,-8.14134,-2.37515,3716,0.00429,34.9802,0.000784,69.4808,963.045,-1.20775,1.12678,-1.09132,36.6826,1.02737,24.1102
83.5116,83.8184,-3.01506,1794.82,121.984,34.9802,-7.93234,-3.09117,3716,-0.000779989,34.9802,-0.000783997,73.5984,963.651,-0.722814,1.43196,-0.676667,36.8379,1.03163,24.9418
83.6957,84.3913,-3.02305,1786.35,120.402,34.9802,-7.59468,-3.21392,3716,0.00351,34.9802,0.000196,76.1734,963.165,-0.665691,0.63503,-0.534823,36.6431,1.0121,24.2612
81.1794,84.6163,-2.8146,1777.05,119.151,34.9802,-7.55133,-2.35469,3716,0.00429,34.9802,-0.000587987,76.8672,963.237,-0.76553,-0.582028,-0.684538,36.7351,0.989446,23.3206
79.8905,80.0746,-2.09542,1768.73,118.668,34.9802,-8.03099,-3.09117,3716,0.00156,34.9802,-0.000783997,78.9118,962.93,-0.505673,-1.15745,-1.23365,36.9398,1.03755,24.6062
81.834,82.5091,-1.63049,1759.64,116.058,34.9802,-7.72898,-3.13209,3716,0.00156,34.9802,-0.000391977,79.661,962.381,-0.491353,0.101908,0.0830616,36.7096,0.989515,21.6286
81.4862,84.6777,-3.03983,1752.23,116.531,34.9802,-6.52219,-1.45454,3716,0.00078,34.9802,-0.00117599,81.242,963.083,-0.797959,-0.0892017,0.817729,35.5156,0.937388,20.1871
78.7039,80.5861,-0.463319,1744.06,118.842,34.9802,-6.22151,-1.88416,3715,-0.000389995,34.9802,0.000392,80.9746,963.979,0.276361,-1.43927,-0.79203,35.2741,1.0656,21.6459
78.929,79.8905,-0.646435,1733.16,117.911,34.9802,-6.66689,-2.82522,3716,0.00585,34.9802,-0.000195997,78.9851,963.883,0.716772,-1.32342,-1.02008,35.3108,1.05403,21.4556
81.9977,80.9543,-0.602039,1724.58,117.485,34.9802,-6.64991,-2.51835,3715,0.00429,34.9802,-0.00235199,78.8285,964.117,0.522595,0.134004,-0.516389,35.2713,1.00941,20.9991
80.7293,82.5091,-0.282562,1715.5,118.157,34.9802,-6.06049,-4.09362,3716,0.00663,34.9802,0.000196,79.5715,964.902,0.435308,-0.340417,-0.334666,34.6011,1.0632,21.1257
79.3791,80.4224,-2.85256,1707,118.441,34.9802,-6.56239,-3.2753,3715,0.00585,34.9802,0.000784,79.8158,965.196,-0.618605,-0.824502,-2.05459,35.0989,0.961665,21.6868
79.911,80.7497,-3.49927,1698.75,118.965,34.9802,-6.7981,-2.57973,3716,0.00351,34.9802,-0.00117599,79.328,965.798,-1.19159,0.518169,-0.711834,35.1732,0.966177,22.3635
82.4478,83.4093,-1.80428,1690.85,118.488,34.9802,-6.20483,-3.43896,3716,0.01092,34.9802,-0.00215598,78.7138,965.826,-0.882409,1.11642,-0.605545,34.9157,1.01818,20.9017
82.5091,84.023,-2.72924,1678.48,119.484,34.9802,-5.98075,-3.37759,3716,-0.000779989,34.9802,-0.000587987,77.9725,966.66,-1.27698,0.273417,-0.720546,34.7793,1.00777,21.4873
80.9543,82.2023,-3.40293,1666.1,121.434,34.9802,-6.11414,-2.98889,3716,-0.000779989,34.9802,-0.000783997,77.5442,967.6,-1.54661,-0.994833,-1.18967,34.9433,0.994921,22.7312
78.3562,79.5836,-3.27402,1658.74,122.367,34.9802,-7.15469,-3.39804,3716,0.00156,34.9802,0.001372,77.4671,968.453,-1.37934,-1.20519,-2.15251,35.5613,1.04458,25.4886
81.0157,81.2816,-3.34138,1648.26,120.852,34.9802,-7.77144,-3.29576,3715,0.00078,34.9802,-0.000783997,78.0938,968.157,-1.44211,0.558275,-1.24107,36.1133,1.00108,24.8879
83.7571,84.0639,-4.28395,1638.8,121.303,34.9802,-7.25347,-2.8866,3716,1.83843e-16,34.9802,-0.000587987,77.2599,968.757,-1.47665,1.59355,-0.283375,35.7624,0.978874,25.0092
82.0386,84.7186,-3.03948,1630.44,119.014,34.9802,-6.48207,-2.29331,3716,-0.00195003,34.9802,0.000196,77.216,967.978,-0.867816,0.346609,-0.343023,35.3794,1.00126,23.0795
80.0746,81.9568,-1.26407,1621.47,119.19,34.9802,-6.4058,-2.60019,3716,0.00195,34.9802,0.000588,77.3887,968.412,-0.0297709,-0.784123,-0.582355,35.1515,1.06032,23.1618
79.2563,80.2997,-1.02745,1612.95,118.713,34.9802,-6.65026,-2.45698,3716,0.0078,34.9802,0.000392,79.5675,968.583,0.265186,-0.423871,-0.928148,35.3603,1.04598,23.7689
81.7522,82.1204,-1.12308,1605.59,117.597,34.9802,-6.54043,-3.15255,3715,0.00234,34.9802,-0.000587987,80.3495,968.345,0.231778,1.02749,-0.554587,35.1721,1.0251,22.8138
82.3659,85.23,-1.38619,1596.5,117.119,34.9802,-5.574,-2.84568,3715,-0.00116998,34.9802,-0.00196,81.5546,968.5,-0.265899,0.760471,-0.0913827,34.5933,0.985239,21.4021
81.0566,82.4682,-1.7093,1586.91,117.312,34.9802,-5.44381,-2.74339,3716,0.00819,34.9802,-0.00196,80.8602,968.855,-0.368887,-0.806909,-1.10744,34.3947,1.00775,21.3365
80.9134,82.1204,-1.62073,1581.05,119.079,34.9802,-6.25623,-2.57973,3716,-0.000389995,34.9802,-0.00293999,78.7332,969.854,-0.248773,-1.00509,-1.97989,35.1045,1.01742,23.1777
82.6114,84.1049,-1.43752,1571.2,119.387,34.9802,-6.57448,-3.17301,3716,0.00078,34.9802,-0.00293999,78.7918,970.229,-0.291632,-0.328066,-0.753778,35.1597,1.0327,24.4839
82.4682,85.7006,-1.30865,1564.89,117.424,34.9802,-6.12972,-2.86614,3716,0.00702,34.9802,-0.001372,77.7458,969.686,-0.664555,-0.470733,-0.384672,34.8661,0.989813,22.1725
79.0313,82.3864,-2.25481,1556.05,116.287,34.9802,-5.99978,-2.68201,3716,0.00351,34.9802,-0.000587987,77.655,969.5,-0.757026,-1.86329,-0.559035,34.4523,0.978822,20.8603
77.3333,78.6221,-2.14705,1548.18,116.89,34.9802,-6.72706,-2.15011,3716,0.0039,34.9802,-0.000195997,78.9039,969.904,-0.442105,-1.36391,-1.61507,34.9164,0.967375,21.879
77.7629,78.3153,-0.637649,1538.65,118.016,34.9802,-7.38396,-2.47744,3716,0.00741,34.9802,-0.00117599,79.727,970.897,0.255468,0.224013,-1.44568,35.2813,1.04983,23.2955
80.7907,81.5885,-0.37907,1531.01,117.736,34.9802,-7.31994,-2.96843,3715,0.00273,34.9802,-0.000391977,79.8696,971.137,0.610122,1.34282,-0.862172,35.4808,1.03404,23.0868
81.1794,82.4068,-0.756097,1522.16,118.557,34.9802,-7.12245,-3.17301,3716,0.00585,34.9802,-0.000195997,79.8702,971.683,0.423079,0.980678,-0.774606,35.4487,1.03776,23.2016
80.9952,82.6114,-3.11838,1510.14,116.909,34.9802,-6.99047,-2.62064,3716,0.00546,34.9802,-0.00117599,80.1032,971.457,0.107513,0.18916,-0.830312,35.5676,0.948068,22.4407
79.7473,81.2816,-0.644204,1502.43,115.571,34.9802,-7.40582,-2.2524,3716,0.00117,34.9802,-0.000587987,80.0057,971.132,0.484868,-0.351691,-1.40324,35.8603,1.00207,21.2439
83.2456,83.3479,2.03565,1493.72,114.003,34.9802,-7.09238,-2.31377,3716,-0.000779989,34.9802,-0.00117599,81.2513,970.788,1.07758,0.450831,-0.157822,35.7703,1.05184,19.5011
82.8569,82.6728,2.00252,1488.45,115.798,34.9802,-5.46226,-2.31377,3715,0.00663,34.9802,-0.00196,82.524,971.611,1.03973,-0.241121,1.42558,34.3191,1.061,18.2556
78.8267,81.4044,-0.0499999,1478.64,116.37,34.9802,-4.15038,-4.11407,3715,0.00624,34.9802,-0.000979977,83.1111,972.576,0.438006,-2.00364,0.649426,33.1063,1.02603,17.2067
74.1214,74.7351,-2.56803,1467.12,117.247,34.9802,-4.26597,-3.13209,3716,0.00858,34.9802,0.000392,82.5696,972.853,-0.434647,-2.52026,-0.919347,32.6683,0.944083,16.6149
76.0239,76.3513,-2.07207,1458.93,119.096,34.9802,-4.98715,-2.60019,3715,0.00663,34.9802,-0.000195997,82.1012,973.682,-0.648724,-0.468598,-1.61706,33.0741,0.99183,18.6485
81.5681,80.9339,-1.96815,1452.23,117.847,34.9802,-5.44509,-3.76629,3716,0.00585,34.9802,0.000588,80.6894,973.808,-0.3633,1.40651,-1.79217,33.4289,1.01086,17.9497
80.5042,81.1794,-2.39287,1440.82,120.109,34.9802,-5.70319,-2.70247,3716,0.01248,34.9802,0.001176,79.8904,975.132,-0.682848,0.923841,-1.71325,34.0279,0.997749,19.5676
80.627,81.0362,-2.68084,1432.55,122.302,34.9802,-6.30603,-3.15255,3716,0.01014,34.9802,0.00098,80.3501,976.45,-0.834683,0.488231,-1.81709,34.543,1.04,21.6762
81.834,82.3864,-2.86117,1422.86,122.344,34.9802,-6.9584,-4.40049,3716,0.00858,34.9802,0.002352,78.3125,976.544,-1.0728,0.979964,-1.79896,35.3877,1.03022,23.1703
82.4273,84.0026,-5.69012,1410.38,121.807,34.9802,-6.98468,-3.664,3716,0.01443,34.9802,0.000784,77.3907,976.835,-1.89379,0.970644,-0.784552,35.4772,0.941566,22.7382
82.0795,82.5091,-3.44527,1401.66,119.291,34.9802,-7.04679,-3.11163,3716,0.01404,34.9802,0.000588,79.0317,975.952,-1.53054,0.51957,-1.02187,35.805,0.978914,21.1914
83.4502,84.3094,-1.92485,1391.79,118.332,34.9802,-7.10908,-3.25484,3716,0.0117,34.9802,0.001176,79.4603,975.957,-1.12951,0.827025,-0.731768,35.9221,1.02408,20.1944
82.6114,83.9617,-2.4615,1380.75,117.932,34.9802,-6.331,-1.6182,3716,0.0039,34.9802,0.002744,80.7603,976.376,-1.40874,0.367677,0.114047,35.4933,0.97375,19.0243
80.8316,83.4707,-1.53941,1370.56,118.663,34.9802,-5.73521,-2.74339,3716,0.0039,34.9802,-0.000195997,81.1701,976.68,-0.578426,-0.235684,-0.132443,34.8571,1.04539,18.0831
81.118,83.307,-1.62793,1356.84,121.253,34.9802,-5.72631,-2.70247,3716,0.00936,34.9802,-0.000391977,79.2628,978.611,-0.0318025,-0.288585,-0.753725,34.8888,1.05167,20.5809
81.5476,82.059,-1.04199,1349.55,120.699,34.9802,-6.47982,-3.82766,3716,0.00741,34.9802,-1.91006e-17,78.4575,978.341,0.238476,-0.00569022,-2.03681,35.4423,1.07458,21.6157
81.4044,82.5705,-1.58877,1340.25,119.229,34.9802,-7.10412,-3.74583,3716,0.01092,34.9802,-0.000195997,77.7428,978.348,-0.311335,0.11043,-1.45152,36.1777,1.02548,21.3287
82.3046,83.5934,-3.44328,1330.67,119.782,34.9802,-7.23858,-3.17301,3716,0.0156,34.9802,-7.64024e-17,77.9592,978.76,-1.38512,0.296933,-0.735153,36.2055,0.972364,21.7386
82.4478,83.7775,-4.19468,1320.52,118.682,34.9802,-7.08958,-3.17301,3716,0.01521,34.9802,-0.00196,78.067,978.789,-1.65658,0.0365029,-0.652894,36.3379,0.942278,20.977
81.0362,83.1229,-2.32119,1313.06,118.156,34.9802,-6.65618,-3.00934,3716,0.00819,34.9802,-0.00156798,77.795,978.473,-1.35229,-0.720558,-0.240383,35.8263,0.991387,19.8138
79.6859,82.1,-1.19556,1300.03,116.422,34.9802,-6.15177,-2.70247,3715,0.00429,34.9802,-0.003724,77.9419,978.55,-1.21093,-1.36156,-0.0599787,35.3542,1.01277,17.9868
80.9543,82.4682,-1.01209,1289.04,117.195,34.9802,-5.69892,-2.02736,3716,0.00702,34.9802,-0.00196,78.7171,979.099,-1.10286,-1.15004,-0.14659,34.636,1.02237,16.9632
81.5476,82.059,-0.908779,1279.86,119.44,34.9802,-4.69405,-2.10919,3715,0.01053,34.9802,-0.00274398,79.361,980.247,-0.802015,-0.564854,0.522015,33.7164,1.04404,16.9974
81.2816,82.5296,-1.2606,1267.56,119.559,34.9802,-4.05862,-3.92995,3715,0.00702,34.9802,-0.003136,79.8545,980.973,-0.580215,-0.654856,-0.408845,32.8793,1.05668,16.6955
80.1565,80.6475,-2.48132,1261.52,120.442,34.9802,-4.82172,-3.47988,3716,0.00585,34.9802,-0.00333198,79.1672,981.548,-1.30611,-0.474555,-2.4018,33.6489,1.00912,18.0874
82.8569,83.2047,-4.07405,1250.65,120.56,34.9802,-5.15189,-3.21392,3716,0.0078,34.9802,-0.00215598,77.6932,981.903,-1.76735,0.386041,-1.14138,33.8195,0.974111,18.3646
82.1204,83.2252,-4.24406,1241.58,121.815,34.9802,-4.95969,-2.92751,3716,0.00858,34.9802,-0.00215598,76.9806,982.558,-1.51959,0.109572,-0.829157,33.8702,0.984756,19.2832
79.7268,81.3839,-2.60026,1235.2,120.911,34.9802,-5.2618,-3.68446,3716,0.01326,34.9802,-0.001372,79.1821,982.517,-0.865208,-0.610004,-1.18686,33.9878,1.04533,19.1896
80.5042,81.4453,-3.08834,1225.8,121.198,34.9802,-5.85087,-3.82766,3716,0.0117,34.9802,-0.00215598,80.8119,983.213,-1.0005,-0.356692,-1.61316,34.5848,1.00408,20.0864
82.0181,82.8569,-3.29691,1215.79,121.519,34.9802,-6.20943,-3.78675,3716,0.00975,34.9802,-0.003136,80.4953,983.683,-1.23446,0.133918,-1.14319,34.8044,1.01388,20.5018
82.0181,82.7137,-4.86636,1202.12,123.31,34.9802,-6.02344,-3.95041,3716,0.01443,34.9802,-0.003136,80.9855,984.685,-1.42479,0.0294375,-0.479045,34.857,0.980682,21.2042
82.4068,84.6572,-3.74676,1195.29,122.031,34.9802,-5.47804,-3.35713,3716,0.01131,34.9802,-0.00333198,79.6713,984.18,-1.25932,-0.443334,-0.163493,34.3136,0.991433,19.9143
79.7678,81.8954,-2.44364,1184.18,121.844,34.9802,-4.66837,-4.54369,3716,0.01209,34.9802,-0.00333198,79.6937,984.925,-0.817151,-2.02303,0.252207,33.5602,1.05501,18.2638
76.2081,78.2948,-4.7711,1172.7,121.369,34.9802,-5.03779,-3.35713,3716,0.0078,34.9802,-0.004312,79.0398,985.291,-1.43836,-2.17542,-1.12263,33.3499,0.985986,19.6346
81.834,80.2792,-2.6197,1162.8,118.966,34.9802,-5.97941,-2.90705,3715,0.00663,34.9802,-0.00293999,79.3737,984.277,-1.01562,0.416984,-2.15079,34.1961,0.992793,17.885
86.4984,86.8462,-0.492276,1153.19,120.385,34.9802,-5.20419,-3.29576,3716,0.00741,34.9802,-0.003724,79.1469,985.269,-0.419758,2.26499,0.175651,33.6764,1.05012,17.1195
81.2612,85.8438,-1.82795,1144.87,122.719,34.9802,-3.65742,-3.15255,3716,0.00741,34.9802,-0.003136,83.4231,986.628,-0.642634,-0.268105,0.36885,32.6824,1.04831,17.3738
78.2334,81.0566,-2.21094,1139.61,124.555,34.9802,-4.17124,-5.05515,3716,0.01209,34.9802,-0.00156798,82.2558,987.289,-0.906926,-2.17049,-1.73914,32.8226,1.08658,19.1666
79.2563,79.9314,-5.71446,1128.91,122.043,34.9802,-4.94766,-5.17789,3716,0.01053,34.9802,-0.00274398,80.2048,986.963,-2.0763,-0.868692,-1.29056,33.3699,0.949437,18.2979
80.3201,81.5067,-7.2454,1115.28,123.357,34.9802,-4.97311,-3.0298,3716,0.01287,34.9802,-0.00293999,80.3278,987.766,-2.87279,0.492845,-0.727588,33.22,0.891882,18.2765
83.2047,84.3913,-4.24432,1106.8,123.621,34.9802,-4.75742,-4.11407,3716,0.00975,34.9802,-0.00274398,80.4033,988.151,-1.86531,1.08175,-0.82793,33.3846,1.0202,18.3537
82.5705,84.2481,-4.0488,1095.11,124.441,34.9802,-4.28543,-4.0527,3716,0.00351,34.9802,-0.00333198,81.2217,988.949,-1.49627,-0.0500762,-0.40044,32.9649,1.03294,17.5892
79.1949,81.4453,-3.87973,1085.39,125.907,34.9802,-4.46285,-3.4185,3716,0.00195,34.9802,-0.00235199,81.169,989.821,-1.4267,-1.21402,-1.09662,33.1774,1.05453,19.0996
80.6475,81.1998,-4.24725,1075.7,125.398,34.9802,-4.80104,-4.66644,3716,0.00624,34.9802,-0.00235199,81.2238,990.029,-1.22945,-0.490059,-0.990157,33.2168,1.05104,19.0072
80.402,81.0566,-5.14026,1066.99,125.296,34.9802,-4.45868,-3.80721,3716,0.00624,34.9802,-0.00156798,81.2116,990.29,-1.40294,-0.00438749,-0.269498,33.0349,1.00597,18.3524
80.4838,81.4658,-4.92972,1059.98,126.272,34.9802,-4.07619,-4.83011,3716,0.01014,34.9802,-0.00215598,81.2324,990.757,-1.33322,0.125715,-0.192049,32.5589,1.02863,18.3545
80.2588,81.3635,-5.89893,1049.07,125.47,34.9802,-4.13514,-5.56659,3716,0.01092,34.9802,-0.001372,81.2043,990.908,-1.89795,0.274166,-1.8452,32.8159,0.99148,18.0726
80.6475,81.834,-5.86052,1038.94,125.164,34.9802,-3.88617,-4.76873,3715,0.01326,34.9802,-0.00215598,80.868,991.127,-2.74013,1.17013,-0.317274,32.545,0.961661,16.9123
80.7907,82.0386,-5.60907,1027.88,126.096,34.9802,-3.60948,-4.38003,3716,0.0078,34.9802,-0.000195997,79.6331,992.117,-3.31165,0.579361,-0.875255,32.6405,1.00322,16.9182
81.1384,82.0795,-6.88049,1016.31,127.274,34.9802,-3.93571,-3.13209,3716,0.00273,34.9802,-0.00215598,79.4042,992.94,-3.13728,0.33754,-1.6227,32.868,0.97716,17.8332
80.5861,83.9003,-4.59502,1006.09,126.332,34.9802,-4.13191,-5.23927,3716,0.00819,34.9802,-0.00196,79.276,992.739,-1.98648,0.000823461,-1.20669,33.2393,1.07802,17.8013
79.5018,81.0975,-7.15586,997.805,124.703,34.9802,-4.44548,-5.23927,3716,0.00546,34.9802,-0.00333198,79.2937,992.867,-2.74914,-0.110726,-1.15676,33.3418,0.939876,17.0828
82.5091,83.3684,-5.68675,985.913,123.641,34.9802,-4.78421,-3.88904,3716,-0.00312001,34.9802,-0.00450798,79.2228,992.415,-3.17287,1.18302,-2.04976,33.925,0.998599,15.9008
84.2071,85.8642,-5.112,972.954,125.46,34.9802,-3.61283,-4.54369,3715,-0.01092,34.9802,-0.00587998,79.3152,993.318,-2.88459,1.85826,0.821964,33.0362,0.411505,15.1774
80.5042,79.5632,-5.52963,957.232,125.973,34.9802,-2.70136,-4.19591,3716,-0.0156,34.9802,-0.00607599,79.2305,994.347,-3.19228,0.34127,0.317898,32.609,-0.222923,14.7962
83.798,85.005,-5.78007,944.057,126.329,34.9802,-3.63429,-3.99133,3716,-0.01638,34.9802,-0.00705598,79.3162,994.946,-3.12906,-0.856134,-3.04143,33.3354,0.445939,15.8162
79.6655,83.5116,-4.65156,934.252,125.206,34.9802,-4.25966,-2.72293,3716,-0.02925,34.9802,-0.00705598,79.229,994.946,-2.19896,-1.99074,-1.89469,33.8452,0.0488246,15.6167
80.0746,80.9134,-1.17541,923.318,124.682,34.9802,-4.52403,-4.60507,3716,-0.03159,34.9802,-0.00999598,80.1929,995.205,-1.05161,-1.01164,-1.51453,33.6528,0.354401,15.0729
81.3021,82.7546,-4.88765,912.461,126.284,34.9802,-3.84832,-3.45942,3716,-0.0234,34.9802,-0.00979997,80.7572,996.24,-1.68693,-0.124197,0.577434,33.124,0.557586,15.1354
82.6523,83.6548,-6.11121,906.429,130.147,34.9802,-3.29646,-4.78919,3715,-0.01092,34.9802,-0.012152,80.709,997.862,-2.171,-0.041603,0.168318,32.5145,0.257636,17.5178
80.7702,85.0664,-8.32988,899.844,129.367,34.9802,-3.29371,-4.48232,3716,0.00624,34.9802,-0.012152,80.6329,997.791,-2.45525,-2.39306,-1.49293,32.5635,0.274113,17.7807
79.5836,80.4224,-6.97164,895.111,128.939,34.9802,-4.24902,-5.3211,3716,0.00663,34.9802,-0.010584,80.7012,997.688,-2.21225,-3.31958,-2.54289,32.7467,-0.0488385,17.8982
80.8316,82.1,-6.96712,884.375,128.316,34.9802,-4.79436,-5.19835,3716,0.01131,34.9802,-0.010192,80.0335,997.656,-2.66706,-2.92053,-1.48428,32.9164,-0.288481,18.3651
80.2792,82.1613,-6.80965,875.224,129.125,34.9802,-4.61049,-4.56415,3715,0.01911,34.9802,-0.00999598,79.2463,998.785,-3.26602,-2.55258,-0.37082,32.1731,0.0493673,18.2543
75.1647,77.7629,-7.85235,865.895,128.48,34.9802,-4.43452,-4.58461,3716,0.01872,34.9802,-0.00842799,79.2393,998.249,-3.44285,-1.87117,-0.18107,31.7784,0.161658,17.6141
82.6523,81.8749,-5.31374,851.577,126.6,34.9802,-4.95138,-5.68934,3716,0.01755,34.9802,-0.00568398,79.1748,998.421,-3.1395,1.34693,-1.47589,32.0126,0.451168,16.2036
80.5247,81.2612,-6.88473,840.874,127.186,34.9802,-4.09308,-3.45942,3716,0.0117,34.9802,-0.00646798,79.2285,999.222,-3.93082,2.23201,0.70061,31.8289,0.11769,15.5135
82.4478,84.2481,-6.59405,828.402,128.601,34.9802,-3.33847,-3.72537,3716,0.00975,34.9802,-0.00411599,79.176,999.964,-3.3125,1.45953,0.19776,31.3248,0.38607,15.2282
81.609,84.2481,-5.95359,815.46,129.114,34.9802,-3.26857,-4.19591,3715,0.01014,34.9802,-0.0049,79.2843,1000.54,-2.81865,-0.443725,-0.886053,31.6327,1.34988,16.2968
79.8291,80.8725,-5.84687,804.71,129.021,34.9802,-3.51395,-5.23927,3716,0.00507,34.9802,-0.004312,79.3918,1001.12,-2.67095,-1.63651,-1.77653,31.4742,0.288023,16.07
77.8652,77.4356,-7.99536,793.499,130.379,34.9802,-3.84701,-5.7098,3715,0.00858,34.9802,-0.003136,79.34,1002.56,-3.55705,-0.686818,-1.04289,31.7182,0.457717,17.8761
79.7882,81.118,-8.61501,782.969,129.705,34.9802,-4.27698,-4.31866,3715,0.00858,34.9802,0.000392,78.8547,1002.07,-3.99197,0.983129,-1.17086,31.9354,0.323487,17.6964
82.6523,84.0844,-7.4728,770.805,129.415,34.9802,-4.05772,-5.19835,3716,-0.00663001,34.9802,0.000392,78.5903,1002.4,-3.52478,2.08229,0.0426622,32.1885,0.226295,17.0019
83.2865,84.4526,-6.85415,758.601,127.575,34.9802,-3.74024,-4.56415,3716,-0.02301,34.9802,-0.00391998,78.656,1001.86,-3.35045,1.37481,-0.308334,32.0728,0.824694,14.9165
79.2154,82.5705,-5.62616,745.821,125.756,34.9802,-4.1517,-4.60507,3715,-0.04446,34.9802,-0.000391977,78.3443,1001.6,-3.15123,0.0607167,-1.81253,32.8307,0.60914,14.4873
81.3226,82.6728,-6.85672,732.213,127.463,34.9802,-4.48633,-4.50278,3716,-0.0702,34.9802,0.00196,78.0542,1003.07,-3.42672,0.761725,-2.32885,32.976,0.621038,14.9959
77.8243,82.3455,-6.93341,719.303,129.477,34.9802,-3.98548,-3.88904,3715,-0.09672,34.9802,0.000784,77.9255,1004.19,-3.14135,1.19805,-4.52068,32.6617,0.610252,16.1106
81.2203,78.7244,-4.51033,709.373,125.796,34.9802,-2.97726,-5.3211,3716,-0.13689,34.9802,-0.00235199,77.9266,1003.03,-1.94065,2.55102,-3.79263,31.6164,1.20246,13.7425
81.9772,80.2997,-4.23543,694.361,123.987,34.9802,-1.47455,-5.34156,3716,-0.17745,34.9802,-0.001372,77.9358,1003.61,-1.7783,2.36037,-4.96544,30.6725,0.937862,10.9507
78.9699,85.4551,-5.03919,682.088,124.278,34.9802,-0.253979,-5.75072,3716,-0.19578,34.9802,0.000196,77.9831,1003.22,-2.09032,1.74669,-4.28942,29.409,1.14159,10.6551
82.0386,79.1949,-6.38959,674.528,125.641,34.9802,-0.0737331,-5.42339,3716,-0.22152,34.9802,-0.00117599,77.9721,1004.2,-2.40925,0.481965,-6.29775,29.4454,0.79863,13.0664
76.1876,76.7195,-5.31133,662.088,123.575,34.9802,-0.281394,-4.23682,3716,-0.23088,34.9802,-0.00274398,77.6652,1003.69,-2.01032,-0.321111,-6.45777,29.1709,0.553163,12.2437
78.8676,77.0878,-3.70511,651.505,120.955,34.9802,-0.471745,-2.76385,3715,-0.3237,34.9802,-0.00470399,73.8549,1003.01,-0.87454,0.129867,-5.87819,29.247,1.13768,9.93281
77.1491,81.7726,-2.30644,639.256,119.143,34.9802,-0.387045,-1.57729,3716,-0.03588,34.9802,-0.003136,69.1897,1002.53,0.274937,0.287062,-5.52693,28.8135,1.05979,9.62867
77.4765,78.2948,-1.7131,637.499,115.591,34.9802,-0.918669,0.898132,3716,-0.44148,34.9802,-0.00235199,65.7242,1001.73,0.944748,-0.347905,-5.60866,29.3233,1.08028,8.18096
80.1565,85.5165,-0.817995,635.727,115.338,34.9802,-1.762,0.20256,3716,-0.00663001,34.9802,-0.00333198,62.8453,1001.34,1.62767,0.801612,-8.44899,29.7155,1.0676,9.48034
78.2334,79.8905,-2.36708,637.776,113.319,34.9802,-1.62791,1.94149,3716,0.00702,34.9802,-0.00156798,61.5645,1000.87,1.04836,0.275589,-4.06142,29.6795,1.00442,9.92517
