84.3913,79.8905,-2.82082,1996.69,138.039,41.9235,5.51569,-4.13453,3031,-0.04446,39.99,-0.073696,80.9677,976.26,1.41333,14.899,-2.75691,12.2527,0.972505,16.9776
83.4911,80.2792,-1.59207,1990.12,137.092,41.9235,7.37268,-4.54369,3031,-0.04836,39.99,-0.04508,80.9679,975.774,2.15703,15.3819,-3.74626,12.4307,0.891399,20.2446
83.7162,79.9314,-0.665912,1984.1,135.754,41.9235,7.08309,-4.46186,3031,-0.04329,39.99,-0.03528,80.9995,975.705,2.29423,15.0126,-1.33269,14.9259,0.4965,18.6439
85.987,79.3791,0.710028,1986.4,134.952,41.9235,5.27647,-4.42094,3030,-0.03744,39.99,-0.00352799,80.995,975.126,2.13103,16.4354,0.492352,18.5859,1.20623,14.5969
89.5058,84.4322,1.48669,1982.27,135.998,41.9235,4.51278,-4.48232,3031,-0.03198,39.99,-0.002548,81.0275,975.968,1.88146,18.7677,-1.22703,22.01,0.998582,13.0116
87.1736,84.1662,-0.254666,1973.35,136.844,41.9235,5.12331,-4.46186,3031,-0.02964,39.99,-0.016856,81.0208,976.392,1.37462,17.9033,-1.65117,24.0592,1.1129,15.1002
84.4322,81.1998,-0.329352,1964.48,135.336,41.9235,6.51874,-4.48232,3031,-0.02847,39.99,-0.0147,81.0032,976.142,1.1777,17.1266,-3.22925,25.2845,0.96779,16.5966
83.2047,79.1131,-1.05892,1954.9,134.671,41.9235,6.89582,-4.25728,3126,-0.02691,39.99,-0.013524,80.9908,976.479,0.732012,16.2257,-2.28264,27.0879,1.09186,17.0598
88.9943,82.1204,-1.36021,1950.67,134.303,41.9235,6.75368,-4.11407,3245,-0.02613,39.99,-0.00960399,80.9835,976.252,0.485894,17.66,-0.273259,29.6418,1.0154,16.2914
89.4239,84.5958,0.977564,1941.98,131.645,41.9235,7.29871,-4.66644,3363,-0.02574,39.99,-0.00685997,81.0035,975.243,1.82534,18.6203,-2.74216,31.7438,1.20973,16.9348
89.6899,84.8413,0.417287,1931.62,133.99,41.9235,8.18174,-4.56415,3474,-0.0234,39.99,-0.00293999,81.0105,977.045,1.7331,16.2866,-1.21391,33.8695,1.17571,19.4265
90.4673,85.0255,-2.34195,1927.05,130.739,41.9235,8.15439,-4.78919,3586,-0.01638,39.99,-0.00333198,81.0115,975.435,1.32047,14.0571,-0.122865,36.1872,1.16236,19.1874
92.554,87.3781,-3.05843,1928.86,129.348,41.9235,7.87775,-7.61239,3681,-0.00779999,39.99,-0.00293999,81.0176,975.098,1.37806,10.4068,-0.236633,38.5618,1.05917,17.8282
88.2578,85.6597,-5.77324,1925.48,131.525,41.9235,7.7161,-7.48965,3696,-0.00273001,39.99,-0.00391998,81.0844,975.873,-0.347174,4.78695,0.700668,39.8782,1.07845,17.9883
88.2987,85.496,-9.43149,1925.65,128.192,41.9235,7.86456,-6.93728,3697,0.00273,39.99,-0.00352799,80.5679,974.414,-2.70443,2.41564,0.022935,40.3561,0.833755,17.9538
86.212,83.4502,-8.45413,1922.78,128.833,41.9235,8.7569,-6.91682,3696,0.00585,39.99,-0.00391998,80.0957,974.896,-3.342,1.15107,-2.84108,39.635,0.954648,19.6715
83.8798,80.361,-7.61161,1913.69,126.58,41.9235,8.99954,-6.89636,3696,0.00975,39.99,-0.00646798,80.2369,973.864,-3.71473,0.192961,-0.760957,39.6278,0.889852,20.2593
84.4526,80.8111,-7.00648,1902.89,126.169,41.9235,8.43775,-6.48721,3696,0.01014,39.99,-0.00568398,80.2542,974.6,-4.04638,-0.273504,-0.607581,40.0176,0.972782,19.0698
84.8413,80.8725,-6.73756,1889.79,129.229,41.9235,7.94855,-6.36446,3697,0.01014,39.99,-0.00587998,80.3337,976.37,-4.19465,-0.555627,0.189041,40.5331,0.973543,17.8917
84.8209,80.9339,-7.15206,1875.67,128.79,41.9235,7.91946,-5.50522,3697,0.00975,39.99,-0.00646798,80.3195,976.238,-3.93764,-0.270185,-1.69856,40.3444,1.01157,17.931
86.4984,80.9543,-4.13065,1862.68,126.747,41.9235,8.13301,-5.93484,3697,0.00741,39.99,-0.00646798,80.3645,976.17,-2.6039,-0.211065,-1.02488,40.2483,1.04501,18.0454
88.0533,83.5934,-3.37153,1847.64,128.678,41.9235,8.25116,-5.91438,3696,0.00624,39.99,-0.00725199,80.3591,977.647,-2.2366,-0.322431,-1.64603,40.0074,1.1156,18.9791
86.478,82.4887,-5.16943,1835.91,128.074,41.9235,8.6385,-5.87346,3696,0.00741,39.99,-0.00921197,80.3981,977.504,-2.97744,-1.28632,-1.11275,39.7045,1.00098,19.6847
86.4984,82.6728,-3.0892,1820.07,128.754,41.9235,8.83825,-5.91438,3697,0.01014,39.99,-0.00823198,80.3571,978.576,-3.00189,-2.28651,-2.06422,39.1192,1.11982,20.1154
82.3864,79.0313,-5.38593,1808.29,128.976,41.9235,8.28854,-5.89392,3697,0.00936,39.99,-0.00862397,80.4091,978.711,-3.88401,-4.39541,-0.203955,39.2996,1.02236,18.8621
83.6343,79.3177,-7.60852,1802.04,125.915,41.9235,6.53712,-5.89392,3697,0.00897,39.99,-0.00979997,80.3648,977.871,-4.41741,-4.31118,1.0812,40.1173,0.949381,15.1732
85.2914,80.2588,-6.32864,1787.86,127.229,41.9235,6.17921,-5.87346,3696,0.0078,39.99,-0.00940798,80.3905,978.756,-4.20195,-2.2702,-1.04658,40.1029,0.958131,13.9531
85.3732,80.9134,-5.23445,1773.48,127.123,41.9235,6.84733,-5.91438,3696,0.00585,39.99,-0.00960399,80.277,979.647,-3.96274,-1.05351,-2.53517,39.1491,1.03738,15.6854
85.3732,80.7907,-4.85951,1757.97,128.256,41.9235,7.67554,-5.91438,3696,0.00585,39.99,-0.012152,80.2248,980.251,-4.19617,-0.986183,-2.28537,38.4006,1.01668,17.3471
84.5754,80.7907,-5.15124,1740.99,130.598,41.9235,8.11593,-5.89392,3696,0.00273,39.99,-0.011564,79.903,981.922,-4.54659,-1.22105,-2.19052,37.7012,1.06926,18.8624
79.0108,79.1745,-4.44941,1722.02,130.944,41.9235,8.02946,-5.87346,3696,0.00507,39.99,-0.01078,79.8054,982.552,-4.9955,-2.9279,-0.80736,37.6091,1.05277,18.5928
85.7415,76.965,-3.23678,1715.66,129.726,41.9235,6.16843,-6.69178,3696,0.00702,39.99,-0.00921197,79.6444,982.552,-4.72508,-3.01162,0.544926,38.6278,1.15149,14.4309
85.9461,81.3226,-7.26979,1705.37,130.982,41.9235,4.29237,-6.22125,3696,0.00351,39.99,-0.00901599,79.5899,983.404,-5.57752,-0.549338,1.41306,40.2197,0.967341,9.85578
87.46,82.7751,-7.41667,1696.68,132.805,41.9235,4.90231,-6.18033,3696,0.00702,39.99,-0.00725199,79.0398,984.615,-5.85954,1.56161,-2.20333,39.5443,1.01124,11.3849
84.9232,81.343,-8.21062,1681.56,135.608,41.9235,6.29383,-7.10094,3696,0.00468,39.99,-0.00783999,79.5018,986.041,-5.75038,0.126946,-3.27281,38.5862,1.00807,14.7236
84.8618,81.4249,-11.5604,1670.51,137.445,41.9235,6.07647,-6.91682,3697,0.00585,39.99,-0.00842799,79.3589,987.77,-6.95,-0.82061,-0.355787,38.6259,0.930087,14.9308
85.0868,81.4249,-12.3475,1658.17,141.983,41.9235,6.86767,-6.40537,3697,0.00819,39.99,-0.00568398,78.6881,990.027,-7.07391,-0.0682039,-2.20992,37.9667,0.903876,17.8219
88.5647,82.6319,-8.67979,1638.43,141.661,41.9235,7.76778,-7.69423,3696,0.00429,39.99,-0.00666399,79.6225,990.397,-5.36212,1.02467,-2.83679,37.0727,1.12223,21.06
86.3552,83.532,-8.81821,1622.21,141.223,41.9235,8.42229,-6.99865,3696,0.00312,39.99,-0.00607599,79.7437,990.577,-5.38574,0.558269,-1.64508,36.838,1.05759,22.0453
83.7571,81.9159,-9.32687,1610.01,139.218,41.9235,8.06972,-6.97819,3696,0.0039,39.99,-0.00764398,79.716,990.256,-5.68065,-0.843878,-0.0834155,37.042,1.05515,20.7733
84.9436,80.9339,-9.67925,1597.11,140.057,41.9235,7.97274,-6.95774,3696,0.00351,39.99,-0.00646798,79.6784,991.654,-5.62545,-0.2124,-0.701794,37.1971,1.02057,20.3019
85.4551,81.4249,-10.6932,1584.02,139.811,41.9235,7.98955,-6.97819,3697,-0.00155997,39.99,-0.00783999,79.6419,991.371,-5.88685,0.656754,-1.32087,37.1065,0.973266,21.0721
85.7824,81.5476,-10.6352,1569.52,138.352,41.9235,8.28596,-6.95774,3696,-0.00116998,39.99,-0.003136,79.6676,991.361,-5.58418,0.922662,-1.26779,37.0977,0.959722,20.7467
86.6212,81.9363,-9.76929,1552.71,138.545,41.9235,8.4015,-6.93728,3697,-0.00702,39.99,-0.00293999,79.6136,992.355,-5.25774,1.34323,-1.53483,37.0079,0.990128,21.4024
85.3528,81.5885,-8.28692,1533.82,139.323,41.9235,8.47247,-6.91682,3697,-0.01131,39.99,-0.0049,79.5768,993.022,-4.80109,0.0980603,-0.715694,37.3152,1.06178,21.6051
83.6957,80.627,-9.21087,1518.06,138.329,41.9235,8.02035,-6.91682,3696,-0.01209,39.99,-0.00587998,79.4124,993.132,-4.79535,-0.955056,-0.00575344,37.5718,1.04657,20.8034
84.9027,80.7497,-8.19362,1502.52,137.594,41.9235,8.23861,-6.93728,3696,-0.01287,39.99,-0.00470399,78.7199,993.299,-4.64952,-0.0462172,-1.48277,37.4329,1.03479,20.991
84.3504,80.852,-8.62354,1485.86,136.957,41.9235,8.67737,-6.79408,3696,-0.01716,39.99,-0.00352799,78.3749,993.724,-4.5958,0.542743,-1.84212,36.9885,1.03604,21.6969
85.7824,80.852,-8.84642,1470.63,136.333,41.9235,8.88547,-5.13697,3697,-0.02184,39.99,-0.00509598,78.3566,993.862,-4.10355,1.13244,-1.13926,37.1219,1.01369,22.0239
87.5827,82.2023,-6.26177,1458.79,135.721,41.9235,8.56837,-5.56659,3696,-0.02145,39.99,-0.00646798,78.2652,993.716,-2.08097,1.30879,-0.627467,37.5253,1.13009,21.674
86.8667,83.0615,-5.78527,1445.77,134.479,41.9235,8.50213,-5.50522,3697,-0.01989,39.99,-0.00842799,78.3667,994.073,-0.893812,0.457506,-0.531103,38.0128,1.11418,21.5851
85.0664,82.059,-6.26298,1439.4,130.748,41.9235,8.42778,-5.54613,3696,-0.0195,39.99,-0.00862397,78.2519,992.477,-0.150703,-0.39593,-0.878966,38.0736,1.0722,20.2994
84.4526,81.5885,-4.80563,1433.41,129.165,41.9235,9.1219,-5.68934,3696,-0.01911,39.99,-0.00509598,79.6374,992.015,0.572577,-0.458526,-1.74572,37.6171,1.05642,21.0952
87.46,81.8136,-3.03482,1427.29,129.176,41.9235,9.50988,-5.62797,3696,-0.00975001,39.99,-0.00587998,81.5651,992.415,0.455809,0.540134,-1.93884,37.1836,1.09112,22.3389
87.5009,82.7342,-3.97753,1418.66,127.523,41.9235,9.61427,-5.73026,3696,-0.01248,39.99,-0.00568398,80.7245,991.933,0.483966,0.525602,-1.03536,37.4428,1.07138,21.9203
87.0508,82.8569,-4.84686,1415.69,123.944,41.9235,8.9854,-5.68934,3696,-0.00546003,39.99,-0.00548799,80.1588,990.586,0.126183,-0.400975,-0.977598,37.931,0.988852,19.9757
82.1818,80.2792,-4.94945,1411.59,123.657,41.9235,7.88748,-6.48721,3697,0.00195,39.99,-0.00529199,80.3344,990.483,-0.627103,-3.30733,0.871291,38.986,0.969558,17.2608
82.1818,79.5018,-6.0986,1404.64,122.809,41.9235,6.50291,-5.03469,3697,0.00234,39.99,-0.00587998,80.2746,990.44,-2.0538,-4.0752,0.476555,39.5429,0.921008,14.3689
85.1278,79.6655,-4.55422,1395.54,122.109,41.9235,6.35109,-5.38247,3696,0.00234,39.99,-0.00646798,80.8627,990.63,-1.91987,-1.72037,-1.52939,39.3656,0.952713,13.5726
84.6981,80.7702,-1.03547,1383.19,121.76,41.9235,6.70052,-5.44385,3696,0.00624,39.99,-0.00646798,82.0795,990.847,-1.15019,-0.475611,-3.12039,38.7258,1.05842,14.2967
82.3864,79.7882,1.78146,1375.2,122.38,41.9235,6.43869,-5.40293,3697,0.00468,39.99,-0.00627197,82.0673,991.248,-1.26536,-2.04922,-1.037,38.9981,1.14266,13.606
84.3913,79.5632,-1.74086,1363.68,122.632,41.9235,4.70765,-5.3211,3697,0.00741,39.99,-0.00627197,82.5799,991.52,-2.41594,-1.4364,1.22698,40.0548,1.0611,10.0064
90.6719,83.7366,-2.48302,1349.43,125.893,41.9235,4.3308,-5.34156,3696,0.0078,39.99,-0.003724,83.223,993.707,-3.0065,2.31218,-0.787365,40.59,1.03274,9.48211
89.7103,86.5803,-5.66008,1344.82,128.457,41.9235,6.19765,-5.75072,3696,0.00975,39.99,-0.00548799,83.3323,995.004,-3.26741,2.85745,-3.86558,39.1747,1.02304,14.3207
85.1482,81.7726,-8.17887,1336.8,127.001,41.9235,7.98862,-6.18033,3697,0.01443,39.99,-0.004312,82.9294,994.603,-3.8265,0.349165,-2.39899,37.9599,0.928985,17.4836
85.271,81.9363,-8.76119,1324.38,128.743,41.9235,8.33897,-7.24415,3696,0.01326,39.99,-0.00391998,81.9082,995.607,-4.28456,0.0301363,-2.04441,37.401,0.921247,19.0426
87.3372,82.4478,-7.22247,1307.48,132.154,41.9235,8.23267,-5.19835,3696,0.01248,39.99,-0.00470399,81.6377,997.882,-5.29964,-0.227354,-1.16592,37.6616,0.939975,19.149
87.7873,83.3684,-5.18074,1293.98,132.471,41.9235,7.11915,-6.36446,3696,0.01053,39.99,-0.0049,81.6058,998.796,-4.3062,-0.824142,0.62256,38.4528,1.10474,17.3305
86.7439,83.2865,-6.05384,1277.25,134.775,41.9235,7.38801,-6.344,3696,0.01053,39.99,-0.002548,81.2547,999.838,-4.44041,-0.86905,-1.31677,38.2467,1.06495,18.6196
83.7366,80.4429,-6.81206,1265.56,131.886,41.9235,7.66736,-6.32354,3696,0.00975,39.99,-0.00352799,80.7133,999.584,-4.82469,-1.17663,-1.80253,37.6908,1.04235,18.6527
86.1302,78.9699,-9.75886,1252.36,130.219,41.9235,7.86481,-6.26217,3697,0.0039,39.99,-0.00215598,80.6556,998.844,-4.74265,-1.1191,-0.451816,37.5609,0.929757,17.7346
86.1506,81.4044,-7.8909,1235.94,134.357,41.9235,8.75791,-6.26217,3697,-9.12122e-18,39.99,-0.00391998,80.5507,1001.33,-4.60807,1.33554,-2.2302,36.4985,1.00248,20.8701
82.1818,81.4249,-7.05884,1218.64,133.63,41.9235,10.0331,-5.68934,3697,-0.000779989,39.99,-0.00352799,80.6976,1001.7,-4.00463,-0.0363045,-2.88123,35.6893,1.04415,23.6176
81.5681,78.6835,-6.19158,1204.34,133.229,41.9235,9.16601,-6.40537,3696,-0.00506997,39.99,-0.00215598,81.1294,1001.93,-2.79064,-1.55426,1.08937,36.1549,1.09798,21.8348
85.721,79.6859,-7.63759,1191.42,132.879,41.9235,8.76787,-6.13942,3696,-0.00585002,39.99,-0.000587987,81.3007,1002.15,-2.93794,0.551237,-0.125815,36.5456,1.02106,20.777
86.1711,81.4658,-7.46284,1177.09,132.314,41.9235,9.20376,-5.79163,3696,-0.00624001,39.99,3.10121e-16,81.3208,1002.59,-2.90146,1.82557,-2.30083,36.2183,0.988581,21.5495
81.3839,80.1565,-4.66718,1164.05,130.305,41.9235,9.67016,-5.97575,3696,-0.01443,39.99,0.000588,81.3293,1002.06,-1.60094,-0.892502,-1.00465,36.1976,1.09851,21.905
85.3323,79.0108,-4.26802,1151.6,129.627,41.9235,9.21942,-5.93484,3696,-0.01248,39.99,-0.000587987,81.2811,1002.21,-1.13667,-1.39703,0.250254,36.2084,1.09769,20.7882
83.9821,79.2359,-5.93129,1138.5,129.058,41.9235,9.40576,-5.91438,3697,-0.01209,39.99,0.000392,81.2395,1002.51,-1.75818,-0.202787,-1.70763,36.1057,1.01284,21.0561
85.496,80.6679,-4.74173,1128.26,128.881,41.9235,9.19733,-5.93484,3697,-0.01014,39.99,0.000784,81.138,1002.72,-1.85172,1.15686,-0.527627,36.1806,1.0386,20.7793
81.3021,81.0157,-2.69637,1116.4,126.192,41.9235,9.77766,-5.97575,3696,-0.0117,39.99,0.00196,81.0773,1001.87,-1.78526,0.837354,-2.61826,36.0249,1.09366,21.8497
81.8545,78.7653,-3.14341,1110.35,125.621,41.9235,9.00964,-5.56659,3696,-0.00663001,39.99,0.004116,81.0372,1001.98,-2.44708,-1.27081,0.662267,36.569,1.05659,20.045
78.929,78.5198,-3.09676,1098.49,126.852,41.9235,8.5474,-5.62797,3696,-0.00273001,39.99,0.00392,81.0751,1003.32,-2.80633,-1.65372,-0.683319,36.8856,1.08368,18.9932
84.5345,79.8496,-4.12953,1092.48,124.659,41.9235,7.71706,-5.77118,3696,0.00117,39.99,0.004116,81.3983,1002.48,-2.78365,-0.220223,-0.967184,37.1964,1.02825,17.4426
85.1482,78.4175,-4.97655,1087.5,128.552,41.9235,6.97163,-5.79163,3696,0.00351,39.99,0.005096,81.5191,1003.97,-3.32873,0.680109,-0.648982,38.1029,1.01392,15.5386
86.7849,81.7522,-9.07556,1078.26,130.202,41.9235,6.27788,-5.97575,3697,0.00273,39.99,0.005488,81.4992,1004.75,-3.85843,2.26964,0.0608933,38.7426,0.959846,14.3845
84.5549,81.5885,-11.0094,1070.91,131.253,41.9235,7.62094,-7.57148,3697,0.01209,39.99,0.005488,81.5153,1005.29,-4.40187,2.99187,-2.86369,38.0086,0.830429,17.0013
84.6572,80.7907,-8.27235,1050.43,131.662,41.9235,8.15669,-6.95774,3696,0.01521,39.99,0.007056,81.546,1006.63,-4.75731,1.86498,-2.19632,37.5926,0.928034,18.7074
82.0386,80.7088,-4.05005,1033.27,131.07,41.9235,7.42294,-6.77362,3696,0.0078,39.99,0.006076,81.5684,1006.94,-4.07891,0.501227,-0.038968,38.6716,1.12015,17.031
83.9821,76.3308,-5.72628,1018.84,136.385,41.9235,6.29773,-5.11652,3696,0.00819,39.99,0.006468,81.5815,1009.66,-4.4062,0.29878,0.243183,39.4389,1.14815,15.4934
83.9821,83.6139,-8.22624,1005.9,138.532,41.9235,6.45392,-5.3211,3696,1.19716e-16,39.99,0.007252,81.5411,1011.27,-4.21955,1.96584,-0.699931,39.7394,1.07057,16.474
83.6139,80.6475,-7.69218,997.405,138.251,41.9235,7.88271,-7.67377,3697,0.00195,39.99,0.007644,81.5,1011.34,-3.18866,1.76368,-3.96419,38.437,1.10892,19.886
85.987,81.4044,-10.2019,989.625,136.427,41.9235,8.2976,-7.06003,3697,0.01248,39.99,0.007056,81.4168,1011.05,-4.0085,2.2609,-1.28611,38.6177,0.954708,19.8626
82.0795,81.8545,-9.188,979.367,137.04,41.9235,8.25024,-7.16232,3696,0.0117,39.99,0.006664,81.1861,1011.6,-4.12628,0.977753,-0.773279,38.7077,1.0028,20.086
87.1736,82.1818,-9.50803,966.215,135.746,41.9235,8.18888,-7.22369,3696,0.01014,39.99,0.005096,81.0505,1011.36,-4.63832,0.793066,-1.06921,39.0868,0.974923,19.5053
85.3732,82.4068,-10.0791,954.635,135.431,41.9235,7.65608,-7.1214,3697,0.01092,39.99,0.003724,80.9854,1011.7,-5.00057,-0.829292,-0.0784859,39.4516,0.944222,18.3466
86.3757,81.3839,-6.97915,938.244,136.823,41.9235,7.30014,-7.08049,3696,0.0039,39.99,-0.00274398,80.99,1012.95,-4.65266,-1.13299,-0.345221,39.8391,1.04224,17.692
86.3962,81.7317,-5.95594,925.714,133.935,41.9235,6.99408,-7.1214,3696,-0.01404,39.99,0.01372,81.0157,1012.05,-4.30412,-1.87168,-1.37318,39.7106,1.11291,16.7128
84.4117,79.6655,-8.94511,912.605,134.029,41.9235,6.78926,-7.1214,3696,0.00468,39.99,0.006664,80.7808,1012.21,-4.91191,-2.57696,-0.190441,39.8387,0.996161,15.536
84.8618,80.852,-10.4868,899.041,134.142,41.9235,6.84933,-6.79408,3696,-0.00818998,39.99,0.008232,80.4131,1013.24,-5.52205,-1.60813,-1.43119,39.2734,0.903917,16.0687
85.4142,80.5247,-6.37198,881.681,135.004,41.9235,7.88691,-5.75072,3696,-0.00506997,39.99,0.008036,80.4088,1014.35,-4.98126,-0.351604,-2.21109,38.429,1.03758,18.1518
80.3815,77.4356,-6.30607,863.979,135.873,41.9235,8.73314,-6.0985,3696,-0.00975001,39.99,0.014112,80.382,1014.92,-4.0805,-1.04259,-3.07363,37.2812,1.14003,20.4914
83.1433,76.5968,-7.11974,852.623,134.553,41.9235,8.07643,-6.0985,3696,-0.0156,39.99,0.018424,80.4402,1014.73,-3.86142,0.023985,0.478925,37.945,1.04377,18.5041
87.2759,82.2432,-6.34547,841.661,133.41,41.9235,7.28327,-6.13942,3696,-0.01248,39.99,-0.022932,80.3952,1014.87,-3.27386,1.83064,-0.883998,38.5481,1.07081,17.1798
86.8667,82.3046,-7.78442,830.617,132.087,41.9235,7.0824,-6.83499,3696,-0.01872,39.99,0.006468,80.4058,1014.84,-3.28603,0.707661,-0.79807,39.213,1.02336,16.2222
84.9027,81.3226,-7.26365,818.813,132.341,41.9235,6.35226,-6.15988,3696,-0.01599,39.99,0.007056,80.3104,1014.7,-3.93936,-0.566007,-0.458158,39.6572,1.01583,14.8595
83.532,77.947,-4.89493,808.566,134.168,41.9235,5.48091,-6.52812,3696,-0.01365,39.99,0.0049,80.3698,1016.5,-3.53978,-2.1171,0.616186,40.5842,1.11774,12.4869
82.6523,77.1696,-7.83905,798.788,136.154,41.9235,4.966,-6.42583,3697,-0.00273001,39.99,0.006076,80.2963,1017.59,-4.53658,-1.18986,-1.36916,40.4858,1.08868,12.0944
84.8413,79.4609,-9.32751,790.707,137.515,41.9235,4.71246,-6.26217,3697,0.00117,39.99,0.002156,80.2803,1018.78,-4.95016,0.842924,-1.52308,40.9323,0.777479,11.1438
86.6826,81.3635,-9.07322,782.78,139.322,41.9235,4.59007,-7.20324,3696,0.01404,39.99,0.004508,80.1702,1019.91,-4.50495,2.34103,-0.875169,41.0654,0.323939,12.0124
87.2145,83.8594,-12.8531,779.214,140.679,41.9235,5.77668,-7.06003,3697,0.02964,39.99,0.010976,80.2517,1020.37,-5.39011,2.08132,-3.37148,40.578,-0.329121,15.0022
86.5393,82.8365,-11.4428,768.848,139.173,41.9235,5.35615,-7.57148,3697,0.04212,39.99,0.010584,80.1443,1019.99,-4.82998,0.268076,-0.519163,40.928,-0.550187,13.7797
86.3962,82.6933,-9.88742,746.888,141.529,41.9235,5.45152,-8.00109,3696,0.02964,39.99,0.008624,80.2612,1021.82,-5.04739,-0.445833,-0.246781,41.1256,-0.061982,15.0801
87.2145,82.7137,-12.7369,739.208,139.167,41.9235,6.68372,-6.85545,3697,0.02769,39.99,0.006076,80.0185,1021.1,-5.98929,0.743553,-2.79529,39.7287,-0.395724,16.9715
83.6548,82.0795,-9.697,721.144,138.233,41.9235,8.54257,-6.95774,3696,0.02028,39.99,0.005684,79.5989,1021.29,-4.7493,-0.361573,-3.05804,38.4625,-0.150546,20.7357
76.6991,73.7736,-6.23435,702.521,134.924,41.9235,9.03629,-6.93728,3697,0.00663,39.99,0.007056,79.4978,1020.5,-3.80164,-1.4894,-1.2368,37.5649,0.144406,21.4602
87.4395,83.082,-7.82805,685.605,134.331,41.9235,9.35903,-6.15988,3696,0.00858,39.99,0.009016,79.5486,1021.23,-4.08672,1.15176,-1.53218,37.3952,-0.0154386,21.5315
86.3348,82.6523,-6.1627,669.255,136.879,41.9235,9.52335,-6.40537,3696,-0.00663001,39.99,0.006664,79.4163,1022.86,-3.76395,2.13274,-1.43641,37.2913,0.411921,22.7055
83.4093,82.6114,-4.91122,647.589,137.226,41.9235,9.36184,-6.69178,3697,-0.01209,39.99,0.005292,79.5686,1023.44,-3.40965,0.506681,-0.767904,37.909,-0.69172,22.3414
86.6826,80.6679,-7.67071,644.022,133.031,41.9235,7.60632,-6.69178,3697,-0.00897002,39.99,0.006664,79.7085,1021.86,-4.45378,-0.402571,0.954937,39.2394,-0.286992,18.0092
85.9665,81.0362,-9.0974,631.437,128.497,41.9235,6.16059,-6.67133,3697,-0.01794,39.99,0.007056,79.7999,1020.44,-4.90271,-2.31355,1.29728,40.7959,0.633612,14.0705
86.5189,77.8243,-9.50005,615.439,131.133,41.9235,6.09377,-5.34156,3697,-0.01209,39.99,0.00196,79.7388,1022.33,-5.46735,-1.46385,-0.605204,40.3261,-0.110087,13.9075
86.2939,81.6294,-6.75566,600.696,131.474,41.9235,8.64435,-4.76873,3697,-0.02457,39.99,0.006272,79.7867,1022.44,-4.57958,1.14147,-3.8859,38.1468,1.1851,19.5374
83.5934,78.9085,-4.48228,580.309,131.552,41.9235,9.55431,-5.34156,3696,-0.03237,39.99,0.007056,79.7768,1023.47,-2.67114,-1.08339,-2.4513,37.0329,0.757993,22.2898
82.7342,80.2588,-3.06994,575.275,128.154,41.9235,7.89424,-5.64843,3696,-0.03822,39.99,0.005684,79.9139,1022.49,-2.23742,-2.13956,0.932172,38.6424,0.754862,18.124
85.9461,80.852,-5.59104,559.95,132.191,41.9235,5.9587,-5.38247,3696,-0.04485,39.99,0.003332,79.8538,1024.13,-2.14365,-0.926367,1.13667,39.8611,1.22195,13.8714
88.2578,81.7726,-5.08606,547.562,131.034,41.9235,6.17433,-7.79652,3696,-0.04056,39.99,0.00392,80.0314,1024.03,-1.86243,1.36841,-1.0435,40.0472,0.975683,13.7288
82.6319,83.1638,-8.66565,540.858,131.356,41.9235,8.3279,-4.11407,3697,-0.04212,39.99,0.007056,80.1076,1025.24,-3.45853,0.993481,-3.23105,37.9403,1.02924,19.1955
87.0508,79.7064,-5.16749,533.142,131.634,41.9235,9.6935,-5.93484,3697,-0.03744,39.99,0.009408,80.2305,1025.09,-2.15295,0.215812,-2.89097,37.0821,1.00418,22.0334
80.2588,82.0386,-3.69115,519.354,132.143,41.9235,9.10629,-6.15988,3697,-0.0429,39.99,0.008624,80.1342,1026.11,-1.51044,-1.67527,-0.222053,37.2752,0.677384,21.1635
84.3708,80.2383,-8.46954,516.616,132.519,41.9235,8.14172,-6.32354,3696,-0.04446,39.99,0.001176,80.2874,1026.32,-2.80539,-1.65677,0.411862,38.1648,0.870333,18.6194
86.2529,79.7473,-8.29349,507.849,131.316,41.9235,6.65672,-6.344,3697,-0.04134,39.99,0.002548,80.0866,1026.11,-3.30163,1.01737,0.990223,39.1685,1.09276,15.2521
92.6972,88.6874,-7.70538,498.617,128.727,41.9235,7.6122,-6.48721,3697,-0.03471,39.99,0.007448,80.338,1025.43,-3.48995,2.4154,-2.36438,38.9402,0.501155,16.7637
82.0795,74.8374,-6.9522,486.611,126.775,41.9235,8.63655,-5.60751,3696,-0.03354,39.99,0.002156,80.1356,1024.85,-4.04182,-0.853688,-2.51796,37.8739,0.713993,20.1227
85.0459,80.0337,-4.64324,472.383,124.128,41.9235,8.5386,-3.99133,3697,-0.04836,39.99,0.002744,80.5651,1023.92,-4.0098,-0.331653,-0.537214,38.0449,1.08547,19.6962
87.2349,82.3455,-3.06989,458.013,122.343,41.9235,7.6174,-4.19591,3696,-0.06123,39.99,0.002352,79.8528,1024.43,-2.77439,1.23948,-0.449076,38.5924,0.985659,20.1488
87.3168,82.4068,-1.526,444.389,132.15,41.9235,6.56777,-4.76873,3696,-0.06201,39.99,0.004312,83.2104,1028.94,-1.42661,0.413037,-0.370935,40.1166,1.22443,15.1308
85.2914,81.9159,-4.25611,435.022,133.56,41.9235,5.27421,-4.72782,3697,-0.06318,39.99,1.64182e-16,86.479,1029.8,-1.6016,-2.01976,0.981582,40.9741,1.12897,12.1508
85.8438,77.0264,-4.31007,428.921,130.121,41.9235,5.61975,-8.65575,3697,-0.03042,39.99,0.0049,83.6071,1028.22,-0.959817,-0.458065,-1.19729,40.6136,1.1145,12.8747
89.5058,84.6981,-7.75155,422.361,128.329,41.9235,6.12979,-5.87346,3696,-0.00195003,39.99,-0.000391977,83.7678,1028.04,-2.38844,2.79397,-3.19542,39.9596,0.901337,15.087
85.1278,87.5827,-6.65474,413.18,130.788,41.9235,6.46048,-6.40537,3697,0.00195,39.99,0.001764,83.091,1029.88,-3.0534,0.584056,-1.58557,40.3858,0.979032,14.8147
76.6172,75.3693,-6.07972,402.266,133.358,41.9235,4.84376,-6.58949,3696,0.01833,39.99,-0.003724,82.9904,1031.02,-3.33289,-4.27559,0.353676,41.3062,1.08597,11.5519
88.5647,84.8618,-10.2695,388.261,136.031,41.9235,2.79581,-5.97575,3696,0.01989,39.99,-0.000783997,80.9199,1031.65,-4.95522,-0.765337,1.11148,43.1017,0.918227,6.16871
88.1965,84.6368,-9.40631,384.432,137.556,41.9235,4.72805,-6.30308,3696,0.01326,39.99,-0.00391998,80.2359,1033.23,-4.83251,1.22826,-2.83952,41.1271,0.990752,11.0676
80.3406,73.7736,-9.0022,367.181,140.605,41.9235,7.42405,-6.30308,3697,0.01677,39.99,0.00098,79.8573,1034.83,-4.66302,-0.233067,-3.67692,38.9452,1.03315,17.8359
81.2407,81.1589,-8.25801,355.656,137.001,41.9235,6.96326,-7.34644,3696,0.01443,39.99,-0.00391998,80.1149,1033.85,-4.44123,-1.39582,-1.93888,39.0448,1.05494,16.8788
80.0337,77.9265,-10.0525,346.522,137.363,41.9235,6.26394,-7.08049,3696,0.03042,39.99,-0.001372,79.328,1035.09,-4.47956,-1.07674,-0.563728,39.795,0.989733,14.5107
86.6416,86.2939,-7.09556,331.863,133.629,41.9235,6.81678,-8.53301,3697,0.03237,39.99,-0.00215598,77.3933,1033.09,-3.79357,1.68672,-5.54536,39.0802,1.02182,16.2687
86.7439,85.1891,-7.93845,321.587,131.472,41.9235,7.45583,-6.71224,3697,0.02496,39.99,-0.001372,77.2189,1032.55,-3.93646,0.0595213,-3.46013,39.2536,0.96747,16.7064
87.3577,80.361,-5.10289,306.377,127.433,41.9235,6.8843,-7.77606,3696,0.01131,39.99,-0.002548,77.3667,1031.52,-3.36055,-1.2409,-2.58859,39.4436,1.03012,15.4722
89.4239,83.6343,-3.72797,292.504,125.108,41.9235,6.68105,-4.72782,3696,-0.01911,39.99,-0.00411599,75.5588,1031.9,-2.63236,-1.31908,-2.9811,39.9638,1.06315,14.8305
87.2145,83.4502,-2.19742,274.693,126.48,41.9235,5.81859,-5.34156,3696,-0.06045,39.99,-0.00470399,72.2341,1032.58,-1.63357,-2.1969,-3.90473,40.3823,1.13965,13.2372
90.6719,83.1843,-3.33923,258.529,125.5,41.9235,4.99109,-2.55927,3696,-0.117,39.99,-0.00783999,70.8905,1032.7,-0.984293,-2.1638,-2.99907,41.394,1.09783,10.9541
87.8078,85.9256,-1.6216,250.22,122.499,41.9235,4.97843,-3.29576,3696,-0.1131,39.99,-0.00666399,68.5893,1031.48,0.167602,-2.4501,-8.81972,41.0473,1.11144,11.0485
92.3494,83.5116,-1.6449,242.783,120.33,41.9235,4.63871,-3.97087,3696,0.0273,39.99,-0.004312,66.6764,1030.77,0.71421,-2.45808,-8.65866,41.7083,1.10495,10.0603
85.1278,87.9714,-2.19943,237.531,116.295,41.9235,4.02069,-2.29331,3696,-0.27261,39.99,-0.000979977,63.7108,1029.72,0.611546,-2.4099,-10.0563,42.0085,0.99329,9.26478
92.554,85.4755,0.377879,238.392,112.624,41.9235,3.41368,0.509434,3696,-0.29367,39.99,0.002548,62.109,1028.24,1.6789,-2.74243,-10.8221,42.9326,1.10574,9.36389
104.174,91.7766,-0.0790448,237.788,109.512,41.9235,1.76201,0.509434,3696,-0.27651,39.99,0.005488,61.0945,1028.29,1.17671,0.768872,-12.7359,44.029,1.07278,7.20895
103.806,99.6325,-3.46933,237.256,108.726,41.9235,0.235964,-5.30064,3697,-0.2847,39.99,0.007644,59.2274,1027.42,0.243337,-1.34711,-8.2597,46.3107,1.02608,5.60356
103.826,99.4484,-2.63609,243.224,105.026,41.9235,-0.333675,-8.1443,3697,-0.33774,39.99,0.007644,57.0595,1024.21,0.232329,-0.210466,2.07138,46.7574,1.04789,6.49868
