87.2759,84.4322,-6.13922,1803.79,147.755,-128.056,-5.88968,-4.91194,2951,-0.19851,-131.044,-0.077028,80.3156,981.316,0.610361,18.6789,-0.724734,-149.935,1.02695,15.9084
90.9992,84.0639,-4.17474,1805.17,146.448,-128.056,-5.88218,-6.20079,2951,-0.18798,-131.044,-0.065464,79.7079,980.069,0.813183,15.9941,-1.04539,-144.4,1.08225,15.9878
87.8282,84.6163,-5.98059,1802.47,143.709,-128.056,-5.08255,-5.4643,2952,-0.17628,-131.044,-0.058016,78.955,979.135,0.293301,13.5126,0.515834,-146.555,0.988125,14.7451
85.3937,82.9797,-6.68805,1803.96,143.386,-128.056,-4.86756,-4.50278,2951,-0.17199,-131.044,-0.049588,80.1159,978.858,-0.0512834,10.6671,-0.722231,-142.321,0.918632,13.9051
87.2349,82.9592,-3.92917,1804.87,141.662,-128.056,-5.14743,-5.42339,2951,-0.16926,-131.044,-0.046648,81.1488,978.428,0.729636,9.66455,-0.326359,-143.776,1.06638,15.08
84.5345,81.5681,-4.99569,1796.96,141.581,-128.056,-4.78773,-4.80965,2951,-0.16302,-131.044,-0.040572,82.3924,978.266,0.440649,8.36685,0.468494,-140.155,0.995482,14.8516
85.1278,81.0566,-5.81575,1800.48,141.846,-128.056,-5.49744,-4.72782,2952,-0.15288,-131.044,-0.039788,83.0372,978.69,0.407605,7.28456,-1.19862,-141.298,0.975155,16.26
86.6621,81.3635,-4.84684,1799.34,145.301,-128.056,-6.23061,-5.25972,2951,-0.14586,-131.044,-0.033124,83.872,980.698,1.00674,7.48162,-0.53166,-137.17,1.03134,16.8537
85.6801,82.7751,-5.13263,1796.36,146.501,-128.056,-6.19571,-5.48476,2952,-0.14469,-131.044,-0.023716,83.3268,980.751,0.890286,7.39562,0.18256,-138.734,1.05483,16.9904
86.7235,82.3455,-6.334,1798.15,147.451,-128.056,-6.36639,-5.52568,2952,-0.13689,-131.044,-0.02156,82.1012,981.378,0.465771,7.0703,-0.888326,-135.29,0.991309,16.8993
87.3372,82.6319,-6.29273,1799.9,147.841,-128.056,-6.10433,-5.853,2951,-0.12597,-131.044,-0.019992,81.0708,981.372,0.417856,7.13686,0.040363,-137.001,1.01074,15.8754
86.8053,83.1843,-6.53456,1800.7,147.446,-128.056,-5.52717,-5.87346,2951,-0.11622,-131.044,-0.016464,79.5751,981.067,0.283912,6.71368,-0.178028,-134.457,0.976143,14.114
86.0484,82.8569,-6.56973,1801.13,145.641,-128.056,-5.08532,-5.52568,2951,-0.10998,-131.044,-0.015288,77.7218,980.195,0.0533752,5.75898,0.0649819,-136.286,0.973034,13.1657
85.4142,82.7342,-6.4605,1800.35,144.504,-128.056,-5.01496,-5.17789,2951,-0.1053,-131.044,-0.011564,75.5638,979.587,-0.066735,4.43818,-0.406126,-133.697,0.963967,12.9095
85.005,81.3839,-6.72655,1800.57,142.958,-128.056,-5.44001,-4.72782,2952,-0.10101,-131.044,-0.00548799,72.438,978.916,-0.00280283,3.38778,-0.695036,-134.938,0.947266,14.2567
84.3504,82.0181,-5.32863,1800.24,141.913,-128.056,-5.93153,-4.54369,2967,-0.09399,-131.044,-0.00293999,66.9854,978.674,0.340657,3.25629,-0.534732,-132.208,0.987163,14.7452
85.6801,81.8954,-5.5339,1799.47,141.01,-128.056,-6.31463,-4.4414,3075,-0.09282,-131.044,-0.001372,64.1635,977.775,0.580336,3.64358,-0.409443,-133.412,1.01965,15.6834
85.7415,82.0181,-4.87993,1798.92,138.905,-128.056,-6.39515,-5.01423,3184,-0.09438,-131.044,0.000588,62.743,976.795,0.811922,3.79928,-0.224509,-131.097,1.05657,15.7972
87.2145,81.9568,-5.66897,1800.74,137.597,-128.056,-6.34856,-5.93484,3292,-0.09048,-131.044,-1.22357e-15,61.9419,976.327,0.63007,3.77354,-0.371511,-132.506,1.0915,14.8907
86.8258,82.1613,-7.1884,1803.51,134.04,-128.056,-5.73458,-5.89392,3384,-0.08931,-131.044,0.002352,61.5535,974.343,-0.19996,3.71818,0.90571,-130.923,0.994052,13.2655
85.005,77.3537,-8.30668,1807.01,131.347,-128.056,-5.39113,-6.40537,3493,-0.08424,-131.044,0.002352,61.6135,973.316,-0.843292,2.26532,-0.249024,-132.615,1.01089,12.3369
86.969,81.2203,-11.3465,1814.92,129.361,-128.056,-6.21285,-5.89392,3586,-0.08034,-131.044,0.002744,67.0177,972.073,-1.62487,2.28518,-1.48357,-130.08,0.881,13.7344
86.2939,82.325,-9.62299,1816.72,127.942,-128.056,-6.69008,-6.44629,3585,-0.07722,-131.044,0.005684,71.3667,971.675,-1.4406,2.76763,-0.386696,-130.997,0.962894,15.058
85.2914,82.2636,-10.3208,1817.11,126.891,-128.056,-6.56064,-5.60751,3586,-0.06708,-131.044,0.005292,76.5415,970.91,-1.61729,2.55488,0.0819059,-129.308,0.905402,13.997
85.1073,82.1204,-7.80908,1816.31,125.146,-128.056,-6.56492,-5.38247,3586,-0.06513,-131.044,0.007448,80.113,970.487,-1.26494,2.44662,-0.298335,-130.541,0.976063,14.0072
85.23,81.8954,-7.13465,1814.58,124.129,-128.056,-6.49504,-5.68934,3586,-0.0624,-131.044,0.00784,79.9655,970.018,-0.904041,2.06626,-0.0169298,-128.836,0.99289,13.8522
86.3962,80.361,-7.21316,1811.95,122.721,-128.056,-6.40782,-5.09606,3585,-0.05967,-131.044,0.007644,79.0854,969.675,-0.810841,1.85959,-0.463927,-130.135,0.957382,14.0221
84.3913,81.5271,-4.90104,1810.23,122.511,-128.056,-5.62834,-6.13942,3586,-0.05226,-131.044,0.007056,79.1856,969.587,-0.220687,1.48328,1.294,-129.22,1.03415,11.8387
83.5116,78.4994,-5.29781,1805.46,121.497,-128.056,-4.94713,-4.31866,3586,-0.04017,-131.044,0.006272,80.3835,969.545,-0.508992,0.470469,-0.176009,-131.122,1.00271,10.3655
85.9052,81.8545,-6.01746,1803.34,121.335,-128.056,-5.28784,-4.31866,3586,-0.03705,-131.044,0.00784,80.5452,969.437,-0.725005,1.00284,-0.539855,-129.45,0.967284,11.0436
84.5754,81.1589,-3.95125,1803.16,121.556,-128.056,-5.62693,-5.52568,3586,-0.03198,-131.044,0.008624,81.1619,969.525,-0.0482852,0.854465,-0.918792,-130.313,1.06069,11.8352
85.3323,81.343,-6.08139,1800.81,121.379,-128.056,-6.38694,-5.79163,3586,-0.02457,-131.044,0.007448,80.2307,969.358,-0.641152,1.17217,-1.18557,-128.242,0.977647,13.6076
86.1302,81.7113,-8.06286,1798.31,120.645,-128.056,-6.65803,-5.30064,3586,-0.01443,-131.044,0.007252,79.965,968.989,-1.66406,1.64927,0.0458451,-129.13,0.881925,14.2727
85.4142,81.4044,-7.26204,1795.03,120.557,-128.056,-7.30899,-4.97331,3586,-0.01209,-131.044,0.00882,79.7826,969.394,-1.72189,1.46285,-1.46073,-127.076,0.932966,15.6368
86.0484,80.9748,-5.54582,1790.19,121.34,-128.056,-7.85605,-5.81209,3586,-0.00818998,-131.044,0.009408,79.9692,969.912,-1.52287,1.43654,-0.561396,-127.59,0.991233,16.8187
86.9485,83.3479,-5.56123,1783.52,121.827,-128.056,-7.90277,-5.97575,3586,-0.00351,-131.044,0.009604,79.5257,970.21,-1.97234,2.31743,0.174013,-126.133,0.98886,16.9563
84.8823,83.1229,-6.90793,1776.02,120.711,-128.056,-7.47142,-5.56659,3586,-0.00273001,-131.044,0.011172,78.7133,969.846,-2.90554,2.01124,0.356826,-127.345,0.92764,16.0873
85.6187,81.9772,-8.38861,1767.7,119.786,-128.056,-7.2655,-4.46186,3586,-0.00234002,-131.044,0.009996,78.1743,970.328,-3.48247,1.52972,0.136126,-126.157,0.877389,15.8892
84.8823,81.3226,-6.87405,1755.08,121.466,-128.056,-7.21218,-4.07316,3585,-0.00389999,-131.044,0.009212,78.4755,971.13,-2.96287,1.28861,0.237764,-127.164,0.942386,15.9825
88.176,82.0795,-4.40217,1744.35,122.705,-128.056,-7.40294,-5.13697,3586,-0.00389999,-131.044,0.00784,78.3823,972.03,-2.00287,1.98682,-0.616215,-125.651,1.06291,15.8045
85.6801,83.0615,-3.41673,1735.56,121.189,-128.056,-6.85267,-5.99621,3586,-0.00585002,-131.044,0.007056,77.5155,971.669,-1.81395,1.50071,0.678092,-126.908,1.06023,14.8045
85.0459,81.9159,-5.6007,1722.72,120.441,-128.056,-6.53008,-6.15988,3586,-0.00702,-131.044,0.002744,76.9601,971.901,-2.70009,-0.256757,-0.170838,-126.072,0.982923,13.9367
83.9207,81.0566,-8.17754,1713.88,120.717,-128.056,-6.82348,-4.17545,3586,-0.01092,-131.044,0.004508,77.7978,972.275,-3.74303,-1.5788,-0.662315,-126.968,0.869949,14.8024
83.6752,81.1384,-7.22114,1702.57,121.683,-128.056,-7.28199,-3.76629,3586,-0.01248,-131.044,0.004116,78.0667,973.099,-3.04393,-1.99209,-0.720705,-125.798,0.965126,15.8106
83.3888,80.4838,-5.00863,1691.9,121.673,-128.056,-7.35024,-4.31866,3586,-0.01716,-131.044,0.003136,77.7357,973.256,-1.66612,-1.77612,0.381782,-127.013,1.031,15.9659
84.6777,79.0108,-3.96534,1680.67,121.871,-128.056,-7.45567,-4.46186,3586,-0.01404,-131.044,0.001568,77.5027,973.991,-0.93372,-0.918481,-0.0637161,-126.189,1.07886,15.9429
88.6261,82.8365,-3.64306,1671.9,121.737,-128.056,-7.28383,-5.21881,3586,-0.0117,-131.044,0.003332,77.8982,973.96,-0.955021,0.712063,0.269134,-127.344,1.04636,15.6791
86.6416,83.3684,-4.56085,1662.61,121.169,-128.056,-6.71868,-6.48721,3586,-0.00428999,-131.044,0.004116,77.972,974.197,-1.64451,0.471106,-0.0150363,-126.84,1.02657,14.2024
84.514,82.9592,-7.2868,1653.78,122.565,-128.056,-6.38754,-4.54369,3586,-0.00116998,-131.044,0.001176,78.0979,975.135,-3.12355,-0.34732,-0.291127,-128.084,0.918982,13.9439
87.1326,81.5885,-6.37883,1645.34,122.569,-128.056,-6.62466,-6.344,3585,0.00234,-131.044,-0.000391977,77.6882,975.264,-3.63032,-0.604025,-0.763178,-127.005,0.98221,13.9101
86.2734,82.9387,-7.45669,1635.67,122.601,-128.056,-6.72504,-6.38491,3586,-0.000389995,-131.044,-0.000391977,76.3079,976.015,-4.52601,-1.11217,-0.267436,-127.932,0.937513,14.1528
85.23,82.9387,-9.87963,1625.28,121.478,-128.056,-6.95361,-4.35957,3585,0.00273,-131.044,-0.001372,76.5789,975.532,-5.54984,-1.71933,-0.658691,-127.072,0.854286,15.1137
83.8798,80.8929,-8.263,1611.4,121.605,-128.056,-7.4856,-3.56171,3586,0.00312,-131.044,0.001764,77.4978,976.181,-4.63345,-1.50544,-0.675604,-127.692,0.915213,16.4678
83.3479,80.402,-4.70403,1598.4,121.799,-128.056,-7.63708,-4.38003,3586,-0.00428999,-131.044,0.000588,77.749,976.638,-2.86844,-0.801331,-0.486359,-126.901,1.06687,16.7892
83.8389,79.5836,-3.5151,1582.55,121.98,-128.056,-7.38194,-5.0756,3586,0.00156,-131.044,0.004116,78.0084,977.188,-2.22964,0.216634,-0.163956,-128.142,1.07734,15.9555
83.6752,80.402,-4.94404,1570.98,121.476,-128.056,-7.35425,-5.0756,3586,-0.00195003,-131.044,0.003528,78.2967,977.485,-2.74008,1.39729,-0.763291,-127.316,1.02165,15.8954
85.8438,81.4249,-5.87998,1560.5,120.925,-128.056,-7.54587,-4.97331,3586,-0.00506997,-131.044,0.00294,78.5598,977.654,-3.15318,2.58482,-1.01066,-127.726,0.962069,16.0925
88.7897,83.6139,-6.1586,1548.71,121.374,-128.056,-7.56586,-4.38003,3586,-0.00546003,-131.044,0.003136,79.1858,978.024,-3.35626,3.06507,-0.897927,-126.548,0.974444,16.0928
87.8487,84.3299,-6.0131,1537.74,121.584,-128.056,-7.47004,-4.07316,3586,-0.00467998,-131.044,0.001372,79.4022,978.8,-3.05265,1.8908,-0.637548,-127.06,0.963735,15.9069
86.7644,83.307,-5.24562,1527.35,120.859,-128.056,-7.73978,-4.89148,3586,-0.00195003,-131.044,0.000196,79.277,978.653,-2.4195,-0.179858,-0.803248,-125.906,1.02819,16.7486
86.0688,83.1843,-5.24696,1515.67,120.389,-128.056,-8.06407,-5.25972,3586,0.00234,-131.044,-0.00156798,79.187,978.934,-2.35881,-1.25173,-0.339478,-126.504,0.977331,17.5509
87.8078,83.041,-5.86353,1503.91,120.531,-128.056,-8.18394,-4.60507,3586,-4.02848e-16,-131.044,-0.00725199,80.1978,979.492,-2.73762,-1.63452,-0.380818,-125.821,0.97914,18.0343
87.0917,83.6548,-5.55379,1492.39,121.142,-128.056,-7.94744,-4.66644,3586,-0.00428999,-131.044,-0.00823198,79.0242,980.085,-2.72313,-2.94198,0.0755036,-127.067,0.967959,16.9976
83.5934,82.2227,-5.22277,1480.5,120.682,-128.056,-8.02757,-4.78919,3586,-0.000389995,-131.044,-0.00940798,77.6618,980.386,-2.64811,-5.4389,-0.24486,-126.783,1.01933,17.2205
82.059,80.8316,-5.38126,1468.53,120.796,-128.056,-8.49973,-4.70736,3586,-0.00351,-131.044,-0.00725199,77.6483,980.815,-2.74869,-6.10026,-0.157397,-127.902,0.974427,18.6216
82.1818,79.2154,-5.35294,1455.46,121.664,-128.056,-8.74532,-4.54369,3586,-0.00234002,-131.044,-0.00783999,77.8137,981.617,-2.79627,-4.39212,-0.0575279,-127.785,1.02257,18.9944
84.6368,79.6246,-5.7698,1443.58,121.928,-128.056,-8.13638,-5.15743,3586,-0.00467998,-131.044,-0.00529199,77.6044,982.103,-2.74366,-1.31009,0.611111,-129.507,0.975357,17.7951
85.4142,80.4224,-6.23814,1431.56,122.377,-128.056,-7.03676,-4.9324,3586,-0.00234002,-131.044,-0.00568398,77.0014,982.673,-2.87763,0.444626,0.288102,-129.928,0.996185,15.2581
86.2734,81.9363,-5.66048,1419.35,121.753,-128.056,-6.07641,-4.83011,3585,-0.00351,-131.044,-0.003724,76.5427,982.954,-2.8541,1.05322,-0.0589819,-131.492,0.971281,13.2923
83.3479,80.7702,-6.21421,1407.01,121.463,-128.056,-5.74701,-4.99377,3586,-0.00312001,-131.044,0.001764,77.4289,983.352,-2.78965,0.530967,-0.912455,-131.068,1.00923,12.8263
80.8725,78.9699,-6.36583,1396.76,123.021,-128.056,-6.16155,-4.31866,3586,-0.00351,-131.044,0.001372,79.0119,984.208,-2.85007,1.1012,-1.53028,-131.379,0.949907,13.338
86.1302,80.9339,-3.87554,1387.43,119.882,-128.056,-6.20904,-5.64843,3586,-0.00936002,-131.044,0.00098,78.5332,983.39,-2.28366,3.5034,-1.00791,-130.467,1.07775,13.9692
89.7717,85.6187,-5.47675,1375.26,118.408,-128.056,-5.14142,-4.99377,3586,-0.00663001,-131.044,0.001372,78.287,983.209,-2.69163,4.51045,-0.229492,-131.536,0.928009,12.2573
85.4755,85.005,-6.87063,1359.62,119.534,-128.056,-4.27512,-2.45698,3586,-0.00740999,-131.044,0.00098,79.898,984.026,-3.17918,1.62836,-0.882761,-131.246,0.939431,10.6337
82.8569,79.8087,-4.52249,1352.09,120.166,-128.056,-5.23562,-4.07316,3586,0.00039,-131.044,0.003528,78.4709,984.693,-1.71744,-0.118477,-2.51942,-130.985,1.00537,12.146
84.4117,78.9699,-2.93258,1341.84,119.913,-128.056,-6.38112,-5.36202,3586,0.00507,-131.044,0.00686,77.4395,984.911,-1.07902,0.940058,-1.76217,-129.322,1.10692,14.3732
85.8029,77.8447,-3.43718,1329.3,120.573,-128.056,-6.09501,-6.01667,3585,-6.55482e-16,-131.044,0.006076,78.5365,985.651,-2.02386,2.70453,-0.216649,-130.003,0.991086,13.5691
86.3962,82.2023,-6.90531,1316.55,119.315,-128.056,-4.91038,-5.44385,3586,0.00312,-131.044,0.006272,78.2914,985.707,-3.65384,3.14508,-0.038973,-130.138,1.00827,11.7179
84.0639,80.6679,-6.56148,1307.94,121.9,-128.056,-4.53248,-4.6869,3585,0.00117,-131.044,0.0098,77.6313,986.697,-4.31703,1.74627,-0.982856,-130.778,0.447536,10.8157
80.9134,79.1949,-5.73543,1294.08,125.715,-128.056,-5.05227,-6.48721,3586,0.0078,-131.044,0.011368,76.6814,988.709,-4.19057,1.31979,-1.39023,-129.502,-0.436695,11.0579
85.2505,74.7556,-7.95626,1280.97,123.335,-128.056,-4.87294,-6.15988,3586,0.00195,-131.044,0.011564,74.9282,988.568,-5.26412,2.32373,-0.19954,-130.096,-0.670924,10.8387
84.4526,80.2588,-9.79118,1267.74,123.594,-128.056,-4.75528,-4.25728,3586,-0.00351,-131.044,0.009996,73.5135,989.026,-6.2432,3.19377,-1.13664,-129.394,0.413294,10.5035
86.8258,81.7317,-8.01226,1253.89,124.485,-128.056,-5.64432,-4.72782,3586,-0.00273001,-131.044,0.008624,73.8362,989.804,-4.99332,3.37873,-2.26235,-128.773,-0.112049,12.0776
91.4493,85.6801,-6.69549,1243.07,122.941,-128.056,-6.74272,-4.50278,3586,-0.00389999,-131.044,0.002156,72.5551,989.501,-3.88238,3.0254,-2.15223,-126.723,-0.645825,14.5766
91.9198,84.9027,-4.743,1230.22,122.759,-128.056,-6.93916,-3.64354,3586,-0.00818998,-131.044,0.001764,72.3474,989.907,-3.13631,0.76031,-0.356039,-126.701,0.320646,14.8621
87.7668,84.3708,-4.7655,1216.42,122.486,-128.056,-6.52753,-5.40293,3586,-0.01248,-131.044,0.000784,73.5411,990.092,-2.50331,-2.91786,0.448557,-126.636,-0.159011,13.8522
80.361,80.7088,-5.47955,1206.1,122.075,-128.056,-7.00847,-4.13453,3586,-0.00702,-131.044,0.004704,75.0486,990.487,-2.79189,-4.90179,-0.164247,-127.421,0.417014,14.8113
81.8545,77.9061,-6.41877,1196.85,121.11,-128.056,-8.14358,-4.64598,3586,-0.00273001,-131.044,0.005684,76.0233,990.33,-2.7688,-3.43095,-0.644405,-126.547,0.0817328,17.409
82.5091,78.3357,-5.59809,1186.29,120.094,-128.056,-8.2025,-4.52324,3586,-0.00351,-131.044,0.010584,76.9491,990.343,-2.62452,0.123754,0.319665,-127.358,0.798929,17.5776
83.9821,78.9085,-5.13618,1175.27,118.256,-128.056,-7.34468,-4.62553,3585,-0.00195003,-131.044,0.01078,78.1064,990.23,-2.52339,3.41937,-0.0111287,-127.523,0.457514,15.9591
86.6621,80.2588,-5.09657,1164.32,119.556,-128.056,-6.7107,-4.87102,3585,-0.00702,-131.044,0.012544,79.9187,991.316,-2.45785,4.1867,0.0127704,-128.131,0.36639,14.5083
86.6007,83.3479,-6.88572,1152.12,120.172,-128.056,-6.77408,-4.23682,3586,-0.01092,-131.044,0.014896,79.4721,991.673,-2.90357,3.31255,0.224819,-126.956,0.875483,14.315
88.7079,86.3552,-4.9276,1140.07,122.357,-128.056,-6.93537,-3.99133,3586,-0.00624001,-131.044,0.01568,77.2034,992.915,-2.34773,2.22252,-0.382421,-126.836,0.39569,14.6607
85.8438,82.7956,-3.89905,1125.49,121.442,-128.056,-6.74642,-4.74828,3586,-0.00389999,-131.044,0.01078,76.9119,993.103,-1.5908,0.36838,0.949342,-126.31,1.3865,13.8223
86.0688,82.7342,-5.10166,1116.28,120.5,-128.056,-7.5083,-4.99377,3586,-0.00858003,-131.044,0.007448,78.0599,993.139,-1.66472,0.373238,-1.48334,-126.067,0.229711,15.8483
92.9018,86.2734,-5.31327,1107.02,119.668,-128.056,-7.88196,-5.03469,3586,-0.01443,-131.044,0.008232,78.7969,993.103,-1.93567,-0.126536,-0.248406,-125.135,-0.000770268,16.7047
87.4804,81.2407,-5.46404,1094.62,120.346,-128.056,-7.64745,-4.95285,3586,-0.01209,-131.044,0.004704,78.7463,993.669,-2.18722,-0.612098,0.205264,-125.901,0.548682,16.1574
86.703,91.081,-5.19441,1083.87,120.062,-128.056,-7.79861,-4.76873,3586,-0.00546003,-131.044,0.001764,79.1746,994.016,-2.34203,-1.03172,-0.282346,-125.3,0.0471741,16.9279
87.5827,79.8087,-5.1167,1071.2,119.56,-128.056,-7.73863,-4.70736,3586,-0.01248,-131.044,0.000392,79.3256,994.342,-2.27545,-2.13376,-0.221287,-126.033,0.675042,16.9386
83.4707,81.5681,-5.26771,1059.42,121.556,-128.056,-7.96041,-4.6869,3586,-0.00663001,-131.044,0.001176,79.464,995.433,-2.14822,-2.26863,-0.25212,-125.677,0.945944,16.9197
86.2939,81.2816,-4.73914,1048.37,121.695,-128.056,-8.16882,-4.87102,3586,-0.01092,-131.044,0.004508,79.4741,995.906,-2.07351,-2.11224,-0.585117,-126.247,1.05678,17.821
87.7464,83.307,-4.49033,1038.59,122.091,-128.056,-8.11335,-4.91194,3586,-0.01248,-131.044,0.006272,79.5099,996.422,-1.96885,-1.6852,0.337602,-126.105,1.02416,17.6422
89.1375,83.3684,-4.61395,1025.65,123.766,-128.056,-7.83483,-5.87346,3586,-0.00779999,-131.044,0.003724,79.4914,997.631,-2.36777,-2.05127,-0.256841,-127.009,1.01084,16.7803
88.1965,81.9977,-6.2248,1017.21,120.582,-128.056,-7.39424,-5.62797,3586,0.00078,-131.044,-0.001372,79.5259,996.778,-3.35662,-2.22304,-0.550395,-127.167,1.06885,16.97
88.7488,76.4331,-7.89575,1010.99,121.354,-128.056,-6.21842,-5.19835,3586,0.00273,-131.044,-0.00764398,79.5151,996.938,-4.14607,-1.96496,1.61861,-129.009,0.486287,14.3703
83.9207,81.2816,-6.179,999.625,121.614,-128.056,-5.9057,-5.09606,3586,0.00351,-131.044,-0.011956,79.5565,997.444,-4.11079,-2.70351,-0.504589,-129.144,0.742277,14.0155
86.0075,78.4994,-6.05772,987.062,126.535,-128.056,-6.57403,-5.13697,3586,0.00507,-131.044,-0.00705598,79.5914,999.906,-3.92855,-1.74756,-1.7143,-129.332,1.03191,15.014
83.573,85.1278,-8.8328,975.934,129.041,-128.056,-6.45343,-5.13697,3585,0.00624,-131.044,-0.003724,79.5302,1001.65,-4.56427,-1.10918,0.545383,-129.183,0.387015,14.3498
83.4707,80.2997,-8.66459,966.68,129.923,-128.056,-6.22102,-5.15743,3586,0.01599,-131.044,-0.00607599,79.5296,1002.2,-4.19463,-1.80308,-0.00406654,-130.061,1.19432,13.8161
84.2685,80.9134,-8.76303,957.923,130.128,-128.056,-6.84526,-6.67133,3586,0.02145,-131.044,-0.00235199,79.2811,1002.63,-3.78103,-1.3771,-1.41128,-129.317,0.891374,14.896
85.0255,81.0362,-9.19869,950.123,129.606,-128.056,-6.90598,-6.50766,3586,0.02106,-131.044,0.001372,79.1018,1002.65,-4.39483,-0.627435,0.159738,-129.873,1.05807,14.8474
83.9207,81.0975,-10.4838,940.184,129.153,-128.056,-6.94734,-5.75072,3586,0.02769,-131.044,0.00588,79.0321,1003.03,-4.71845,-0.206828,-0.339351,-129.466,0.843111,15.3401
85.3119,80.9952,-9.63465,929.658,129.961,-128.056,-7.28481,-5.60751,3586,0.02535,-131.044,0.011172,78.9777,1003.49,-4.37247,0.661135,-0.726029,-129.588,1.04858,15.9908
87.2349,81.5885,-9.13297,916.959,129.196,-128.056,-7.27889,-5.9553,3586,0.02379,-131.044,0.008624,79.0155,1003.76,-3.85723,1.65215,0.441277,-129.017,0.924927,15.9207
84.0844,80.5042,-8.27425,905.357,129.453,-128.056,-7.24735,-6.01667,3586,0.03315,-131.044,0.010584,78.977,1004.19,-3.56256,1.17815,-0.361725,-129.249,1.08412,16.0121
84.2276,80.8929,-8.52125,894.983,128.569,-128.056,-7.80102,-6.15988,3586,0.04173,-131.044,0.013132,79.0337,1004.26,-3.89802,1.56214,-0.967739,-128.195,0.940259,17.3099
84.6981,80.9339,-8.89053,886.055,127.456,-128.056,-8.04539,-6.0985,3585,0.05226,-131.044,0.01372,79.0296,1003.97,-4.22789,2.72745,-0.435631,-128.092,1.00992,18.0241
84.6981,84.0639,-9.53039,872.982,127.557,-128.056,-7.59747,-6.11896,3586,0.05967,-131.044,0.015876,79.0143,1004.49,-4.48363,2.882,0.735213,-127.674,0.894815,17.3705
86.0688,80.6065,-8.52277,861.659,126.915,-128.056,-7.15626,-6.20079,3585,0.05928,-131.044,0.01176,78.9848,1004.74,-4.64575,2.67568,0.070459,-128.089,1.00881,16.2589
86.0688,82.3455,-8.81774,846.513,125.738,-128.056,-6.93175,-5.68934,3586,0.04602,-131.044,0.01372,79.0543,1004.65,-4.84103,2.32279,0.259948,-127.525,0.912831,16.2655
87.5623,79.9928,-7.41593,833.326,125.377,-128.056,-6.98905,-4.85056,3585,0.04212,-131.044,0.01372,78.9673,1004.94,-4.86012,1.56762,-0.521376,-127.616,1.02753,17.1741
93.6587,83.1433,-6.32652,820.165,125.909,-128.056,-7.58497,-5.25972,3586,0.03705,-131.044,0.017052,78.8567,1005.74,-4.20039,1.71887,-1.52528,-126.36,0.99932,18.1863
83.4707,82.8365,-6.36376,806.285,127.873,-128.056,-6.92882,-6.05759,3586,0.04095,-131.044,0.018228,78.7601,1006.97,-4.38174,0.725765,0.79189,-127.112,1.07647,16.5476
86.6416,82.8569,-6.81863,795.231,126.047,-128.056,-6.46036,-5.68934,3586,0.04602,-131.044,0.012936,78.8072,1006.65,-5.11389,0.582763,-0.357183,-127.064,0.969125,16.2901
85.7415,84.5958,-8.45754,779.445,132.489,-128.056,-5.83271,-4.89148,3586,0.04836,-131.044,0.012152,78.6265,1010.26,-5.80049,-0.33021,-0.1898,-127.905,1.04821,14.0948
84.9845,81.5476,-10.1413,769.029,134.582,-128.056,-5.22479,-7.22369,3586,0.07449,-131.044,0.01568,78.0499,1011.13,-5.75926,-0.612148,0.32111,-128.27,0.998543,12.0292
86.969,80.852,-12.2255,761.826,130.944,-128.056,-5.84416,-6.42583,3586,0.07059,-131.044,0.006664,77.8906,1010.13,-5.98583,-0.86013,-1.23421,-128.196,0.897943,14.3586
85.23,81.1998,-10.4539,751.05,134.812,-128.056,-7.19418,-5.58705,3586,0.08814,-131.044,-0.00411599,77.9442,1011.8,-5.74642,-0.866788,-2.29033,-126.712,0.975746,16.572
83.8798,82.1818,-10.8503,737.222,136.34,-128.056,-7.12333,-6.60995,3586,0.07839,-131.044,-0.00156798,77.7978,1013.22,-5.45569,-0.967738,0.625235,-127.287,1.02649,16.3562
86.8667,80.0746,-10.3114,727.282,135.571,-128.056,-7.26731,-6.93728,3586,0.09243,-131.044,0.001372,77.5156,1012.98,-5.42624,-0.441169,-0.572958,-126.956,1.00528,16.4051
87.6646,84.0026,-11.7347,718.048,132.423,-128.056,-7.61392,-7.03957,3586,0.09672,-131.044,0.004116,76.7636,1011.93,-5.82845,-0.0218177,-0.416591,-126.994,0.950469,17.9371
84.9845,82.8365,-12.0793,705.954,133.784,-128.056,-7.83417,-5.13697,3586,0.10179,-131.044,0.007448,76.4245,1013.24,-6.14209,-0.967198,-0.48627,-126.526,0.888401,17.9781
85.271,80.4838,-9.35443,691.976,132.675,-128.056,-8.20724,-7.1214,3586,0.10647,-131.044,0.005292,77.4305,1013.21,-4.9748,-0.814212,-0.820027,-126.709,1.06904,19.0535
87.0508,81.9363,-10.9444,681.03,131.615,-128.056,-8.09336,-7.32598,3585,0.11544,-131.044,-0.00803598,77.1103,1013.04,-5.20612,0.178373,0.255434,-126.556,0.924481,18.5278
85.1687,82.6523,-11.3978,666.472,129.553,-128.056,-7.67444,-5.23927,3586,0.10179,-131.044,0.007448,77.2731,1012.66,-5.97241,-0.377994,0.239765,-127.283,0.914106,17.849
84.0435,80.7497,-7.79191,649.976,127.828,-128.056,-7.94945,-5.7098,3586,0.09555,-131.044,-4.71947e-16,77.088,1012.61,-4.87707,-0.382741,-1.11911,-126.772,1.02753,18.8003
86.1097,81.1998,-7.93985,634.417,129.468,-128.056,-7.4627,-6.26217,3586,0.09516,-131.044,-0.00293999,77.2681,1014.17,-4.57169,1.06152,1.29652,-127.579,1.04456,17.7831
98.2618,83.3479,-7.57654,619.249,128.253,-128.056,-7.10997,-5.89392,3586,0.08736,-131.044,-0.00352799,77.0939,1012.98,-5.37271,2.0503,-0.911878,-127.306,0.956361,16.8263
91.4493,81.9568,-9.70748,607.681,127.235,-128.056,-5.7073,-5.23927,3586,0.07605,-131.044,-0.00960399,77.2473,1013.89,-5.72604,1.01657,0.655446,-128.562,0.949167,14.6291
75.3898,79.3791,-9.23694,589.026,129.14,-128.056,-4.59522,-4.74828,3586,0.05538,-131.044,0.005096,77.0831,1015.69,-5.47779,-1.35089,0.480953,-129.428,0.950526,11.4441
84.7186,87.5623,-7.39186,576.708,128.75,-128.056,-5.75284,-5.13697,3586,0.03939,-131.044,-0.00705598,77.2347,1015.73,-4.59164,-0.731003,-5.38291,-128.976,1.05189,13.9218
83.0206,80.2997,-8.13728,558.967,127.75,-128.056,-5.60518,-6.22125,3586,0.02184,-131.044,-0.000783997,77.0753,1015.89,-4.71733,-0.37729,-2.52524,-129.15,0.98664,13.8536
83.0206,80.361,-8.33676,549.888,127.731,-128.056,-5.46106,-3.72537,3586,0.00429,-131.044,-0.00881998,77.1483,1016.11,-4.89581,0.175991,-4.39675,-129.774,0.989051,13.6132
78.6221,85.0868,-7.3751,534.033,126.921,-128.056,-5.04263,-5.15743,3585,-0.01521,-131.044,0.002156,72.6792,1016.35,-4.06159,0.613209,-5.22109,-130.016,1.02869,12.8295
82.2636,78.7039,-8.06317,516.641,125.325,-128.056,-3.26497,-5.3211,3586,-0.02964,-131.044,-0.010584,66.4889,1016.15,-4.29819,1.78466,-3.16154,-132.188,0.977049,10.0139
80.3201,80.2997,-7.24682,499.48,127.676,-128.056,-2.791,-4.60507,3586,-0.04485,-131.044,0.01176,63.3782,1018.43,-3.71996,1.70412,-5.72236,-132.343,1.0522,7.22941
79.3381,78.9085,-7.87181,490.879,124.087,-128.056,-3.05713,-6.50766,3586,-0.03549,-131.044,-0.01568,62.1568,1015.85,-3.21605,1.29565,-6.42453,-132.568,0.999808,7.58111
81.3021,71.6459,-3.75245,489.846,118,-128.056,-3.95308,-5.25972,3586,0.00468,-131.044,0.016072,61.6347,1014.39,-2.37705,3.42024,-8.51537,-131.632,1.00765,12.3069
98.2823,80.3406,-4.17812,479.311,120.972,-128.056,-3.60288,-4.89148,3585,0.06357,-131.044,-0.00627197,61.2456,1015.66,-2.2417,6.80559,-6.56748,-131.72,1.0237,9.35453
78.1107,76.5149,-4.73785,463.668,117.865,-128.056,-1.29415,-3.07072,3586,0.2145,-131.044,0.0147,61.1026,1015.12,-1.69546,3.76126,-7.70051,-133.011,0.979859,5.88314
85.6187,81.343,-2.73347,446.323,116.906,-128.056,0.705493,-4.15499,3586,0.19383,-131.044,0.001372,61.0641,1015.75,-0.0671011,2.55611,-6.91886,-135.206,1.11047,4.90093
78.4994,74.8169,-3.08781,442.895,114.438,-128.056,0.960182,-1.76141,3586,0.3393,-131.044,-0.014504,60.9845,1014.58,-0.103413,0.30072,-9.714,-135.28,0.987684,5.1226
82.7546,73.9168,-1.55597,440.833,111.649,-128.056,-0.0313078,0.407143,3586,-0.00975001,-131.044,0.010976,60.786,1013.79,1.2726,2.52034,-10.8734,-135.079,1.06669,5.86228
82.8978,80.5247,-0.56723,437.217,111.067,-128.056,0.512761,-2.08873,3586,-0.02418,-131.044,-0.012544,60.4998,1013.93,2.25027,2.49516,-9.71575,-135.207,1.05621,4.9251
76.3922,72.5256,-1.41471,437.061,108.957,-128.056,0.926264,-1.47499,3585,-0.23244,-131.044,-0.003724,60.4293,1013.25,1.60835,2.3964,-8.98463,-136.093,1.0123,5.25363
82.591,79.0926,-3.28538,434.44,111.306,-128.056,0.907214,-0.533924,3586,-0.14586,-131.044,-0.014308,60.4187,1013.6,0.703851,2.34267,-9.57596,-135.834,0.924741,1.57042
78.9085,68.9046,-2.12769,437.741,107.792,-128.056,0.0408136,0.775387,3586,0.11856,-131.044,-0.00685997,60.4059,1011.87,1.28201,2.89519,-13.0424,-135.609,0.982704,2.58189
80.6475,76.3513,-0.278593,436.406,104.636,-128.056,-0.490034,0.570805,3586,-0.13143,-131.044,-0.00823198,60.3716,1011.61,2.01171,2.56179,-11.5289,-134.763,0.979203,3.87719
67.7589,66.4701,-0.454922,442.004,101.512,-128.056,-0.788858,1.77783,3586,0.05031,-131.044,-0.00352799,60.2348,1010.19,1.23658,-0.0651358,-10.6816,-134.999,1.01145,4.72509
66.9406,63.9333,-2.68667,444.188,99.5875,-128.056,-0.820429,4.11004,3586,0.02418,-131.044,-0.00646798,58.6605,1009.88,0.11507,-0.109774,-0.617638,-134.92,0.987458,4.07675
