82.4478,83.5525,-2.57357,1742.35,146.714,-41.0446,-0.192246,-3.60263,3065,-0.08541,-41.0446,-0.077224,76.9065,987.039,1.49519,34.1456,-0.286282,-108.054,1.12797,5.98283
83.1229,84.3708,-2.3256,1739.42,145.753,-41.0446,-0.379035,-3.54125,3065,-0.000389995,-41.0446,0.004312,77.1167,986.679,1.32283,34.0626,-1.01609,-103.555,1.16395,5.59101
83.4297,85.3732,-1.66874,1733.54,144.809,-41.0446,-0.625178,-3.64354,3065,-0.000389995,-41.0446,-0.00842799,76.8807,986.412,1.45076,33.3442,-0.347206,-98.8825,1.1405,5.25886
82.5705,83.9617,-1.52695,1726.37,143.885,-41.0446,-0.779525,-4.07316,3065,-0.000389995,-41.0446,-0.01078,76.9663,986.15,1.28326,32.1244,-1.22059,-94.5499,1.18097,4.99682
81.5681,82.9797,-1.96847,1718.02,142.604,-41.0446,-0.890676,-3.84812,3064,-0.000389995,-41.0446,-0.00587998,76.7888,985.882,0.865789,31.8298,-0.988561,-90.2236,1.08918,5.23069
82.4273,83.8184,-1.92216,1708.26,142.025,-41.0446,-0.859285,-3.45942,3064,-0.000389995,-41.0446,-0.010976,76.9891,985.932,0.60578,32.1408,-0.695759,-86.3751,1.12848,4.92618
85.0255,85.1687,-1.35757,1697.2,141.272,-41.0446,-0.991277,-3.50034,3065,-0.000389995,-41.0446,-0.00881998,76.8537,985.931,0.589815,31.8256,-0.417703,-81.9261,1.08385,4.99948
85.2914,86.6621,-0.778754,1686.25,140.872,-41.0446,-1.0767,-3.74583,3064,-0.000389995,-41.0446,-0.01274,76.9983,986.125,0.614537,29.4669,-2.0797,-78.0093,1.15296,4.99142
85.1278,86.6416,-0.817712,1673.57,140.308,-41.0446,-0.945375,-4.78919,3064,-0.000389995,-41.0446,-0.00548799,76.8995,986.331,0.380063,25.4721,-1.78761,-74.2329,1.0765,4.90648
81.9363,86.5189,-1.72361,1658.73,139.294,-41.0446,-0.723118,-4.80965,3065,-0.000389995,-41.0446,0.005488,77.0455,986.352,-0.430488,21.1571,-2.85185,-71.6985,1.0891,4.79678
82.4682,83.8184,-2.812,1644.33,139.184,-41.0446,-0.584853,-3.43896,3065,-0.000389995,-41.0446,-0.00705598,77.0158,986.833,-1.25768,18.3621,-2.2657,-69.171,0.962555,4.44517
83.5525,85.0459,-2.36488,1631.13,139.326,-41.0446,-0.586037,-4.2982,3064,-0.000389995,-41.0446,-0.00627197,77.7827,987.378,-0.889841,17.2266,-2.20978,-67.2697,1.07038,3.83153
83.5116,85.1482,-0.924339,1617.68,138.973,-41.0446,-0.683579,-4.78919,3065,-0.000389995,-41.0446,-0.00842799,78.722,987.634,-0.0393358,15.0582,-1.49719,-64.747,1.04198,4.09817
83.4297,84.9641,-1.41034,1603.78,138.857,-41.0446,-0.79639,-4.42094,3065,-0.000389995,-41.0446,-0.00960399,79.4505,988.06,-0.21352,12.9348,-3.1982,-63.1527,1.11597,3.86474
83.4911,85.0255,-1.8979,1590.85,138.54,-41.0446,-0.795762,-4.52324,3065,-0.000389995,-41.0446,-0.017836,79.777,988.368,-0.293593,11.0168,-1.02084,-61.2868,0.969214,4.339
82.2841,84.1662,-1.61314,1579.87,138.657,-41.0446,-1.05292,-4.89148,3065,-0.000389995,-41.0446,0.000784,81.0028,988.786,-0.0280957,9.34666,-1.60406,-60.0292,0.975851,4.79237
82.7751,84.3094,-1.62056,1569.02,138.44,-41.0446,-1.2645,-4.9324,3081,-0.000389995,-41.0446,-0.00921197,81.5173,989.106,0.0828356,8.76494,-1.3875,-58.3279,-0.192863,5.02148
81.9363,82.9797,-2.05533,1556.71,138.072,-41.0446,-1.06274,-5.09606,3176,-0.000389995,-41.0446,-0.00744797,81.857,989.365,-0.0487776,8.85978,-0.919369,-57.7408,0.0194018,4.94944
81.9568,83.9207,-3.09387,1546.27,137.634,-41.0446,-0.938214,-5.73026,3287,-0.000389995,-41.0446,-0.00548799,81.6021,989.527,-0.312087,8.60158,-0.445633,-56.3479,-0.727697,5.0076
82.4682,83.3684,-4.3697,1535.47,136.965,-41.0446,-1.08512,-5.93484,3398,-0.000389995,-41.0446,-0.003724,81.6788,989.55,-0.773759,8.28036,-1.93512,-55.482,-0.649438,4.95605
82.7137,84.1867,-5.39978,1527.67,135.824,-41.0446,-1.08525,-6.60995,3509,-0.000389995,-41.0446,-0.003724,77.0506,989.442,-1.18657,8.13876,-0.90642,-54.0432,0.108577,5.00254
83.0615,84.6572,-6.85637,1520.18,134.657,-41.0446,-0.985054,-6.77362,3621,-0.000389995,-41.0446,0.011564,73.8918,989.063,-1.90515,7.8086,-1.22755,-53.4754,-0.346469,4.96062
81.7113,83.8184,-8.25203,1513.93,133.386,-41.0446,-0.913383,-6.38491,3700,-0.000389995,-41.0446,-0.012152,74.0276,988.76,-2.59057,7.16855,-0.656875,-52.1854,-0.0401224,4.9981
83.0615,84.1458,-8.37944,1508.52,132.263,-41.0446,-1.116,-6.65087,3700,-0.000389995,-41.0446,0.000392,74.1335,988.493,-2.73883,6.93485,-1.66685,-51.4781,-0.279799,4.96516
82.6319,84.4526,-8.0796,1501.66,130.692,-41.0446,-1.19839,-7.16232,3700,-0.000389995,-41.0446,0.000196,74.2624,988.008,-2.69245,6.88192,-0.669353,-50.1077,1.0354,4.99325
82.0386,83.3479,-8.36135,1495.2,129.656,-41.0446,-1.18032,-6.91682,3701,-0.000389995,-41.0446,-0.00352799,74.3148,987.827,-3.10073,6.89009,-1.07554,-49.6522,0.573235,4.9706
82.3659,84.4526,-8.70377,1485.8,128.568,-41.0446,-1.15703,-6.32354,3701,-0.000389995,-41.0446,-0.002548,74.3121,987.649,-3.56822,7.09752,-0.443041,-48.384,0.211647,4.98677
82.3864,83.798,-8.252,1475.92,127.494,-41.0446,-1.2076,-5.64843,3700,-0.000389995,-41.0446,0.002744,74.4254,987.532,-3.44754,7.27709,-1.03756,-47.8139,0.047796,4.97881
82.4273,83.9207,-6.43716,1464.33,126.889,-41.0446,-1.26191,-5.81209,3701,-0.000389995,-41.0446,0.001568,74.339,987.67,-2.81465,7.58082,-0.340429,-46.368,0.832398,4.97592
82.1409,83.8798,-5.54113,1453.33,126.079,-41.0446,-1.27521,-6.03713,3700,-0.000389995,-41.0446,0.000588,74.4697,987.746,-2.49426,7.77588,-0.902269,-45.6994,0.0891874,4.98569
82.2227,83.2865,-5.71662,1442.04,125.152,-41.0446,-1.14556,-5.60751,3701,-0.000389995,-41.0446,-0.012152,74.3947,987.738,-2.7013,8.03219,-0.203908,-44.3444,0.714725,4.12585
82.5705,84.0639,-5.62518,1430.4,124.395,-41.0446,-1.04339,-5.44385,3701,-0.08658,-41.0446,-0.078596,74.5872,987.857,-2.80603,8.05617,-0.558489,-43.7378,1.1111,4.02893
82.4273,84.0026,-5.06725,1419.44,123.46,-41.0446,-1.24075,-5.36202,3700,-0.08619,-41.0446,-0.078008,74.358,987.871,-2.64693,7.41343,-0.624679,-42.0579,0.91417,4.76196
85.23,84.3913,-4.76212,1408.09,122.918,-41.0446,-1.50751,-4.6869,3700,-0.0858,-41.0446,-0.077616,74.6515,988.071,-2.52879,7.23875,-1.47733,-41.1776,1.0971,5.06116
84.3299,86.4575,-3.88891,1396.39,122.663,-41.0446,-1.45146,-4.01179,3700,-0.08424,-41.0446,-0.023324,74.2227,988.393,-2.116,5.97469,-1.52478,-39.8285,0.794773,4.37285
84.2071,85.721,-3.03528,1386.15,122.512,-41.0446,-1.33398,-4.4414,3700,-0.08619,-41.0446,-0.031752,75.9873,988.611,-1.30886,3.60953,-2.19169,-39.6,0.107967,3.8861
83.4297,85.3119,-2.35229,1377.76,121.55,-41.0446,-1.42617,-4.6869,3700,-0.08502,-41.0446,-0.030772,78.787,988.596,-0.632465,1.44999,-2.10624,-38.7279,1.04114,4.03273
82.5091,84.3504,-2.41078,1369.43,121.139,-41.0446,-1.55499,-5.17789,3700,-0.08463,-41.0446,-0.0294,80.8916,988.746,-0.453812,-0.239293,-1.67653,-38.923,0.429093,4.04876
81.4044,82.7137,-2.75997,1361.36,120.597,-41.0446,-2.02468,-5.30064,3700,-0.07995,-41.0446,-0.026068,81.5723,988.762,-0.667605,-0.822638,-1.34595,-38.1473,1.18047,5.11006
82.2023,83.2047,-3.52017,1353.43,120.578,-41.0446,-2.19097,-5.21881,3701,-0.07917,-41.0446,-0.025088,82.6793,989.053,-1.09766,-0.241761,-1.47117,-38.5,0.446729,5.39845
81.9159,83.6548,-3.66909,1345.36,120.776,-41.0446,-2.08226,-5.36202,3700,-0.07566,-41.0446,-0.024108,82.4202,989.355,-1.2461,0.175131,0.120628,-38.1807,0.844147,4.98571
81.9977,83.3684,-3.47419,1335.77,121.073,-41.0446,-2.0805,-5.38247,3700,-0.07449,-41.0446,-0.02352,80.6857,989.861,-1.29642,0.248109,-1.20345,-38.5325,1.04412,4.958
82.3659,83.6752,-3.60067,1327.74,120.945,-41.0446,-2.07983,-4.87102,3700,-0.07293,-41.0446,-0.021168,81.0909,990.144,-1.41006,0.450254,-0.019279,-38.0666,0.960156,5.011
82.0181,83.9207,-3.2063,1318.78,120.745,-41.0446,-2.16312,-3.92995,3700,-0.07293,-41.0446,-0.020384,80.8863,990.361,-1.14374,0.377493,-1.37059,-38.2935,1.02407,4.93917
82.1204,83.3274,-2.17894,1312.73,120.779,-41.0446,-2.21654,-4.64598,3700,-0.07293,-41.0446,-0.019404,81.1684,990.609,-0.239728,0.629266,-0.390609,-37.7568,1.03421,5.06119
83.0615,83.7775,-1.60186,1305.66,120.598,-41.0446,-2.24545,-4.89148,3700,-0.07098,-41.0446,-0.018032,81.6314,990.765,0.391452,0.95153,-1.07775,-38.0058,1.06457,5.20574
83.307,84.9641,-1.87089,1299.59,120.821,-41.0446,-2.23435,-5.19835,3700,-0.0663,-41.0446,-0.017248,82.411,991.15,0.529168,0.603967,-0.196865,-37.4539,1.02976,4.91601
82.3864,84.3504,-2.53466,1294.47,120.631,-41.0446,-2.32527,-5.36202,3700,-0.06279,-41.0446,-0.018228,82.2149,991.203,0.340503,-0.219839,-1.35883,-37.7146,1.02082,5.13564
82.0181,83.7571,-2.96443,1289.65,120.252,-41.0446,-2.49214,-5.58705,3700,-0.05967,-41.0446,-0.016856,82.3998,991.24,0.1478,-0.563374,-0.636363,-37.2067,0.987815,5.9872
81.0362,82.1613,-3.23914,1285.01,120.171,-41.0446,-2.59314,-5.52568,3700,-0.05499,-41.0446,-0.016856,82.2199,991.331,-0.134746,-0.535054,-1.36337,-37.5714,0.990353,5.95766
81.9363,83.2865,-3.54124,1279.45,120.138,-41.0446,-2.61656,-5.44385,3701,-0.0546,-41.0446,-0.01568,82.3859,991.553,-0.463397,0.0843144,-0.316355,-37.1874,0.9661,5.99481
82.2023,83.7162,-3.38734,1274.16,120.167,-41.0446,-2.44792,-5.40293,3700,-0.04875,-41.0446,-0.01372,82.2364,991.681,-0.656897,0.401225,-0.724745,-37.6755,0.984982,5.95887
82.1409,83.6548,-3.48355,1267.19,120.104,-41.0446,-2.37491,-5.28018,3700,-0.04797,-41.0446,-0.010584,82.387,991.918,-0.765027,0.464386,-0.113173,-37.2686,0.973551,5.99414
82.1204,83.6957,-3.42455,1260.05,120.278,-41.0446,-2.32328,-5.05515,3700,-0.04524,-41.0446,-0.00921197,82.273,992.222,-0.775338,0.476567,-1.17887,-37.5961,0.993164,5.95858
82.1613,83.6548,-3.06447,1253.33,120.425,-41.0446,-2.33705,-5.11652,3700,-0.0429,-41.0446,-0.00979997,82.3905,992.609,-0.559294,0.605914,-0.156294,-37.1161,1.00058,5.99567
82.1613,83.6548,-2.84858,1245.89,120.741,-41.0446,-2.40145,-5.0756,3700,-0.04134,-41.0446,-0.00940798,82.2866,992.953,-0.410093,0.656089,-1.23113,-37.3365,1.0216,5.95553
82.3659,83.6957,-2.86926,1240.04,120.709,-41.0446,-2.41958,-5.21881,3700,-0.03744,-41.0446,-0.00764398,82.4149,993.102,-0.322388,0.903507,-0.382669,-36.8004,1.00507,5.99216
81.9568,83.573,-2.89416,1233.1,120.705,-41.0446,-2.23078,-5.30064,3701,-0.03588,-41.0446,-0.00568398,82.4154,993.358,-0.284438,0.889432,-0.771424,-37.2096,1.01289,5.12411
81.8954,83.4707,-3.05769,1226.29,120.976,-41.0446,-2.2511,-5.56659,3700,-0.02886,-41.0446,-0.00666399,82.6055,993.781,-0.384191,0.773293,-0.289195,-36.6626,1.00172,4.94645
81.8749,83.3684,-3.68083,1218.97,121.046,-41.0446,-2.3117,-5.42339,3700,-0.02847,-41.0446,-0.00293999,82.5322,993.919,-0.693804,0.816467,-1.33964,-36.8664,0.98534,5.00542
81.8545,83.1433,-3.68102,1213.02,120.598,-41.0446,-2.4779,-5.64843,3700,-0.02613,-41.0446,-0.000587987,82.6451,994.03,-0.744696,1.0146,-0.417319,-36.1706,0.978813,5.79368
82.3659,84.3913,-3.5301,1204.96,120.505,-41.0446,-2.64606,-5.66888,3700,-0.02262,-41.0446,-0.000587987,82.5494,994.307,-0.886313,1.17034,-1.56035,-36.2057,0.991178,6.05502
82.3864,83.6548,-3.7091,1196.97,120.83,-41.0446,-2.58905,-5.62797,3700,-0.01911,-41.0446,-0.00176399,82.6839,994.696,-1.17679,1.27647,-0.0771697,-35.673,0.975513,5.90272
82.7546,84.0639,-3.81799,1188.13,121.017,-41.0446,-2.42802,-5.56659,3700,-0.01833,-41.0446,-0.000783997,82.538,995.033,-1.45033,1.54395,-1.07572,-35.9752,0.982446,6.07572
82.1409,83.5934,-3.97507,1180.19,121.237,-41.0446,-2.25396,-5.17789,3700,-0.01833,-41.0446,-0.001372,82.7417,995.51,-1.47912,1.499,0.263524,-35.5075,0.977031,5.73646
82.2636,83.7366,-3.54291,1170.42,121.64,-41.0446,-2.26591,-5.50522,3700,-0.01755,-41.0446,-0.00176399,82.1746,995.992,-1.23036,1.55795,-1.40377,-35.6251,1.01569,5.53721
82.7137,83.9207,-3.73085,1160.51,121.648,-41.0446,-2.1602,-5.58705,3700,-0.01638,-41.0446,-0.001372,80.7384,996.285,-1.28991,1.62024,0.118103,-35.1071,0.990627,5.25898
83.1433,84.3708,-3.97231,1151.85,121.176,-41.0446,-2.0656,-5.01423,3700,-0.01482,-41.0446,0.000196,80.6128,996.478,-1.47205,1.25991,-1.14195,-35.3236,0.986553,5.03554
83.3274,84.8618,-3.63054,1142.97,120.973,-41.0446,-2.23243,-4.89148,3701,-0.01404,-41.0446,0.003136,80.6219,996.718,-1.22127,0.781611,-0.575051,-34.5995,0.990723,6.04781
82.4887,84.8618,-2.81307,1133.36,120.872,-41.0446,-2.2621,-4.87102,3700,-0.01521,-41.0446,0.003724,80.6325,996.97,-0.78196,0.00313514,-1.65313,-34.8466,1.03057,5.91368
82.059,83.5525,-2.55898,1124.67,121.025,-41.0446,-2.24679,-4.62553,3700,-0.01482,-41.0446,0.00392,80.6847,997.315,-0.453676,-0.816976,-0.201409,-34.5168,1.02386,6.03044
80.2997,82.4068,-2.20997,1117.68,120.468,-41.0446,-2.20816,-5.01423,3700,-0.01521,-41.0446,-0.00391998,80.6522,997.311,-0.0291987,-1.32052,-1.47768,-35.0506,1.04557,5.92676
79.0926,81.343,-1.64925,1110.28,120.161,-41.0446,-2.2742,-5.13697,3700,-0.01287,-41.0446,-0.00196,80.7215,997.567,0.157227,-1.53562,-0.169711,-34.8342,1.04051,6.02787
81.2203,81.8545,-2.23623,1103.41,120.026,-41.0446,-2.50428,-5.21881,3700,-0.00702,-41.0446,-0.00666399,80.689,997.673,-0.107149,-0.654699,-1.67098,-35.197,1.02137,5.91045
82.6114,83.3684,-3.09645,1097.79,119.464,-41.0446,-2.53445,-5.05515,3700,0.00156,-41.0446,-0.003136,80.7148,997.629,-0.438826,0.522301,0.0706179,-34.792,0.968708,6.4664
82.5705,84.1458,-3.17108,1092.58,119.551,-41.0446,-2.41171,-4.95285,3700,0.00351,-41.0446,-0.000783997,80.6567,997.916,-0.495436,0.78611,-1.1351,-35.1401,0.989268,6.03935
82.2227,83.8389,-2.94716,1086.32,119.582,-41.0446,-2.46269,-4.95285,3700,0.00585,-41.0446,-0.00352799,80.7243,998.168,-0.374918,0.390816,-0.0114402,-34.5872,0.988778,5.95133
81.0362,82.6933,-2.6889,1079.46,119.432,-41.0446,-2.62807,-4.97331,3700,0.00624,-41.0446,-0.00293999,80.7022,998.282,-0.271252,0.161597,-1.99869,-34.7599,1.01016,6.24559
82.7751,84.0026,-2.63126,1072.06,119.578,-41.0446,-2.57624,-4.95285,3700,0.01131,-41.0446,-0.00450798,81.3467,998.615,-0.240113,0.506321,0.209731,-34.3972,0.991397,5.95281
82.5091,84.4117,-2.34018,1066.32,119.432,-41.0446,-2.40969,-5.03469,3700,0.01599,-41.0446,-0.011564,82.0391,998.734,-0.153149,0.168371,-1.14943,-34.8135,1.01438,6.0132
82.591,84.0639,-2.16778,1060.1,119.368,-41.0446,-2.54963,-5.52568,3700,0.01833,-41.0446,0.00294,82.0777,999,-0.110341,-0.653483,-0.0864609,-34.3175,1.00376,5.90244
82.4682,84.0844,-2.70761,1052.9,119.447,-41.0446,-2.72155,-5.89392,3700,0.02886,-41.0446,-0.0049,81.9676,999.284,-0.512034,-1.35439,-2.12937,-34.629,0.996142,6.58925
82.5091,84.023,-3.72268,1044.22,119.589,-41.0446,-2.81025,-5.83255,3700,0.03432,-41.0446,-0.022736,81.9168,999.642,-1.35971,-1.75833,-0.0533903,-34.3554,0.941482,7.06611
81.4249,83.5116,-4.44551,1035.66,119.651,-41.0446,-2.8547,-5.73026,3700,0.03783,-41.0446,-0.0196,81.8333,999.944,-2.06457,-2.02302,-1.93379,-34.8952,0.941738,6.91807
81.0771,82.2227,-4.40896,1025.24,120.071,-41.0446,-2.98526,-5.28018,3700,0.03666,-41.0446,-0.00509598,81.8907,1000.57,-2.40811,-1.70185,-0.0788372,-34.6541,0.940341,7.01156
82.059,83.6752,-4.09704,1012.74,120.799,-41.0446,-2.77095,-5.28018,3700,0.03705,-41.0446,-0.00196,81.8374,1001.17,-2.3875,-0.960875,-1.61534,-35.3571,0.983107,6.94302
81.9977,83.5934,-3.59742,999.535,120.944,-41.0446,-2.65834,-5.21881,3700,0.03978,-41.0446,-0.00333198,81.9298,1001.84,-2.25037,-0.86909,0.885006,-35.1696,0.989145,6.99548
81.4249,82.7751,-3.42896,986.818,121.623,-41.0446,-2.72894,-5.30064,3700,0.03978,-41.0446,-0.003136,81.0854,1002.38,-2.14048,-0.788322,-2.57792,-35.5432,1.02139,6.94715
81.5271,83.041,-3.60455,974.809,121.951,-41.0446,-2.48927,-5.56659,3700,0.03588,-41.0446,-0.0049,80.6211,1003.08,-2.18562,-0.372652,1.0357,-35.5018,0.99919,6.16061
80.7497,82.3864,-3.87247,961.982,122.489,-41.0446,-2.28152,-5.54613,3700,0.03432,-41.0446,-0.00607599,80.6444,1003.66,-2.40411,-0.088856,-1.79027,-36.0456,1.01637,5.90004
81.6294,81.4453,-4.09974,950.468,122.452,-41.0446,-2.42821,-5.54613,3700,0.03393,-41.0446,-0.00509598,80.6033,1004.14,-2.60643,0.790763,0.627615,-35.4928,0.991617,6.04358
83.2456,84.4936,-4.46958,937.535,122.822,-41.0446,-2.52129,-5.54613,3700,0.03627,-41.0446,-0.000391977,80.6051,1004.71,-2.75888,1.55472,-2.55493,-35.5444,0.997206,5.8865
81.6703,84.3913,-4.61318,925.071,123.067,-41.0446,-2.69177,-5.56659,3700,0.03549,-41.0446,0.001176,80.6285,1005.33,-2.82441,0.802437,1.0943,-34.7913,0.982266,6.58748
81.7113,83.0001,-4.53583,911.791,123.561,-41.0446,-2.9455,-5.54613,3700,0.03354,-41.0446,0.003136,80.5822,1005.91,-2.8034,0.598979,-3.65057,-34.7845,1.01423,7.1063
82.7342,83.3684,-4.55075,899.313,123.973,-41.0446,-2.7687,-5.58705,3700,0.03276,-41.0446,0.00196,80.6669,1006.49,-2.79953,1.22206,1.88779,-34.4445,0.994272,6.34481
82.2432,83.6139,-4.62087,887.301,124.086,-41.0446,-2.30835,-6.03713,3700,0.03549,-41.0446,0.003724,80.2321,1007.01,-2.79626,1.38413,-2.71923,-34.9899,1.01729,5.84699
82.2023,83.7571,-5.10693,874.993,124.095,-41.0446,-2.25686,-6.15988,3700,0.03588,-41.0446,0.001176,79.6217,1007.41,-3.00822,1.02415,2.69815,-34.4659,0.978957,5.76778
82.6728,83.9003,-5.82505,862.423,124.453,-41.0446,-2.33552,-5.75072,3700,0.03588,-41.0446,-0.002548,79.3512,1007.97,-3.42682,0.589056,-5.26248,-34.6071,0.979389,5.78235
83.307,84.6777,-5.71022,849.565,124.48,-41.0446,-2.53431,-5.73026,3701,0.03198,-41.0446,-0.00627197,79.0001,1008.52,-3.53534,-0.0429572,5.4006,-33.9882,0.964812,5.89857
81.9363,84.5549,-5.43541,835.423,124.4,-41.0446,-2.72958,-5.83255,3700,0.03042,-41.0446,-0.00568398,78.9897,1008.9,-3.50935,-1.15662,-16.4945,-34.1822,0.999668,6.33887
81.1384,82.5705,-5.3671,822.241,124.522,-41.0446,-2.98481,-5.89392,3700,0.02418,-41.0446,-0.004312,78.9271,1009.53,-3.55013,-1.83575,-11.2031,-33.7956,0.984326,7.07126
81.118,82.4068,-5.54453,806.509,125.134,-41.0446,-3.03968,-5.91438,3700,0.02457,-41.0446,2.76363e-15,78.9651,1010.19,-3.70292,-1.35094,-0.71835,-34.3144,1.00349,6.90844
81.7931,83.7366,-5.80504,791.872,125.173,-41.0446,-2.87072,-5.853,3700,0.02301,-41.0446,-0.00215598,78.9328,1010.82,-3.81375,-0.943772,3.36607,-34.2603,0.977761,7.02831
80.7293,81.9772,-5.71256,777.815,125.199,-41.0446,-2.87371,-5.7098,3700,0.0156,-41.0446,0.001176,78.9153,1011.29,-3.79224,-0.697406,-14.861,-34.695,1.0079,6.91219
80.7907,81.9772,-5.37934,762.482,125.048,-41.0446,-2.78298,-5.7098,3700,0.01248,-41.0446,-0.00176399,78.8212,1011.8,-3.69942,0.0728702,-10.7106,-34.4702,0.992813,7.06398
82.1613,82.3864,-5.41142,748.649,125.119,-41.0446,-2.61844,-5.66888,3700,0.0117,-41.0446,-0.000783997,78.8561,1012.38,-3.69415,0.947482,-8.25556,-34.8652,1.01165,6.5979
83.6343,85.1687,-5.36928,734.089,125.315,-41.0446,-2.39393,-5.60751,3700,0.01053,-41.0446,0.000588,78.8428,1012.98,-3.64345,1.008,-16.9584,-34.5553,0.986777,5.88887
82.1204,84.5958,-5.21836,718.762,125.634,-41.0446,-2.28995,-5.4643,3700,0.00156,-41.0446,-0.00509598,78.9634,1013.64,-3.49803,-0.229263,6.06415,-34.8495,1.03168,6.02502
81.7113,82.9797,-5.20409,705.097,125.681,-41.0446,-2.6057,-5.34156,3700,-0.000779989,-41.0446,-0.01274,78.9511,1014.22,-3.21997,-0.865375,-6.33679,-34.2836,1.01016,6.08472
81.4249,83.1024,-4.98763,692.477,125.93,-41.0446,-2.73097,-5.23927,3700,-0.00312001,-41.0446,-0.00823198,78.9916,1014.72,-2.86,-0.724889,2.99717,-34.614,1.04708,6.31317
82.7342,83.307,-4.71058,681.843,125.502,-41.0446,-2.69051,-5.79163,3700,-0.00389999,-41.0446,-0.001372,78.9506,1014.99,-2.45239,-0.434184,-3.86507,-34.3738,1.02673,6.29737
82.6523,84.2685,-5.04035,670.437,125.384,-41.0446,-2.54314,-5.97575,3700,-0.00155997,-41.0446,-0.00196,79.0041,1015.3,-2.44832,-0.453281,2.16421,-34.8608,1.03257,5.93354
82.1204,83.6548,-5.54638,659.935,125.236,-41.0446,-2.47375,-5.97575,3700,-0.00155997,-41.0446,-0.00196,78.953,1015.64,-2.73702,-0.865978,-3.12286,-34.6534,0.976509,5.97568
81.118,82.2227,-5.73819,649.557,125.105,-41.0446,-2.49045,-5.93484,3700,-7.38179e-16,-41.0446,-0.00391998,78.9935,1015.89,-2.93854,-0.820897,-19.2193,-35.0961,0.998503,6.00717
81.5271,83.1024,-5.99638,638.478,125.343,-41.0446,-2.38904,-5.83255,3700,-0.000779989,-41.0446,-0.010192,78.8924,1016.46,-3.10717,-0.503616,-2.35593,-34.9428,0.965882,5.88966
81.9977,82.591,-5.75193,626.509,125.249,-41.0446,-2.3235,-5.54613,3700,0.00468,-41.0446,-0.00391998,78.9469,1016.81,-3.15637,-0.190803,0.936485,-35.3702,1.00459,5.77835
82.8978,83.2047,-5.05337,616.605,124.295,-41.0446,-2.30874,-5.64843,3701,-7.12725e-16,-41.0446,-0.00176399,78.6291,1016.88,-2.85198,0.103158,-2.17464,-35.0485,0.990909,5.97798
81.8954,84.1253,-4.93619,604.297,124.282,-41.0446,-2.29676,-5.81209,3700,0.00156,-41.0446,-0.011172,80.283,1017.2,-2.67239,-0.132611,0.460535,-35.3496,1.0219,6.02192
83.082,83.6548,-5.03848,592.455,124.196,-41.0446,-2.39755,-5.81209,3700,-6.32725e-16,-41.0446,-0.013328,81.1124,1017.57,-2.79053,-0.359172,-2.29641,-34.9416,0.98501,5.86819
81.0975,82.4682,-5.48239,582.296,123.458,-41.0446,-2.35999,-5.89392,3700,-0.000389995,-41.0446,0.002352,80.8012,1017.67,-3.04413,-0.63701,0.682935,-35.342,0.988983,6.39811
79.154,81.6703,-5.31475,568.721,123.853,-41.0446,-2.346,-5.62797,3700,0.00039,-41.0446,0.003528,80.8104,1018.32,-3.1699,-1.14706,-1.93843,-35.152,0.969811,6.11386
82.8365,80.9134,-5.47008,556.336,123.909,-41.0446,-2.62463,-5.21881,3700,-0.00312001,-41.0446,-0.014504,80.7233,1018.85,-3.17813,-0.557294,-0.227029,-35.3563,1.00678,6.5682
82.0795,84.0844,-5.0299,544.333,123.755,-41.0446,-2.48472,-5.03469,3700,-0.00428999,-41.0446,-0.00842799,80.647,1019.16,-2.88563,0.252528,-1.04623,-35.1425,0.975496,6.51252
82.1818,83.6957,-4.21559,531.682,124.225,-41.0446,-2.27069,-5.52568,3700,-0.00858003,-41.0446,0.00784,80.2879,1019.81,-2.35162,-0.0514879,0.251755,-35.6353,1.05636,5.78661
82.0386,82.4887,-4.29108,519.991,123.943,-41.0446,-2.41242,-5.7098,3700,-0.00506997,-41.0446,-0.00666399,80.7908,1020.13,-2.25448,-0.00558165,-2.03932,-35.1469,1.00491,6.10125
81.2816,83.2865,-5.05813,509.337,123.703,-41.0446,-2.31932,-5.66888,3700,-0.01326,-41.0446,-0.00725199,80.8236,1020.34,-2.60962,-0.157357,0.206014,-35.5216,1.00828,5.88496
81.118,82.4887,-5.19987,498.042,123.039,-41.0446,-2.16675,-5.23927,3700,-0.01053,-41.0446,0.00686,80.791,1020.52,-2.77757,-0.0175352,-1.2974,-35.3638,0.954048,6.04386
81.5067,82.9183,-4.6828,486.506,122.734,-41.0446,-2.20543,-5.09606,3700,-0.01092,-41.0446,-0.010584,80.7598,1020.8,-2.53832,0.459222,-0.0265863,-35.6168,1.01307,5.93484
82.4478,84.0844,-3.99636,475.297,122.587,-41.0446,-2.31375,-5.19835,3700,-0.01092,-41.0446,0.011564,80.7743,1021.14,-2.07797,0.58902,-1.67264,-35.0841,0.998247,5.97264
81.5681,84.1458,-3.75353,464.826,122.514,-41.0446,-2.52089,-5.03469,3700,-0.01248,-41.0446,-0.00862397,80.7506,1021.51,-1.87466,0.288635,-0.551726,-35.1053,1.04307,6.52375
82.325,83.3684,-3.67226,454.119,121.952,-41.0446,-2.70864,-5.42339,3700,-0.01365,-41.0446,-0.000587987,80.7705,1021.67,-1.73388,0.34462,-1.48342,-34.5561,0.990492,7.13131
82.3864,85.0255,-3.8404,443.058,121.606,-41.0446,-2.66534,-5.11652,3700,-0.01482,-41.0446,1.01236e-14,80.7403,1021.92,-1.88252,0.116764,0.0444556,-34.8505,1.02126,6.84159
82.5705,84.0844,-3.83941,432.205,121.131,-41.0446,-2.85307,-4.72782,3700,-0.00858003,-41.0446,-0.00117599,80.7616,1022.14,-1.88486,-0.50765,-2.08049,-34.32,0.97086,7.19114
80.4633,83.5934,-3.41049,422.443,120.97,-41.0446,-3.04503,-4.66644,3700,-0.01365,-41.0446,-0.00450798,80.7303,1022.43,-1.53488,-0.634522,-0.497245,-34.5157,1.03894,7.91744
83.6548,82.7546,-3.11588,413.477,120.879,-41.0446,-2.82264,-5.4643,3700,-0.00975001,-41.0446,0.009996,80.7708,1022.7,-1.28509,0.109006,-0.538873,-34.4614,0.988969,7.16687
81.1589,83.307,-3.28902,403.52,120.432,-41.0446,-2.47828,-5.34156,3701,-0.00585002,-41.0446,-0.010388,80.7177,1022.89,-1.52093,-0.00350872,0.173148,-35.0299,1.02265,6.89724
81.1998,82.325,-3.62824,392.9,120.142,-41.0446,-2.5155,-5.01423,3700,-0.00506997,-41.0446,-0.0049,80.8187,1023.18,-1.81677,-0.0591453,-1.52736,-34.6797,0.95268,7.01699
82.6319,84.2071,-3.51135,383.326,120.112,-41.0446,-2.57972,-4.27774,3700,-0.00585002,-41.0446,0.00294,80.394,1023.51,-1.72448,0.146905,-0.313496,-34.8836,1.01453,6.96183
82.0795,83.9003,-2.70725,373.264,119.96,-41.0446,-2.57129,-4.48232,3700,-0.00585002,-41.0446,0.011564,79.4989,1023.83,-1.11607,-0.0622044,-1.34435,-34.5552,0.99199,6.85572
82.2227,83.7775,-2.16074,362.149,119.805,-41.0446,-2.48771,-5.17789,3700,0.00351,-41.0446,0.005684,79.3848,1024.08,-0.796739,-0.0207525,-0.240366,-34.9342,1.06042,5.97016
83.1024,84.7595,-2.64022,352.234,119.817,-41.0446,-2.28313,-4.58461,3700,0.00663,-41.0446,0.009212,79.3118,1024.41,-1.12783,-0.00986191,-1.12501,-34.7602,0.963605,5.72917
81.834,84.5549,-3.2102,343.752,119.315,-41.0446,-2.03057,-4.78919,3700,0.01209,-41.0446,0.011956,79.3623,1024.66,-1.34702,-0.355863,-0.226725,-35.2627,1.01441,5.09208
81.4249,82.7546,-2.99695,333.014,119.649,-41.0446,-1.93815,-4.70736,3700,0.02028,-41.0446,0.004116,79.3562,1025.19,-1.2773,-0.521935,-1.33958,-35.0825,0.960298,4.95076
81.3839,82.6933,-2.92783,323.307,119.385,-41.0446,-1.83741,-4.87102,3700,0.02769,-41.0446,-0.00803598,79.3806,1025.37,-1.28632,-0.203976,-0.114019,-35.5494,1.0372,4.49561
81.4658,82.8978,-2.64415,313.681,118.389,-41.0446,-1.62648,-4.97331,3700,0.03159,-41.0446,0.010192,79.3312,1025.43,-1.26243,0.0784717,-0.909027,-35.418,0.949734,4.74818
82.6523,83.6957,-2.70213,303.572,118.333,-41.0446,-1.58653,-5.11652,3700,0.03588,-41.0446,-0.015484,79.2814,1025.63,-1.30008,0.234074,-0.357262,-35.7394,1.03271,3.77773
83.1843,84.7391,-1.89439,292.878,117.938,-41.0446,-1.48653,-5.60751,3701,0.04056,-41.0446,-0.00548799,79.2113,1025.96,-1.13615,-0.0113399,-1.14841,-35.4774,0.945157,4.13925
79.8701,84.2071,-1.8239,281.039,118.547,-41.0446,-1.44524,-5.83255,3700,0.04407,-41.0446,-0.00960399,79.2298,1026.68,-0.973128,-0.544496,-0.620924,-35.8486,1.07605,3.01282
86.4371,87.0508,-1.53483,273.108,116.59,-41.0446,-1.22009,-6.05759,3700,0.04836,-41.0446,-0.011956,79.22,1026.08,-1.02263,0.0712938,-0.266238,-35.7711,0.92486,3.04908
78.2539,79.42,-1.4023,259.86,118.846,-41.0446,-1.02268,-5.30064,3700,0.05655,-41.0446,-0.00901599,79.2445,1027.53,-1.09044,-1.61155,-1.40116,-36.2351,1.08736,2.10885
82.8978,78.5403,-2.54073,249.228,118.524,-41.0446,-0.938726,-5.42339,3700,0.05499,-41.0446,-0.010584,79.1816,1027.82,-1.09752,-1.36518,-0.524838,-36.3397,0.932743,1.71152
84.78,84.9641,-1.3353,241.756,116.213,-41.0446,-0.531275,-4.62553,3700,0.05694,-41.0446,-0.00587998,79.2608,1027.1,-0.503412,-0.775723,-0.265968,-37.1205,1.07039,0.782262
78.929,82.3659,0.294846,233.21,114.887,-41.0446,-0.665378,-5.36202,3700,0.0585,-41.0446,-0.017444,79.1894,1026.96,0.36436,-1.54472,-1.27191,-36.8358,0.931709,2.12551
81.7931,79.1131,0.653751,222.967,114.349,-41.0446,-0.765792,-3.9095,3700,0.09204,-41.0446,-0.00568398,79.2812,1027.06,0.758818,-0.851988,1.00944,-37.2233,1.16194,1.81885
79.8291,83.307,1.90005,211.793,113.106,-41.0446,-0.803925,-4.13453,3700,0.13572,-41.0446,-0.0049,79.133,1027.02,1.54497,-0.752054,-0.459563,-36.8948,-0.512847,2.32195
82.591,84.5345,1.91087,202.487,112.314,-41.0446,-0.625081,-1.35225,3700,0.18408,-41.0446,-0.00274398,79.4027,1027.02,1.75503,-1.02058,3.28301,-37.4221,-0.225392,2.19559
82.9183,84.3913,2.76541,195.056,111.592,-41.0446,-0.793491,-1.45454,3700,0.05421,-41.0446,-0.015092,77.0744,1027.2,2.94864,-0.960715,2.22783,-36.978,-0.457386,1.94801
82.8365,84.514,3.50607,187.769,110.301,-41.0446,-1.03427,-0.51347,3700,-0.26052,-41.0446,-0.000587987,71.0335,1026.89,3.47912,-0.74775,4.11924,-37.06,-0.183379,2.53517
83.1638,84.6163,3.41264,184.125,108.115,-41.0446,-1.19261,0.673096,3700,0.32253,-41.0446,-0.00783999,66.6363,1026.33,3.61857,-0.0323777,3.72599,-36.5456,-0.266201,3.20546
84.7186,88.0123,3.66932,182.43,106.93,-41.0446,-1.15871,2.43248,3700,0.27261,-41.0446,-0.01078,63.7671,1025.81,4.11103,-0.524173,4.4599,-36.713,-0.233426,3.16695
