83.3888,84.0844,-0.377015,2484.75,187.969,-51.0641,-4.59054,12.6206,1874,-0.07449,-40.0778,0.362992,67.7141,997.806,1.33417,27.2236,-0.682809,-60.7042,1.08639,15.9763
83.6139,84.0639,-0.0998168,2473.92,187.033,-51.0641,-4.59488,12.6615,1984,-0.07956,-40.0778,0.364168,67.7322,997.544,1.74734,25.0781,-0.220913,-56.2837,1.23235,15.9316
83.7775,84.9027,0.866561,2465.77,185.43,-51.0641,-4.50675,12.6819,2095,-0.06708,-40.0778,0.36358,67.7498,996.624,2.2914,22.909,-0.947253,-54.9376,1.18526,15.7685
84.3708,84.4936,-0.569335,2456.17,184.773,-51.0641,-4.08816,12.6819,2205,-0.06942,-40.0778,0.365932,67.7164,996.653,2.27762,20.6195,-0.29245,-51.2727,1.21112,15.4618
83.7366,84.1253,-1.47804,2449.66,182.666,-51.0641,-3.73835,12.7229,2318,-0.05772,-40.0778,0.363972,67.7255,995.463,2.53108,18.0723,-0.782982,-50.7227,1.07916,14.9478
83.9412,84.78,-1.43142,2451.42,180.614,-51.0641,-3.84377,12.7433,2428,-0.04641,-40.0778,0.363776,67.7185,994.307,2.75107,16.0499,-0.493436,-47.2653,1.17584,14.9847
84.4322,84.3913,-2.28434,2449.38,178.097,-51.0641,-3.40101,12.7638,2492,-0.03939,-40.0778,0.365932,67.7173,992.832,2.33911,14.3309,-1.08748,-47.269,1.04115,13.77
83.9617,81.0362,-3.63942,2447.2,176.592,-51.0641,-2.88111,12.8047,2491,-0.02886,-29.0916,0.36456,67.7464,992.017,2.06716,12.4066,0.125008,-44.8796,1.06469,12.7751
78.5812,79.9314,-3.98728,2447.16,174.258,-51.0641,-2.84975,12.8047,2492,-0.02223,-29.0916,0.365736,67.7189,990.743,2.20854,12.3638,-0.273308,-45.002,0.948829,12.8228
79.8087,83.0001,-2.29837,2447.33,172.164,-51.0641,-3.20912,12.8252,2492,-0.0195,-30.0584,0.366128,67.7189,989.39,2.69196,14.7584,0.626402,-41.8962,1.08613,12.84
83.1843,84.6163,-1.83823,2445.91,170.125,-51.0641,-3.09062,12.8661,2491,-0.01248,-31.1131,0.366128,67.7304,988.227,2.71958,16.0344,-0.279014,-41.5356,1.00537,13.0518
84.4731,84.0435,-1.50969,2443.47,168.585,-51.0641,-2.84762,12.8661,2492,-0.00546003,-31.1131,0.366128,67.7273,987.728,2.61247,14.8023,-0.0283998,-38.6082,1.07856,12.0072
83.573,84.5754,-1.46445,2443.44,166.992,-51.0641,-2.7883,12.907,2492,-0.00155997,-31.1131,0.364364,67.7197,986.69,2.54217,13.0336,-1.0926,-38.3271,1.00271,12.8793
84.0639,84.0026,-1.42251,2440.7,165.324,-51.0641,-2.79962,12.9479,2492,0.00234,-31.1131,0.365344,67.6949,985.875,2.14974,11.5685,-0.3567,-35.587,1.03112,12.6049
82.9387,83.8389,-2.57594,2436.79,164.19,-51.0641,-2.5007,12.9684,2492,0.00507,-31.1131,0.365344,67.6997,985.357,1.21288,9.70081,-0.967155,-35.9151,0.908569,11.8664
83.7162,84.6368,-3.42298,2430.27,163.573,-51.0641,-2.44659,12.9684,2492,0.00585,-31.1131,0.366912,67.7459,985.289,0.339935,9.141,-0.38754,-33.723,0.904616,11.9301
83.2456,82.6933,-2.45949,2414.95,163.362,-51.0641,-2.0011,13.0093,2491,0.00702,-31.1131,0.367304,67.7994,985.692,-0.0512561,7.68323,-0.505145,-34.4564,0.902793,11.3862
82.4682,83.4911,-1.38715,2402.18,163.773,-51.0641,-2.20823,13.0297,2492,0.00741,-31.1131,0.365736,67.9935,986.479,0.0483855,6.38467,-0.301992,-32.1764,1.02535,11.8555
82.9797,84.023,-1.12083,2385.27,164.513,-51.0641,-2.32033,13.0502,2492,0.00585,-31.1131,0.366324,68.1885,987.259,-0.0614942,5.79812,-1.31882,-32.559,0.990292,12.7862
83.2865,83.6343,-1.18765,2369.1,164.622,-51.0641,-2.37644,13.0911,2491,0.00273,-31.1131,0.366324,68.1837,988.02,-0.296224,4.99352,-0.0814531,-30.6261,1.0358,12.9465
83.2252,84.6572,-1.28893,2355.9,164.131,-51.0641,-2.48285,13.0911,2491,0.00312,-31.1131,0.365344,68.1104,988.148,-0.316751,4.47322,-1.33915,-31.1371,0.986078,12.9561
83.9003,84.1867,-1.33553,2338.68,164.132,-51.0641,-2.42016,13.132,2492,0.00429,-31.1131,0.365932,68.0397,988.777,-0.246218,4.10402,-0.349313,-29.4204,1.02424,12.1042
83.3888,82.55,-0.986527,2322.33,164.111,-51.0641,-2.05183,13.132,2491,0.00351,-28.0369,0.365148,67.9928,989.294,-0.0419356,2.99698,-0.772223,-30.4796,0.999098,11.9108
79.3381,81.4862,-0.728945,2307.12,164.454,-51.0641,-2.1934,13.1525,2491,-0.00116998,-26.1033,0.363188,67.9983,990.039,0.255758,3.13431,0.0861925,-28.8035,1.0718,11.9804
82.6728,83.3684,-0.782334,2291.91,164.571,-51.0641,-2.20622,13.1729,2492,-0.00116998,-26.1033,0.366912,68.0117,990.551,0.361654,4.98325,-0.575251,-29.4735,1.01036,11.9268
82.816,83.3684,-0.929172,2275.8,164.46,-51.0641,-2.02064,13.2138,2492,-0.00740999,-26.1033,0.367108,68.0254,991.121,0.468349,5.60338,0.346279,-27.7585,1.05312,11.991
82.7751,83.307,-1.17369,2261.78,164.35,-51.0641,-1.82328,13.2343,2491,-0.01053,-26.1033,0.365344,68.0104,991.441,0.554714,5.46311,-0.742136,-28.4043,0.994916,11.82
82.9387,83.6139,-0.978406,2248.94,163.708,-51.0641,-1.87644,13.2548,2491,-0.00858003,-26.1033,0.366716,68.0024,991.571,0.844717,5.20804,-0.139383,-26.5158,1.04623,10.8284
83.1229,84.4731,-0.268982,2237.93,162.029,-51.0641,-1.80383,13.2752,2492,-0.00702,-26.1033,0.365932,68.0204,991.212,1.32303,5.02447,-1.17959,-27.0756,1.02419,9.92166
83.6343,84.289,0.526918,2225.7,162.382,-51.0641,-1.62155,13.2957,2492,-0.00779999,-26.1033,0.36652,67.9968,991.695,1.57199,4.69221,-0.145261,-25.4285,1.08915,10.0402
83.6343,84.2071,0.152802,2212.55,162.049,-51.0641,-1.33572,13.3161,2492,-0.00897002,-26.1033,0.363776,67.9853,991.936,1.52839,4.18165,-0.978126,-26.2477,1.02873,9.48499
82.9592,83.2252,-0.770187,2202.93,161.797,-51.0641,-1.33839,13.3366,2492,-0.00818998,-26.1033,0.36652,67.9746,992.226,1.44929,3.10757,-0.0656125,-24.6155,1.02539,9.57127
82.4068,83.4297,-0.659338,2196.45,161.414,-51.0641,-1.40661,13.3775,2523,-0.00818998,-26.1033,0.365932,67.9846,992.054,1.52774,2.07553,-1.27427,-25.3614,1.00543,10.0663
83.0206,83.798,-0.184675,2185.09,160.177,-51.0641,-1.43517,13.398,2635,-0.00818998,-26.1033,0.366128,67.967,991.88,1.72548,1.89873,-0.21943,-23.948,1.07487,9.8936
82.7956,82.816,-0.530917,2172.37,158.931,-51.0641,-1.18324,13.4184,2746,-0.00936002,-26.1033,0.360444,68.0812,991.669,1.59822,1.19932,-0.613035,-25.0796,1.05906,10.028
82.2227,82.7956,-1.6077,2166.17,157.559,-51.0641,-1.36523,13.4389,2858,-0.00663001,-26.1033,0.360052,69.0158,991.069,1.41674,0.713929,-0.316169,-23.6639,1.09483,9.41682
82.3455,83.7775,-2.83524,2159.52,155.218,-51.0641,-1.34229,13.4798,2969,-0.000779989,-26.1033,0.36064,68.1534,990.141,0.874255,1.29146,-1.32586,-24.6712,1.03076,8.46901
83.2456,84.3094,-5.29452,2153.1,154.376,-51.0641,-1.18037,13.4593,3064,0.00195,-26.1033,0.357504,66.9554,990.173,-0.113906,1.80185,0.359236,-23.5124,1.00477,8.26234
83.6548,83.9821,-6.02785,2149.63,153.603,-51.0641,-1.00302,13.5003,3064,0.00702,-26.1033,0.355152,66.0168,989.813,-0.4005,1.32609,-0.739499,-24.5394,0.966982,8.86289
83.1843,83.4297,-5.57364,2144.13,152.437,-51.0641,-1.46199,13.5207,3063,0.00546,-26.1033,0.351624,64.8591,989.403,-0.546344,0.852519,-0.662418,-22.8756,1.01236,9.69214
82.7751,82.4478,-5.96593,2138.97,150.75,-51.0641,-1.35207,13.5412,3064,0.00546,-26.1033,0.346332,63.5065,988.822,-1.12139,0.663873,-1.03617,-23.9533,0.934312,10.1314
81.8749,82.7546,-4.92593,2132.4,149.327,-51.0641,-1.47565,13.5616,3064,0.00858,-26.1033,0.343392,62.1427,988.294,-0.662189,0.728411,0.0865106,-22.6667,1.01684,9.54307
82.3864,83.532,-4.01237,2122.78,147.564,-51.0641,-1.29686,13.5821,3063,0.01443,-26.1033,0.335944,61.2779,987.526,-0.385409,1.30922,-1.10951,-23.781,0.998349,9.1284
82.9797,83.6548,-4.02023,2116.9,146.125,-51.0641,-1.53207,13.623,3064,0.01053,-26.1033,0.33712,60.8627,987.224,-0.655849,1.21884,0.162513,-22.2798,1.00584,9.17032
82.8978,84.7595,-3.93022,2108.98,145.151,-51.0641,-1.49831,13.6435,3064,0.01443,-26.1033,0.333788,67.1032,986.867,-0.620727,1.41294,-1.91527,-23.1858,0.964769,9.37267
83.8798,84.6572,-2.93571,2100.92,145.018,-51.0641,-1.32162,13.6639,3064,0.01482,-26.1033,0.328888,76.6439,987.178,-0.293548,1.42679,0.940602,-22.0459,1.03435,9.26409
83.8389,84.6163,-2.05308,2093.4,144.593,-51.0641,-1.32457,13.6639,3064,0.01638,-26.1033,0.323204,77.1964,987.298,0.319349,0.789583,-1.87314,-22.8718,1.03974,9.76536
83.7366,84.3708,-2.316,2084.15,143.911,-51.0641,-1.32543,13.7253,3063,0.01755,-26.1033,0.317324,77.5378,987.183,0.363789,-0.0306946,0.381984,-21.7314,1.04239,9.002
82.8365,83.5934,-3.0279,2075.69,143.427,-51.0641,-1.27569,13.7253,3064,0.0195,-26.1033,0.3136,75.5255,987.239,-0.285611,-0.85324,-1.74961,-22.8277,0.965053,9.12594
82.8365,83.573,-3.56501,2064.52,142.764,-51.0641,-1.43462,13.7458,3063,0.02886,-26.1033,0.307328,71.1729,987.312,-1.05871,-1.10615,0.201198,-21.7656,0.964793,9.21333
82.8365,83.573,-3.4573,2053.45,142.671,-51.0641,-1.36825,13.7867,3064,0.02886,-26.1033,0.300076,70.4871,987.622,-1.40884,-1.35637,-1.72194,-23.0004,0.944247,9.98529
82.7956,83.4707,-3.30933,2041.02,142.332,-51.0641,-1.4428,13.8071,3111,0.02691,-26.1033,0.293804,70.7352,987.964,-1.49502,-1.48703,0.326002,-22.0423,0.986626,9.90185
82.5296,83.1433,-2.98561,2026.46,142.147,-51.0641,-1.25079,13.848,3207,0.02808,-26.1033,0.286356,70.839,988.393,-1.48929,-1.4547,-1.74464,-23.435,1.00545,10.0417
82.4682,82.8569,-3.29034,2012.37,141.653,-51.0641,-1.2824,13.8276,3318,0.0273,-26.1033,0.280868,70.9315,988.57,-1.47657,-1.36379,0.933412,-22.5652,1.07921,9.83738
82.2227,82.1,-4.38887,1998.34,141.401,-51.0641,-1.29381,13.8685,3430,0.02574,-26.1033,0.273028,70.9187,988.941,-1.80265,-1.35244,-2.166,-23.7562,1.04664,10.3827
81.0975,81.8136,-6.22373,1988.23,140.347,-51.0641,-1.49111,13.889,3539,0.02379,-26.1033,0.266168,71.0083,989.041,-2.27482,-1.2694,1.04312,-22.7564,1.0571,10.9238
81.4862,83.1229,-7.12708,1978.93,138.516,-51.0641,-1.68688,13.9094,3651,0.02418,-26.1033,0.258328,70.9213,988.422,-2.91962,-0.317221,-2.56456,-23.724,1.00948,10.1738
83.8594,85.5369,-8.42765,1969.26,137.37,-51.0641,-1.80166,13.9094,3699,0.0273,-26.1033,0.24794,71.0457,988.228,-3.80756,0.487844,1.71535,-22.5777,1.0001,9.91692
84.1867,83.082,-9.64537,1960.07,136.299,-51.0641,-1.75121,13.9708,3699,0.02691,-26.1033,0.240884,70.2043,988.022,-4.44926,-0.62617,-2.78463,-23.5584,0.930018,9.99486
82.4478,83.1229,-9.01733,1947.94,135.135,-51.0641,-2.24295,13.9708,3699,0.02652,-26.1033,0.230496,66.2717,987.806,-4.17915,-1.63526,1.4701,-22.2493,0.992228,10.1821
82.5296,83.2252,-7.60766,1936.31,133.151,-51.0641,-2.16535,14.0117,3699,0.02769,-26.1033,0.220696,62.9627,987.401,-3.50385,-1.41929,-24.3074,-23.5579,0.999775,9.95576
82.5705,83.2661,-6.65814,1924.53,132.234,-51.0641,-1.80537,14.0322,3699,0.02535,-26.1033,0.215796,61.5439,987.509,-3.06358,-0.929879,4.11142,-23.0941,1.04261,9.41216
83.3274,84.2276,-6.28643,1912.9,131.88,-51.0641,-1.75383,14.0731,3699,0.0273,-26.1033,0.200312,60.7383,987.684,-2.83099,-0.738072,-5.85122,-24.2293,1.01525,10.9377
84.1867,85.271,-6.04852,1904.03,130.523,-51.0641,-2.01936,14.0731,3699,0.02613,-26.1033,0.194432,60.5755,987.408,-2.40174,-0.949515,-13.9706,-23.0843,1.03839,10.8406
84.3708,85.1687,-5.63874,1894.09,129.509,-51.0641,-2.10886,14.0935,3699,0.0234,-26.1033,0.184632,62.8456,987.34,-2.17094,-1.80326,-18.0751,-24.1366,1.00345,11.3919
84.1662,84.9641,-5.58087,1883.96,127.972,-51.0641,-2.28007,14.0935,3699,0.02652,-26.1033,0.171696,64.8956,987.049,-2.39398,-2.60637,-7.53799,-23.3395,1.00716,11.8633
84.0639,83.2865,-5.69487,1873.56,126.394,-51.0641,-2.29586,14.1345,3699,0.02574,-26.1033,0.162876,64.5929,986.777,-2.81982,-3.49639,-12.0614,-24.721,0.951527,10.9258
81.3021,81.118,-5.49139,1860.03,125.449,-51.0641,-2.56872,14.1549,3699,0.02223,-26.1033,0.15386,64.8489,986.791,-3.16762,-3.69254,-12.1488,-24.0657,0.977329,10.982
82.1409,82.9387,-5.25847,1845.56,124.483,-51.0641,-2.40077,14.1754,3699,0.01989,-26.1033,0.141708,64.3251,986.942,-3.30918,-2.68406,-7.08471,-25.68,0.940808,10.9326
82.2227,83.2456,-4.03429,1832.62,123.905,-51.0641,-2.1359,14.1958,3699,0.01209,-26.1033,0.133868,68.4629,987.12,-2.9136,-1.95316,-17.5275,-25.3004,1.00261,11.0067
82.4682,84.514,-2.88936,1816.65,123.46,-51.0641,-1.8164,14.2163,3699,0.00312,-26.1033,0.1225,72.8805,987.482,-2.4007,-1.55339,7.11593,-26.7942,0.999121,10.6321
84.4526,85.3937,-2.01551,1801.39,123.018,-51.0641,-1.44392,14.2572,3699,-0.00506997,-26.1033,0.11466,72.4746,987.886,-1.95625,-1.75509,-25.9383,-26.3881,1.03969,9.80389
84.3094,84.9027,-1.77531,1785.47,123.04,-51.0641,-1.08071,14.2572,3699,-0.00936002,-26.1033,0.101724,73.1862,988.358,-1.69529,-3.25864,3.11994,-28.0254,1.01657,10.4441
83.9412,84.8618,-1.54782,1772.7,122.762,-51.0641,-1.65934,14.2981,3699,-0.01365,-26.1033,0.092512,77.3534,988.797,-1.16133,-4.73458,-5.30496,-27.1591,1.05472,10.6484
83.9412,86.3757,-0.753373,1759.63,122.769,-51.0641,-1.8768,14.2981,3699,-0.01794,-26.1033,0.082516,79.6673,989.149,-0.751071,-5.50077,2.16098,-28.7498,1.04203,10.8609
85.1278,85.5983,-0.981038,1745.69,122.54,-51.0641,-2.0233,14.3186,3699,-0.02106,-26.1033,0.074872,78.6315,989.729,-0.989427,-7.01173,-3.72755,-28.6097,1.0429,10.6103
84.4117,83.1229,-1.3551,1732.04,122.757,-51.0641,-2.16274,14.339,3699,-0.02652,-26.1033,0.064092,79.8394,990.15,-1.11622,-8.50112,0.952911,-30.6203,1.01607,10.5038
80.7293,80.5861,-1.43265,1721.56,123.24,-51.0641,-2.18266,14.3595,3699,-0.03081,-26.1033,0.056252,78.913,990.774,-0.979959,-8.8135,-2.08356,-31.1533,1.04879,10.5641
78.929,79.4404,-1.68048,1708.9,123.139,-51.0641,-2.04936,14.38,3699,-0.03315,-26.1033,0.049392,77.0217,991.322,-1.01423,-8.10666,1.38284,-33.6303,1.013,10.6425
80.4633,86.4166,-1.53914,1697.16,123.009,-51.0641,-2.47912,14.4004,3699,-0.03237,-26.1033,0.04312,77.1298,991.738,-1.13994,-6.442,-2.55228,-33.5207,1.03947,10.4518
85.7619,83.4707,-1.81915,1684.21,124.2,-51.0641,-2.42308,14.4209,3699,-0.0351,-26.1033,0.03528,77.157,992.433,-1.36973,-5.9644,1.36858,-35.4384,1.00628,10.8121
82.4273,83.6548,-2.50502,1672.95,124.363,-51.0641,-2.46463,14.4413,3699,-0.03783,-26.1033,0.032928,77.2768,993.038,-1.49527,-7.01637,-2.47132,-35.4498,1.02667,11.4196
82.8978,82.1818,-2.87717,1660.81,123.627,-51.0641,-2.68295,14.4618,3699,-0.039,-26.1033,0.025676,77.2727,993.128,-1.46542,-7.95145,0.166332,-37.326,0.994018,10.8318
77.8652,78.2948,-2.2678,1648.14,123.805,-51.0641,-3.02365,14.4822,3699,-0.04017,-26.1033,0.021168,77.3348,993.595,-1.30098,-8.02063,-2.42919,-37.4041,1.03513,10.8298
78.6221,80.5656,-2.31372,1634.47,124.589,-51.0641,-3.06544,14.5232,3699,-0.04719,-26.1033,0.016856,77.3372,994.344,-1.36451,-5.71508,1.18719,-39.4739,1.01831,11.2223
80.1974,82.6114,-2.66806,1622.49,124.357,-51.0641,-2.63221,14.5027,3699,-0.04836,-26.1033,0.012544,77.3608,994.71,-1.60536,-3.44478,-0.199382,-39.7138,1.02429,10.7213
81.8136,85.7415,-2.45883,1611.74,124.475,-51.0641,-2.22273,14.5232,3699,-0.05382,-26.1033,0.009212,77.3772,995.165,-0.979128,-2.33242,0.70599,-41.4181,1.02183,9.85099
84.9641,85.5778,-1.25305,1603.11,124.866,-51.0641,-2.28551,14.5436,3698,-0.05382,-26.1033,0.008232,77.3861,995.65,0.242441,-2.61837,-1.79606,-40.767,1.09744,10.8493
84.3504,80.3815,-1.11383,1594.07,124.217,-51.0641,-2.51901,14.5845,3699,-0.04953,-26.1033,0.003332,77.3825,995.683,0.481166,-4.10248,-0.595086,-41.9673,1.05598,10.9683
79.9723,82.816,-1.55574,1587.12,124.409,-51.0641,-3.09918,14.5845,3699,-0.04758,-42.0993,0.001764,77.4076,995.936,0.393228,-4.05196,-2.05841,-41.2523,1.0538,11.3043
83.9821,84.6368,-1.86261,1580.47,124.145,-51.0641,-2.99649,14.605,3699,-0.04563,-49.0426,0.001568,77.3978,996.12,0.40958,-3.3127,0.909609,-42.8352,1.0186,11.8904
78.3971,82.6728,-2.365,1574.95,123.684,-51.0641,-3.01567,14.6459,3700,-0.03783,-51.0641,-0.00293999,77.4055,996.224,0.350961,-3.20223,-1.50541,-42.4542,1.02741,11.4007
82.0181,85.2914,-2.15885,1570.05,123.21,-51.0641,-3.09533,14.6255,3699,-0.0351,-51.0641,-0.00215598,77.3938,996.188,0.493095,-2.30713,0.193135,-43.6992,1.00166,11.902
84.4117,83.4911,-1.88825,1563.96,122.854,-51.0641,-3.1112,14.6459,3699,-0.02886,-51.0641,-0.00274398,77.4152,996.168,0.595351,-2.77361,-1.2883,-43.1306,1.02677,11.2856
81.3635,81.8749,-1.71054,1559.66,122.284,-51.0641,-3.14011,14.6459,3699,-0.01911,-51.0641,-0.003724,77.4075,996.17,0.812985,-3.0697,-0.146877,-44.4938,1.01,11.4978
81.7726,83.2661,-1.23205,1554.78,122.023,-51.0641,-3.21541,14.6664,3699,-0.01521,-51.0641,-0.00450798,77.4363,996.21,1.17828,-2.46088,-1.03711,-44.001,1.0445,11.6631
82.059,82.4887,-1.24938,1549.27,121.24,-51.0641,-3.0776,14.6868,3699,-0.00585002,-51.0641,-0.00450798,77.3989,996.092,0.98365,-1.75178,0.317408,-45.37,0.999082,11.2646
82.5705,82.5296,-1.64402,1544.1,121.037,-51.0641,-3.11149,14.7073,3699,-0.00273001,-51.0641,-0.00274398,77.4437,996.268,0.601151,-0.802485,-0.920198,-44.6641,0.994883,11.1586
83.8798,84.6981,-1.83048,1537.02,120.466,-51.0641,-2.88228,14.7277,3699,0.00624,-51.0641,-0.00352799,77.3922,996.188,0.195206,-0.470221,0.294674,-45.8067,0.962439,10.9464
77.9265,82.7751,-1.85055,1529.17,120.232,-51.0641,-2.92852,14.7482,3699,0.00819,-51.0641,-0.00176399,77.4338,996.371,-0.230113,-0.474872,-1.42299,-44.9361,0.985327,10.8389
81.9363,82.8569,-1.79779,1520.9,119.97,-51.0641,-2.89248,14.7687,3699,0.0117,-51.0641,-2.45513e-16,77.4395,996.525,-0.342476,0.607885,0.346541,-45.8714,0.962077,10.7716
86.1506,82.55,-1.13003,1511.96,120.811,-51.0641,-2.63871,14.7891,3699,0.01092,-51.0641,0.000196,79.3594,997.226,-0.0868302,0.586435,-0.535367,-45.0489,1.01488,10.7764
81.5681,80.3201,-1.00278,1501.41,121.484,-51.0641,-2.4812,14.8096,3700,0.01092,-51.0641,-0.00117599,80.3294,997.799,-0.0949764,-0.470837,-0.509246,-45.9913,1.01411,10.9219
80.8316,82.7956,-1.42868,1490.72,121.772,-51.0641,-2.76986,14.83,3699,0.01014,-51.0641,0.001372,80.2374,998.374,-0.544751,0.0832517,-1.1751,-44.9219,1.01267,10.9671
82.0386,82.9387,-1.94521,1478.95,122.416,-51.0641,-2.48287,14.83,3699,0.01092,-51.0641,0.000196,80.3553,999.003,-0.827096,0.98996,0.622506,-45.9428,0.981049,10.9735
85.4346,83.3274,-1.48186,1469.54,121.711,-51.0641,-2.45397,14.8505,3699,0.0117,-51.0641,0.000392,80.0895,999.087,-0.791191,1.17664,-1.36388,-44.8467,1.01984,9.91151
81.3635,83.7571,-1.3826,1458.39,122.428,-51.0641,-2.42577,14.8709,3699,0.00858,-51.0641,0.00196,79.5375,999.779,-0.612396,1.18566,-0.213842,-45.5083,1.01003,9.84521
83.2661,84.6572,-1.39827,1448.11,122.558,-51.0641,-2.38959,14.8709,3699,0.00663,-51.0641,0.001176,79.4378,1000.16,-0.452847,1.50094,-0.796146,-44.4274,1.03961,9.82235
83.6343,85.5165,-1.34213,1437.08,122.56,-51.0641,-2.25291,14.8914,3699,0.00897,-51.0641,0.001176,79.4306,1000.62,-0.4632,1.2163,-0.274872,-45.1255,1.00705,9.01359
84.4731,87.6646,-1.63989,1426.53,123.04,-51.0641,-2.30072,14.9323,3699,0.00975,-51.0641,-0.000391977,79.4179,1001.11,-0.748174,0.895018,-1.0219,-43.9834,1.03335,9.35547
85.987,80.136,-1.9463,1415.96,123.456,-51.0641,-2.17269,14.9323,3699,0.00819,-51.0641,-0.00117599,79.4459,1001.63,-0.840325,-1.01297,-0.704794,-44.8255,0.968581,9.44396
80.3201,82.7751,-2.02967,1405.42,123.767,-51.0641,-2.5593,14.9528,3699,0.00858,-51.0641,0.000196,79.4786,1002.13,-0.738403,-1.82278,-1.8314,-43.8542,0.565604,9.86791
81.9363,83.0206,-2.33358,1394.64,123.341,-51.0641,-2.45943,14.9528,3699,0.01287,-51.0641,-0.00117599,78.7043,1002.54,-0.978292,-0.755525,0.391088,-45.009,0.587271,8.87507
82.4682,85.3528,-2.48881,1385.04,124.097,-51.0641,-2.05744,14.9732,3699,0.01404,-51.0641,-0.00156798,77.5263,1003.02,-1.10187,-0.380004,-0.0787304,-44.5665,-0.921128,9.07318
79.7882,82.1204,-2.41491,1374.09,123.886,-51.0641,-1.8105,14.9937,3699,0.01599,-51.0641,-0.00196,77.2133,1003.47,-0.829545,-1.25743,-0.602991,-45.6861,-0.891564,8.8444
81.7522,83.1638,-2.2597,1364.49,124.463,-51.0641,-2.15151,15.0346,3699,0.01599,-51.0641,-0.00215598,77.1024,1003.88,-0.705318,-0.854918,-1.32403,-44.7414,0.00444185,9.97026
81.9772,86.8667,-2.34359,1355.35,123.691,-51.0641,-2.01534,15.0346,3699,0.0195,-51.0641,-0.00215598,77.1322,1004.06,-0.59408,-0.259594,0.218734,-45.7642,-0.261929,9.27146
83.4911,82.5705,-2.30397,1345.14,123.911,-51.0641,-2.12936,15.0551,3699,0.02223,-51.0641,-0.00548799,77.0957,1004.42,-0.665483,-0.100272,-1.18609,-44.8049,-0.0371819,9.47935
85.7006,83.3274,-2.97056,1334.59,123.4,-51.0641,-2.22492,15.0346,3699,0.02379,-51.0641,-0.00352799,77.1171,1004.57,-1.32207,-0.136928,-0.522718,-45.5074,0.494945,9.69809
82.9797,85.4755,-3.42839,1323.46,123.336,-51.0641,-2.18268,15.0755,3699,0.02418,-51.0641,-0.000391977,77.0992,1004.96,-2.00111,-0.367873,-0.802008,-44.7108,0.677548,8.94905
84.4117,83.4707,-3.50926,1310.8,123.15,-51.0641,-1.82099,15.0755,3699,0.01911,-51.0641,-0.00352799,77.1423,1005.3,-2.15371,-0.867115,-0.16692,-45.8765,-0.0532257,8.96476
81.0566,81.8749,-2.85191,1298.65,123.411,-51.0641,-1.72795,15.1164,3699,0.01521,-51.0641,-0.00293999,77.1034,1005.97,-1.90783,-1.22984,-0.798359,-45.2749,0.238487,8.16019
81.1589,82.7751,-2.51262,1284.15,123.208,-51.0641,-1.47717,15.1164,3699,0.00273,-51.0641,-0.00391998,77.1448,1006.51,-1.70724,-0.524704,0.0634031,-46.4742,-0.0857885,7.8115
81.9977,83.6548,-1.81862,1271.34,123.539,-51.0641,-1.64492,15.1369,3699,-1.15535e-16,-51.0641,-0.00235199,77.1026,1006.96,-1.2991,0.2331,-1.45975,-45.4875,-0.33484,7.63657
84.1049,86.8462,-1.57581,1259,123.698,-51.0641,-1.24049,15.1369,3699,-0.00818998,-51.0641,-0.00333198,77.1687,1007.24,-0.991708,1.17277,0.881734,-46.543,0.0917043,7.6699
84.6368,85.6187,-1.52658,1246.72,123.668,-51.0641,-1.01524,15.1574,3699,-0.01365,-51.0641,-0.00333198,77.12,1007.88,-0.966602,0.0230311,-0.958588,-45.7176,0.371835,6.96314
84.4936,81.5067,-2.12849,1234.33,125.135,-51.0641,-1.28549,15.1778,3699,-0.01326,-51.0641,-0.00391998,77.1921,1008.88,-0.942932,-1.62092,-1.46,-46.3706,0.279131,8.76454
80.9339,83.082,-2.94905,1223.39,124.036,-51.0641,-1.70898,15.1983,3699,-0.01287,-51.0641,-0.00156798,77.1234,1008.82,-1.04705,-1.67723,-1.26745,-45.4519,0.775856,8.36243
82.2023,82.4273,-2.492,1214.53,124.232,-51.0641,-1.39614,15.2187,3699,-0.01365,-51.0641,-0.002548,78.5669,1009.17,-0.784377,-0.626384,0.689948,-46.7555,0.49657,8.11109
81.8545,85.1482,-1.70782,1204.37,122.573,-51.0641,-1.31716,15.2187,3699,-0.01521,-51.0641,-0.002548,79.1946,1008.83,-0.515281,-0.193806,-1.23598,-46.0197,0.75657,6.96311
85.0255,88.0737,-1.47134,1194.53,122.367,-51.0641,-1.05989,15.2392,3699,-0.01716,-51.0641,-0.00391998,79.0054,1009.48,-0.420565,0.357687,0.389813,-47.0133,1.1294,5.3832
80.3815,82.5091,-2.14312,1180.39,124.793,-51.0641,-0.731585,15.2392,3699,-0.01872,-51.0641,-0.00411599,79.0738,1010.43,-0.862657,-1.21042,-0.55875,-46.4748,0.545026,7.49595
78.0288,82.3046,-2.39683,1172.41,122.51,-51.0641,-1.40205,15.2801,3699,-0.01833,-51.0641,-0.002548,79.0168,1010.06,-1.18713,-1.60111,-2.16687,-46.9143,0.813988,6.57598
81.4453,86.4371,-2.3536,1160.63,123.224,-51.0641,-1.75657,15.2801,3699,-0.01521,-51.0641,1.44419e-17,79.0434,1010.8,-1.20346,0.0341388,-0.417905,-45.867,1.09645,6.04275
85.721,80.2997,-2.1719,1151.35,123.432,-51.0641,-0.84146,15.2801,3699,-0.01755,-51.0641,-0.00235199,79.0033,1011.3,-0.852218,0.291605,1.37049,-47.435,0.953459,5.70281
79.8291,82.3455,-2.52633,1138.6,123.897,-51.0641,-0.535845,15.3006,3698,-0.01521,-51.0641,-8.66516e-17,79.0384,1011.92,-0.930101,-0.301127,-0.899092,-46.8934,1.08043,5.40203
79.3791,85.1891,-1.74811,1132.06,123.899,-51.0641,-1.27288,15.3415,3699,-0.01092,-51.0641,-0.001372,79.0211,1011.98,-0.888514,0.627175,-1.82761,-47.0031,0.984246,5.77166
86.7644,81.5681,-2.63829,1120.15,124.838,-51.0641,-1.33105,15.3415,3699,-0.00936002,-51.0641,-0.000587987,79.047,1012.97,-0.864645,0.740623,-0.160788,-45.9463,1.05615,6.02493
80.7088,83.2661,-4.06547,1109.83,125.67,-51.0641,-1.00758,15.3619,3699,8.66516e-17,-51.0641,0.000588,79.0254,1013.85,-1.18321,0.192596,-0.364519,-46.9719,0.950408,7.45053
81.9568,85.5369,-3.2861,1102.13,124.919,-51.0641,-1.35888,15.3619,3699,0.0078,-51.0641,0.000392,79.0319,1013.27,-1.08152,0.273317,-1.38134,-45.7569,1.05386,6.50752
84.2071,82.4682,-2.57252,1090.68,124.017,-51.0641,-1.42018,15.4029,3699,0.00624,-51.0641,0.001764,79.0202,1013.47,-1.05545,-0.015178,-0.734929,-46.4206,0.980349,5.48189
82.0795,83.0206,-3.12622,1079.42,124.711,-51.0641,-1.46427,15.4029,3699,0.01287,-51.0641,-0.000195997,79.0246,1014.36,-1.55638,-0.105263,-0.850694,-45.5456,1.04185,5.29938
81.1794,87.1326,-3.86599,1070.18,125.671,-51.0641,-0.965203,15.4029,3699,0.01521,-51.0641,-0.00156798,79.0678,1015.14,-1.7358,0.637027,0.749917,-46.7713,0.954794,6.0237
86.3757,81.5271,-3.30716,1058.12,124.81,-51.0641,-0.847259,15.4233,3699,0.02418,-51.0641,0.001372,78.2609,1015.06,-1.62082,-0.442528,-1.4719,-45.9117,1.04407,5.09134
80.3201,83.8798,-3.57966,1046.97,125.645,-51.0641,-0.932185,15.4438,3699,0.01872,-51.0641,0.000588,77.1408,1015.96,-1.90017,-0.315841,-0.24776,-46.7698,0.970493,4.98899
83.532,85.2505,-4.14822,1034.27,127.343,-51.0641,-0.927092,15.4438,3699,0.02457,-51.0641,-0.000587987,76.8889,1016.92,-1.93837,0.0150034,-0.686015,-45.9335,1.04229,7.30661
77.5174,87.0099,-3.384,1023.89,125.28,-51.0641,-0.97195,15.4847,3699,0.02535,-51.0641,-0.00235199,76.715,1016.36,-1.24751,0.0726108,-1.00854,-46.6723,0.994828,5.91612
86.8871,78.6426,-1.62746,1014.57,125.063,-51.0641,-0.703654,15.4642,3699,0.04368,-51.0641,-0.000587987,76.7854,1016.51,-0.227553,-0.058818,0.157049,-46.0104,1.10241,5.14595
79.5632,81.7522,-2.10345,1003.39,124.802,-51.0641,-0.0206004,15.4642,3699,0.078,-51.0641,-0.00352799,76.7292,1016.71,-0.630826,-1.39442,-0.0611593,-47.5619,1.0135,5.81451
81.5476,82.8365,-3.26965,992.762,123.234,-51.0641,-0.431858,15.4642,3699,0.10491,-51.0641,0.001568,76.8324,1016.57,-1.31296,-0.466594,-1.13635,-46.5773,0.999522,4.78599
85.1482,84.78,-2.6945,983.817,122.706,-51.0641,-0.311526,15.4847,3700,0.14547,-51.0641,-0.00196,76.6965,1016.89,-0.860654,-0.055201,-0.143853,-47.494,0.99019,4.8059
83.8184,79.5223,-2.0009,972.272,122.785,-51.0641,-0.28265,15.5051,3699,0.1638,-51.0641,-0.000587987,76.8956,1017.29,-0.254945,-0.517074,-0.554874,-46.7432,1.0681,5.30552
79.0108,83.573,-0.951875,961.942,119.969,-51.0641,-0.20488,15.5051,3699,0.12246,-51.0641,-0.000783997,75.7582,1016.64,0.500963,-0.620395,-0.606689,-47.7081,1.03092,3.55659
82.2841,81.609,0.0678551,954.915,118.745,-51.0641,-0.909687,15.5051,3699,0.10374,-51.0641,0.000392,73.9081,1016.34,1.30161,0.265109,-1.82701,-46.2647,1.08446,3.22131
84.9027,85.7415,0.344011,946.85,116.703,-51.0641,-0.790818,15.5461,3699,0.0741,-51.0641,-0.00117599,71.4204,1015.75,1.32096,0.965951,-0.144626,-47.0685,1.00092,3.01733
84.4322,84.1662,0.457078,940.919,115.018,-51.0641,-0.375028,15.5461,3699,0.07371,-51.0641,-0.00156798,68.6672,1015.16,1.72487,0.172547,-0.707605,-46.5141,1.04523,1.90227
82.4068,82.3046,1.68977,934.034,113.503,-51.0641,-0.0504008,15.5665,3699,0.02574,-51.0641,0.000196,66.2906,1015.16,2.49446,-0.79168,-0.766558,-47.6683,1.03125,2.20331
78.6835,79.3995,2.41402,933.451,111.52,-51.0641,-0.69923,15.587,3699,0.00819,-51.0641,-0.00215598,63.7544,1014.52,2.85992,-1.33101,-3.38663,-46.4317,1.05173,1.86296
79.3995,85.7006,2.95895,931.346,110.148,-51.0641,-1.01882,15.6074,3699,-0.02379,-51.0641,0.000784,62.3056,1013.94,3.3551,0.474051,-0.243428,-47.1088,0.999633,2.00377
85.271,85.8233,4.34101,930.344,109.037,-51.0641,-0.574489,15.6279,3699,-0.03822,-51.0641,-0.000587987,61.4856,1013.3,4.03868,0.38909,1.05314,-46.5591,1.03685,1.86792
