87.3986,84.514,-0.624365,2504.1,174.801,-6.06441,3.36656,-40.5702,2302,-0.03042,-30.0584,-0.139944,60.6846,987.161,4.32379,25.4863,1.69365,-47.3894,1.17233,18.9202
85.1278,83.3274,-2.8356,2496.03,173.361,-6.06441,3.60706,-40.5702,2413,-0.02691,-30.0584,-0.130144,60.6418,985.958,3.67157,21.8052,2.62589,-44.4697,1.11229,18.2795
87.91,86.0075,-2.84176,2509.22,172.189,-6.06441,3.19077,-40.5702,2476,-0.02262,-30.0584,-0.118972,60.741,985.81,3.45285,18.8583,1.91709,-41.6959,1.08224,18.0531
88.0942,84.1049,-2.33582,2520.88,171.445,-6.06441,2.79293,-40.5702,2476,-0.02184,-30.0584,-0.107212,60.7123,984.547,3.30188,14.8337,1.80805,-39.0534,1.12705,18.5923
87.8282,83.9207,-1.90014,2534.1,168.436,-6.06441,3.04701,-40.5702,2476,-0.00546003,-29.0916,-0.098196,60.7087,982.655,2.83866,12.2761,1.83627,-37.5968,1.09671,18.4818
77.8856,81.0362,-3.6178,2542.75,163.017,-6.06441,4.1689,-40.5702,2476,0.00312,-28.0369,-0.090552,60.6109,978.4,2.25531,9.42755,3.14992,-37.1784,0.956214,16.6919
82.1409,83.4502,-2.86135,2546.67,163.613,-6.06441,4.64926,-40.5702,2492,0.01755,-27.0701,-0.083888,60.7008,979.004,1.78405,8.24335,3.35238,-36.8268,0.971088,17.4457
81.0566,81.9772,-3.50234,2550.52,162.642,-6.06441,4.32615,-40.5907,2604,0.02808,-26.1033,-0.074676,60.6325,978.574,1.01814,8.37939,3.07943,-35.5045,1.04629,18.6235
85.005,82.325,-4.94338,2558.87,157.352,-6.06441,3.48596,-40.5702,2715,0.03276,-23.1151,-0.06468,60.6849,975.225,0.351437,9.12366,1.62091,-33.7992,0.927184,14.3782
85.987,84.7186,-5.46923,2564.95,156.323,-6.06441,4.38301,-40.5702,2826,0.0468,-18.1053,-0.058212,60.6627,974.346,0.30945,11.3518,3.20033,-33.3698,0.988677,15.3079
84.8618,85.2096,-8.23588,2569.86,156.244,-6.06441,6.90983,-40.5702,2937,0.05811,-6.06441,-0.046648,60.7308,974.434,-0.0119903,11.5966,4.77028,-34.4238,0.872627,21.6088
85.1687,83.0001,-7.12673,2567.73,151.902,-6.06441,7.94672,-40.5702,3049,0.0585,-6.06441,-0.043316,60.7277,972.537,-0.199589,11.0132,3.38481,-34.0256,0.983754,22.6822
83.8184,83.4297,-8.08471,2569.58,151.375,-6.06441,8.12114,-40.5702,3049,0.06552,-6.06441,-0.035868,60.7692,972.18,-0.90509,10.8953,2.70712,-32.89,0.931528,22.5142
85.8233,83.6548,-7.9878,2561.46,152.58,-6.06441,8.13054,-40.5702,3049,0.06708,-6.06441,-0.033516,60.8036,973.061,-1.89641,10.5487,2.38098,-31.5104,0.949066,24.4739
85.721,83.4911,-9.27194,2559.75,149.386,-6.06441,7.81731,-40.5702,3049,0.07488,-6.06441,-0.02744,61.1986,971.467,-2.64214,10.075,2.55739,-30.0651,0.867809,22.6354
87.6032,85.9665,-8.30045,2553.62,148.146,-6.06441,7.00156,-40.5907,3049,0.08034,-6.06441,-0.0245,62.213,970.849,-3.37123,10.0233,0.990624,-28.0664,0.853601,20.5104
86.7439,84.7595,-7.56115,2536.65,148.522,-6.06441,7.49359,-40.5702,3049,0.08034,-6.06441,-0.020188,66.1097,971.666,-3.83671,9.90466,3.05245,-27.3941,0.907341,21.3219
84.8413,84.2685,-6.24086,2520.28,149.311,-6.06441,8.00328,-40.5907,3049,0.07878,-6.06441,-0.014896,65.5587,972.431,-3.67523,8.61537,3.09921,-26.6162,0.992049,23.6465
85.5369,83.7162,-6.58113,2502.06,148.31,-6.06441,7.97286,-40.5702,3049,0.078,-6.06441,-0.01176,63.2922,972.701,-4.01292,7.67149,2.43647,-25.6172,0.973595,23.0508
85.1073,83.4297,-7.00948,2483.89,147.05,-6.06441,7.85197,-40.5702,3049,0.06552,-6.06441,-0.00823198,62.2635,972.746,-4.68496,6.87157,2.62007,-24.5461,0.929948,22.0939
85.3732,83.6548,-6.95316,2463.95,146.432,-6.06441,7.6825,-40.5702,3049,0.06864,-6.06441,-0.00391998,61.4064,973.076,-4.80536,6.5548,2.59983,-23.6413,0.940963,21.7397
85.1073,85.1891,-6.01593,2442.98,147.434,-6.06441,7.62898,-40.5702,3048,0.06201,-6.06441,-0.00235199,61.0958,974.497,-4.62361,6.60522,2.75681,-22.6856,0.981586,21.7529
87.0713,83.8184,-6.69486,2419.52,144.995,-6.06441,7.943,-40.5702,3048,0.06708,-6.06441,-0.000391977,60.7981,973.956,-4.58653,6.53529,3.16159,-22.2093,0.927482,21.6652
84.2481,82.8774,-5.99051,2394.08,142.994,-6.06441,8.41765,-40.5702,3064,0.05304,-6.06441,0.000392,60.7344,973.851,-4.34083,5.48692,3.52637,-21.8602,0.937589,21.5426
86.3143,82.4887,-5.39984,2370.49,142.454,-6.06441,7.95261,-40.5702,3175,0.0429,-6.06441,0.002744,60.6096,974.513,-4.02555,4.4496,1.98139,-20.8353,1.01298,20.4005
86.0279,84.7595,-4.61145,2346.22,141.945,-6.06441,7.93459,-40.5498,3287,0.04251,-6.06441,0.005292,60.6083,975.157,-3.42872,4.50712,2.38304,-20.1489,1.11242,20.29
85.6597,84.6368,-6.38046,2323.13,140.936,-6.06441,8.44342,-40.5498,3382,0.03939,-6.06441,0.005292,60.6349,975.457,-3.63945,4.28465,2.98768,-20.0055,1.08011,21.6404
84.289,83.2661,-6.97955,2304.76,138.455,-6.06441,8.69701,-40.5702,3493,0.0312,-6.06441,0.005292,60.5699,974.968,-3.87375,3.41171,2.74073,-19.5862,1.06558,21.0478
85.23,83.2661,-8.24714,2288.65,137.948,-6.06441,8.89957,-40.5702,3604,0.02808,-6.06441,0.009016,60.5188,975.202,-4.55107,2.45094,2.48089,-19.3686,1.05809,21.9073
86.6212,84.7595,-10.8006,2276.82,135.443,-6.06441,9.1419,-40.5702,3700,0.02808,-6.06441,0.007448,60.5825,974.44,-5.46827,2.60318,2.27268,-19.1374,0.957921,21.7874
84.5549,84.6777,-11.8957,2261.43,133.429,-6.06441,9.96844,-40.5702,3700,0.0312,-6.06441,0.006664,60.5996,974.144,-6.49528,2.52149,3.71019,-19.5736,0.877833,23.0358
85.005,83.082,-12.2921,2242.09,133.392,-6.06441,10.2439,-40.5907,3700,0.02964,-6.06441,0.00784,60.5504,974.623,-7.64367,1.60771,2.86806,-19.4876,0.85884,23.5567
84.3299,83.1433,-10.4902,2219.28,132.8,-6.06441,9.76649,-40.5702,3699,0.01911,-6.06441,0.008232,60.58,975.42,-7.0585,1.12665,1.83955,-18.9307,0.938977,22.5597
84.4117,82.7956,-8.27708,2196.56,131.153,-6.06441,9.08062,-40.5702,3700,0.02028,-6.06441,0.009212,60.5377,975.3,-5.81274,0.674748,1.6803,-18.1118,1.04468,20.6361
86.5393,84.4322,-8.5184,2176.73,131.476,-6.06441,8.70295,-40.5702,3699,0.00975,-6.06441,0.008036,60.5676,975.982,-5.52698,1.26373,2.01098,-17.6961,1.00579,19.8188
86.3552,84.8413,-6.44364,2156.47,130.027,-6.06441,8.8826,-40.5702,3700,0.00351,-6.06441,0.008428,60.5964,976.252,-4.69219,1.6908,2.76763,-17.5268,1.07614,20.4664
86.6416,84.5958,-7.11954,2139.48,129.102,-6.06441,9.33355,-40.5702,3700,-0.00389999,-6.06441,0.00882,60.5491,976.492,-4.34291,1.52816,2.86484,-17.6986,1.05217,21.4025
85.1278,83.0615,-7.06828,2124.67,128.207,-6.06441,9.62863,-40.5702,3700,-0.00312001,-6.06441,0.008624,60.5823,976.521,-4.24232,0.823675,3.15645,-17.677,1.0206,21.8723
84.78,83.8389,-7.74157,2112.17,126.274,-6.06441,9.659,-40.5702,3700,-0.00312001,-6.06441,0.009016,60.5652,976.285,-3.9443,0.461175,2.02623,-17.6004,0.978432,21.679
84.2276,84.2071,-5.57591,2097.9,125.095,-6.06441,10.1178,-40.5702,3699,-0.00116998,-6.06441,0.007644,60.5759,976.274,-3.20424,0.291447,3.30027,-17.8436,1.01522,22.0457
84.2276,84.1049,-3.96543,2086.84,123.85,-6.06441,10.638,-40.5702,3700,-0.00467998,-6.06441,0.008232,60.5814,976.273,-2.65889,-0.236663,2.58309,-18.2711,1.07903,23.1548
83.8389,83.2661,-4.8761,2074.92,122.952,-6.06441,11.124,-40.5702,3700,-0.000779989,-6.06441,0.008624,60.5419,976.182,-2.88804,-0.455141,3.4428,-18.6752,1.00361,23.7751
84.0026,82.4478,-6.81546,2064.02,122.342,-6.06441,11.1754,-40.5702,3700,-1.048e-16,-6.06441,0.006272,60.9043,976.348,-3.1501,-0.73962,2.37071,-18.7795,0.954717,23.9914
85.7006,83.8184,-5.31949,2054.28,120.547,-6.06441,11.1886,-40.5702,3700,-0.00702,-6.06441,0.00588,63.2476,975.892,-2.56938,-0.378391,2.33456,-18.7984,0.963386,23.7859
85.7415,84.3913,-3.61264,2044.3,119.255,-6.06441,11.6794,-40.5702,3699,-0.00779999,-6.06441,0.00588,67.9047,975.774,-1.92411,0.230991,3.12564,-19.2886,1.01045,24.3081
84.5754,83.4911,-3.102,2033.08,117.897,-6.06441,12.2944,-40.5702,3699,-0.00779999,-6.06441,0.008232,72.6107,975.583,-1.56723,-0.0986664,3.16825,-19.7275,0.983868,25.0584
81.6908,80.5656,-2.09158,2021.53,118.941,-6.06441,12.4809,-40.5702,3699,-0.01014,-6.06441,0.004704,75.765,976.453,-1.27384,-0.904838,2.8145,-20.024,1.03383,25.8863
83.8389,82.8774,-1.74629,2011.91,116.974,-6.06441,11.9934,-40.5702,3699,-0.00312001,-6.06441,0.006664,76.9156,975.931,-0.92359,-0.818724,1.89209,-19.7217,1.01285,24.416
82.9183,81.1384,-2.33745,2001.92,116.317,-6.06441,11.7865,-40.5702,3700,-0.00428999,-6.06441,0.005096,77.4077,976.166,-1.01904,-0.181112,2.51097,-19.6789,0.984991,24.0095
85.5778,83.082,-2.05586,1992.14,115.645,-6.06441,11.683,-40.5702,3700,-0.00312001,-6.06441,0.0049,79.0696,976.157,-0.904646,0.462035,2.69207,-19.5295,0.975154,23.1688
86.1916,85.1278,-1.87088,1981.03,115.58,-6.06441,11.7392,-40.5702,3699,-0.00389999,-6.06441,0.004312,80.1436,976.431,-0.53223,1.12951,2.58957,-19.5398,0.982376,23.536
82.6114,83.4502,-0.231769,1972.46,115.622,-6.06441,11.8331,-40.5907,3700,-0.00624001,-6.06441,0.004704,79.5755,976.815,0.0319807,-0.0974793,2.81777,-19.498,1.01903,23.6591
83.4911,81.1794,-0.505707,1962.49,116.01,-6.06441,11.0748,-40.5702,3700,-0.00897002,-6.06441,0.005292,78.2038,977.425,0.189845,-0.691159,1.46109,-18.9851,1.03351,22.2844
84.78,82.3659,-1.58709,1951.45,115.004,-6.06441,10.6751,-40.5702,3700,-0.00818998,-6.06441,0.004116,78.0711,977.229,-0.11791,-0.0827441,2.63131,-18.6969,0.96877,21.1697
85.5574,83.6343,-2.40543,1941.25,115.567,-6.06441,10.8395,-40.5702,3699,-0.00663001,-6.06441,0.003332,78.5016,978.009,-0.236931,0.37955,3.00831,-18.9172,0.953873,21.5409
84.6163,82.3864,0.0226514,1932.02,115.406,-6.06441,10.7503,-40.5907,3700,-0.000779989,-6.06441,0.002744,79.2198,978.122,0.312861,-0.0389339,3.19227,-18.82,1.00957,21.6104
88.7079,82.0386,0.373255,1920.66,118.926,-6.06441,9.87783,-40.5702,3700,-0.00273001,-6.06441,0.000392,79.4457,979.899,0.49024,-0.157051,1.16614,-18.1286,1.0833,20.6791
88.9125,87.6236,-1.35964,1909.17,119.45,-6.06441,9.80334,-40.5702,3700,-0.00702,-6.06441,0.001764,78.8128,980.698,-0.458676,0.927055,1.71553,-17.9859,1.01917,21.4702
83.2252,83.798,-4.12114,1904.62,117.837,-6.06441,11.2781,-40.5702,3699,-0.00273001,-6.06441,0.002352,77.0229,980,-1.78213,-0.344896,4.16254,-19.337,0.943714,23.0402
85.987,79.3791,-4.15657,1892.62,118.41,-6.06441,11.5685,-40.5907,3700,0.00117,-6.06441,0.000588,76.8685,980.704,-2.32528,-1.68557,2.9752,-19.8297,0.942749,24.0563
90.5491,85.9665,-4.66069,1884.49,114.674,-6.06441,11.2172,-40.5702,3700,-0.00312001,-6.06441,-0.000979977,77.8353,979.4,-2.7116,1.22134,2.38886,-19.6829,0.895511,22.164
81.5885,84.9845,0.0341218,1870.84,117.376,-6.06441,12.1677,-40.5702,3700,-0.00273001,-6.06441,0.00392,78.5482,980.812,-2.28252,0.583206,3.2859,-20.3253,1.00256,24.2327
82.3864,80.4224,0.0998834,1859.89,120.933,-6.06441,11.9733,-40.5702,3700,-0.00818998,-6.06441,0.002548,79.2222,983.025,-2.06086,-1.18906,2.19974,-20.4067,1.18075,25.953
84.8209,85.1891,-3.82299,1850.3,119.525,-6.06441,10.6492,-40.5702,3700,-0.000779989,-6.06441,0.000196,75.5117,982.444,-3.51526,-0.0419238,1.06402,-19.3199,0.940729,22.871
83.798,83.532,-4.80605,1835.46,120.442,-6.06441,10.1944,-40.5702,3700,0.00117,-6.06441,0.000392,73.6113,983.65,-4.77071,0.0373779,2.53359,-19.0234,0.992211,21.4317
84.7186,80.9339,-7.01883,1829.35,123.387,-6.06441,9.15669,-40.5907,3700,-0.00116998,-6.06441,-0.00117599,72.6495,985.128,-5.49608,-0.256966,1.59284,-18.138,0.896058,21.8035
83.7571,82.7137,-6.3252,1817.55,122.758,-6.06441,8.37185,-40.5907,3700,0.00312,-6.06441,0.000196,69.2421,985.013,-5.46613,-0.159097,1.99722,-17.4954,0.994471,20.3501
84.8004,82.1409,-5.75145,1806.18,120.784,-6.06441,8.43044,-40.5702,3700,0.00273,-6.06441,0.000392,65.7459,984.806,-5.05268,-0.311636,2.81903,-17.5619,0.908558,19.7155
83.6139,82.4273,-6.20631,1791.69,121.383,-6.06441,8.71831,-40.5702,3700,-0.00624001,-6.06441,0.001568,64.2035,985.439,-4.73804,0.134078,2.8515,-17.9273,1.0556,20.7097
84.7391,83.041,-4.36602,1779.72,118.562,-6.06441,8.53002,-40.5702,3700,-0.00663001,-6.06441,0.00294,64.2286,984.518,-3.60525,0.682052,2.56141,-17.6488,0.740177,19.4778
84.0844,84.3299,-3.60413,1767.69,115.689,-6.06441,8.23876,-40.5702,3699,-0.01287,-6.06441,0.00392,64.96,983.961,-2.48646,1.26326,2.42046,-17.2526,0.348062,16.9463
83.8389,81.8545,0.95901,1758.85,115.499,-6.06441,7.993,-40.5907,3700,-0.01326,-6.06441,0.001176,70.0368,984.52,-0.525448,0.21476,2.46947,-16.8096,-0.347577,16.8912
89.0761,86.478,3.18834,1748.18,112.671,-6.06441,7.60021,-40.5907,3699,-0.0117,-6.06441,0.001764,74.4676,983.515,1.26104,1.32154,2.24274,-16.3754,-0.472361,15.2168
86.4371,84.9845,4.34732,1743.01,113.572,-6.06441,7.95902,-40.5907,3700,-0.01755,-6.06441,0.004312,79.301,984.824,1.62036,0.986327,2.86199,-16.4036,-0.571567,15.9931
84.289,80.1565,4.75405,1731.32,118.006,-6.06441,7.67655,-40.5702,3700,-0.00818998,-6.06441,0.000392,79.5442,986.152,1.72737,-0.438591,2.42248,-16.1336,-0.0635547,17.6581
82.3046,81.2612,-1.90189,1717.94,116.256,-6.06441,7.24552,-40.5702,3700,-0.00624001,-6.06441,-0.000195997,78.195,985.78,-0.578615,-0.22003,2.75142,-15.9213,-0.195058,16.7124
85.2096,82.8569,-4.5781,1719.69,115.596,-6.06441,6.21034,-40.5702,3700,-0.00428999,-6.06441,0.001176,76.4981,985.671,-2.71432,0.204859,1.50729,-15.0377,-0.381147,14.4633
87.2349,84.9845,-5.11263,1708.65,114.228,-6.06441,5.53489,-40.5702,3700,-0.00116998,-6.06441,0.002548,76.6418,985.512,-3.54915,0.855317,2.39553,-14.3521,0.310216,12.4523
85.5778,86.4166,-3.07709,1700.41,114.505,-6.06441,5.67726,-40.5907,3700,-0.00195003,-6.06441,0.003136,76.4421,985.96,-3.60249,1.17785,2.72361,-14.3584,0.603401,12.1857
86.1711,85.1687,-3.55795,1683.49,114.435,-6.06441,6.23401,-40.5702,3699,-0.00779999,-6.06441,0.001176,77.076,987.007,-2.93235,0.722973,3.32579,-14.6915,0.117368,13.0654
86.1916,84.514,-3.56009,1661.76,118.19,-6.06441,7.16571,-40.5702,3700,-8.90798e-16,-6.06441,0.003724,76.3816,989.054,-2.01744,1.4035,2.15671,-15.4326,-0.0431566,16.3873
86.9281,84.6777,-3.79975,1658.99,118.354,-6.06441,9.70238,-40.5702,3700,-0.0117,-6.06441,0.002548,80.213,989.001,-1.47018,2.21953,4.12029,-17.5263,1.44579,20.9389
86.6212,85.0664,-1.6084,1642.02,119.137,-6.06441,11.7111,-40.5702,3700,-0.01677,-6.06441,-0.000195997,81.7332,989.913,-0.305433,0.935235,4.44819,-19.2341,-0.243585,24.4952
78.3766,80.5452,-1.47558,1630.23,119.654,-6.06441,11.5105,-40.5702,3700,-0.01872,-6.06441,-0.000391977,77.2619,990.472,0.0464377,-1.94773,1.31824,-19.1053,-0.198109,24.8853
87.2554,82.5091,-0.552347,1620.03,117.921,-6.06441,10.6522,-40.5702,3700,-0.02379,-6.06441,-0.00215598,83.3641,990.204,0.266828,-0.194589,0.0607106,-18.7618,0.726072,22.5065
85.4755,88.3806,-0.893235,1608.13,117.883,-6.06441,11.285,-40.5498,3700,-0.02301,-6.06441,-0.00352799,83.7489,990.62,0.108491,0.389272,3.38613,-19.3197,0.611458,23.3863
82.3455,81.1794,-2.26427,1597.41,119.558,-6.06441,11.477,-40.5702,3700,-0.02613,-6.06441,-0.000587987,81.4797,991.569,-1.07783,-1.44896,2.00077,-19.742,0.608636,24.1344
86.2939,81.5885,-3.91204,1588.37,118.819,-6.06441,10.9306,-40.5498,3700,-0.01833,-6.06441,-0.00274398,80.537,991.473,-1.18764,0.0615136,1.07058,-19.5832,0.585391,23.1681
85.5778,85.9256,-1.95088,1579.96,116.654,-6.06441,11.1745,-40.5702,3699,-0.01911,-6.06441,-0.00293999,80.4092,991.155,-1.09658,1.01992,2.94743,-19.8137,0.801129,22.7294
86.6621,84.4117,-2.41797,1569.56,117.529,-6.06441,10.9756,-40.5702,3700,-0.01989,-6.06441,-0.00352799,80.4703,991.971,-1.4229,-1.03854,2.00889,-19.6708,0.0371445,22.1732
85.8233,84.3094,-1.55318,1563.57,119.605,-6.06441,9.93814,-40.5702,3699,-0.01677,-6.06441,-0.00333198,80.3915,992.645,-1.34384,-1.42292,0.510292,-19.0521,1.06397,20.6306
80.9748,78.213,-2.36273,1552.38,119.195,-6.06441,9.67686,-40.5702,3700,-0.0156,-6.06441,0.000196,81.5595,992.62,-1.50854,-2.07561,1.86062,-19.196,1.00794,19.986
86.3552,82.8774,-1.87753,1541.4,118.546,-6.06441,9.50447,-40.5702,3700,-0.01404,-6.06441,-0.002548,82.8796,993.424,-2.03182,-0.5969,3.31436,-19.6011,1.00706,19.3328
79.645,82.325,-2.25473,1535,121.647,-6.06441,8.12997,-40.5702,3699,-0.01365,-6.06441,0.001372,82.1028,994.684,-3.17792,-3.10901,1.43738,-18.5894,1.03995,17.4187
82.2432,75.0829,-6.71473,1526.32,126.722,-6.06441,5.36566,-40.5702,3700,-0.00546003,-6.06441,1.1528e-16,80.0815,996.82,-4.61978,-1.90033,-0.183634,-16.8662,0.984011,14.0202
86.8258,85.3119,-8.9789,1512.64,128.971,-6.06441,4.74744,-40.5702,3700,-0.00624001,-6.06441,0.003724,79.1079,998.211,-4.94126,5.07044,2.0995,-16.0948,0.940271,15.062
87.7055,93.1268,-10.0048,1513.77,131.245,-6.06441,8.06259,-40.5702,3700,0.00195,-6.06441,0.00392,79.2095,999.429,-4.392,7.05992,4.6848,-18.2503,0.917818,20.8854
85.3732,83.5525,-8.5154,1500.92,132.704,-6.06441,10.707,-40.5702,3700,0.00624,-6.06441,0.004508,77.9436,1000.53,-4.08729,3.41992,4.50999,-19.8251,1.01797,27.1645
82.9592,81.3839,-9.3415,1493.22,131.243,-6.06441,10.3683,-40.5702,3700,0.00117,-6.06441,0.005488,76.4676,1000.16,-4.97018,0.105427,1.19352,-19.339,0.960148,25.2452
84.8413,82.4682,-7.64747,1482.6,133.04,-6.06441,9.34845,-40.5907,3699,0.00663,-6.06441,0.00686,77.6344,1000.91,-4.93448,1.90328,0.751917,-18.4431,1.03696,24.71
94.1702,83.6139,-8.72416,1472.85,129.927,-6.06441,9.61909,-40.5702,3700,0.00663,-6.06441,0.005488,77.8377,1000.16,-4.97447,4.58869,3.0977,-18.2692,0.957969,23.9211
88.1965,86.0279,-10.2893,1462.65,129.269,-6.06441,10.4749,-40.5702,3699,0.00117,-6.06441,0.00588,77.7752,1000.28,-5.85022,2.93602,3.29202,-18.3212,0.870931,24.8351
83.1433,83.6752,-8.39192,1447.68,128.297,-6.06441,10.447,-40.5702,3700,-0.000389995,-6.06441,0.00686,77.7099,1000.33,-5.69979,-1.32702,2.37882,-18.1965,0.962435,24.2623
82.8774,79.2972,-9.12848,1434.26,128.274,-6.06441,9.4325,-40.5702,3700,-0.00389999,-6.06441,0.004312,77.6072,1001.14,-5.52149,-2.5768,0.0125298,-17.6889,0.948799,22.3669
84.3708,82.3659,-7.85409,1416.17,129.313,-6.06441,9.58586,-40.5702,3700,-0.00936002,-6.06441,0.005488,77.6398,1002.17,-4.99758,-0.0640519,3.31943,-18.2439,0.972517,23.1827
80.1974,81.3635,-6.49175,1399.78,129.947,-6.06441,9.70434,-40.5702,3700,-0.01716,-6.06441,0.005292,77.6902,1002.95,-4.16078,-0.276234,3.26481,-18.33,1.08076,24.2978
86.3348,82.2841,-5.97402,1388.17,130.227,-6.06441,9.08223,-40.5702,3699,-0.02145,-6.06441,0.006664,77.6644,1003.43,-2.85552,2.47437,1.39393,-17.8609,1.07585,23.6373
86.9076,93.3928,-5.72569,1377.15,128.921,-6.06441,9.91327,-40.5702,3699,-0.02028,-6.06441,0.003332,77.615,1002.81,-2.55438,2.51391,4.14142,-17.8871,1.04225,24.4244
85.5165,84.0026,-7.02124,1366.72,126.4,-6.06441,10.1197,-40.5702,3700,-0.02106,-6.06441,0.002744,77.7592,1002.62,-2.98364,-1.47586,2.03922,-17.9236,0.993832,23.937
84.7391,83.8594,-9.58525,1356.29,124.184,-6.06441,9.5949,-40.5702,3700,-0.02652,-6.06441,0.002156,77.6454,1002.07,-4.39485,-2.94158,1.63716,-17.7324,0.850772,21.7497
81.343,78.9085,-7.52848,1343.57,123.716,-6.06441,9.45539,-40.5702,3700,-0.02964,-6.06441,0.005684,77.6375,1002.24,-3.27804,-3.47044,1.93597,-18.2263,0.943524,20.6682
85.4142,82.6114,-3.14237,1330.96,122.784,-6.06441,9.69636,-40.5907,3700,-0.03315,-6.06441,0.004508,77.8669,1002.24,-1.34308,-0.801725,2.98011,-18.8704,1.07873,21.6811
82.2841,83.7366,-1.83335,1317.09,121.908,-6.06441,10.2216,-40.5702,3700,-0.03354,-6.06441,0.008232,80.8684,1002.06,-1.59025,-0.576064,4.19749,-19.5022,1.06187,21.7671
84.3299,79.8496,-3.85644,1307.38,121.705,-6.06441,9.56061,-40.5907,3700,-0.03627,-6.06441,0.007644,79.5161,1002.91,-1.46836,0.0315535,1.48125,-19.0655,1.0207,20.8564
84.7391,83.4502,-3.06836,1296.07,121.266,-6.06441,9.13899,-40.5702,3700,-0.03003,-6.06441,0.006468,78.932,1003.44,-1.07136,2.35474,2.27551,-18.6152,1.03899,19.6364
87.0713,83.2865,-6.11191,1284.81,124.048,-6.06441,9.49733,-40.5702,3700,-0.03432,-6.06441,0.008232,80.2935,1004.62,-1.57308,3.03465,2.94433,-18.4522,0.980058,21.6942
83.4707,82.5705,-5.17601,1278.36,124.197,-6.06441,10.4101,-40.5702,3700,-0.0273,-6.06441,0.006468,81.1876,1004.41,-1.64241,3.06641,3.75493,-18.9407,0.973503,23.0583
83.2252,81.7931,-3.00865,1270.03,121.576,-6.06441,10.6644,-40.5702,3700,-0.02886,-6.06441,0.005684,81.9514,1003.7,-1.03645,2.26482,3.47778,-18.7877,1.06161,22.2626
87.4395,81.6499,-4.55249,1261.43,121.751,-6.06441,10.2854,-40.5907,3699,-0.02145,-6.06441,0.002744,81.9035,1004.11,-1.25824,2.64812,1.91973,-18.2635,0.965355,21.0031
83.6343,78.2539,-5.44998,1253.73,121.03,-6.06441,10.0654,-40.5702,3700,-0.01443,-6.06441,0.005096,82.0622,1004.2,-1.48838,1.22419,3.04711,-17.693,0.955547,20.8224
86.6416,82.5705,-5.32356,1247.18,119.585,-6.06441,9.82698,-40.5907,3699,-0.01209,-6.06441,0.001372,81.9005,1004.18,-1.02983,0.706935,1.30025,-17.5106,0.925361,19.8706
85.3119,85.9665,-2.59236,1234.56,123.444,-6.06441,10.4531,-40.5702,3700,-0.00975001,-6.06441,0.002352,83.4846,1006.09,-0.781265,1.3018,3.84695,-17.9204,1.06185,21.9995
84.8823,80.9339,-4.71048,1223.4,123.891,-6.06441,10.6499,-40.5498,3700,-0.01521,-6.06441,0.003332,84.6212,1006.44,-1.41121,-0.155506,3.13512,-18.2187,1.01421,22.6977
84.8618,83.3684,-4.68443,1214.13,123.891,-6.06441,10.3775,-40.5702,3700,-0.00428999,-6.06441,0.002744,83.6429,1006.67,-1.83785,1.09391,2.0553,-18.0482,1.00287,21.8204
79.9723,93.1064,-5.45874,1201.71,125.926,-6.06441,11.0334,-40.5702,3700,-0.000389995,-6.06441,0.000196,81.9868,1007.94,-2.38028,-0.39396,4.35457,-18.6703,1.00112,23.4199
81.0566,77.6197,-7.35167,1194.57,124.75,-6.06441,9.71468,-40.5702,3700,0.00039,-6.06441,4.50639e-16,81.1473,1008.06,-3.39419,-2.01469,0.819806,-17.7313,0.943071,20.9851
86.6007,84.6163,-8.85862,1183.91,125.332,-6.06441,9.1997,-40.5702,3700,-0.00428999,-6.06441,-0.00391998,79.945,1008.36,-4.91226,1.07272,1.9141,-17.6158,0.861971,19.4242
87.0303,89.7513,-6.86682,1166.55,125.358,-6.06441,9.8753,-40.5702,3700,-0.00624001,-6.06441,-0.000391977,79.8022,1009.31,-4.42575,0.934298,4.31925,-17.9822,0.959195,20.76
83.7162,77.5992,-3.54121,1154.17,127.778,-6.06441,9.38635,-40.5702,3700,-0.01638,-6.06441,0.000784,79.7633,1010.66,-3.13871,-0.813431,2.44574,-17.7553,1.11051,20.1971
92.6563,86.9485,-6.71711,1139.26,127.659,-6.06441,7.69265,-40.5702,3701,-0.01521,-6.06441,-0.00568398,79.8784,1011.03,-3.76309,-0.620518,0.342993,-16.2474,1.00701,16.5567
78.929,82.5091,-8.52383,1127.39,130.397,-6.06441,8.09866,-40.5702,3700,-0.01755,-6.06441,-0.00509598,79.8822,1012.61,-4.3512,-1.16789,1.96161,-16.8636,0.953086,17.9857
85.5574,84.5345,-5.19742,1118.38,131.49,-6.06441,9.46705,-40.5702,3700,-0.01989,-6.06441,-0.00803598,79.7543,1013.34,-3.47339,0.388816,5.11355,-18.3487,1.12889,22.0074
79.7064,82.6933,-9.44238,1110.56,129.19,-6.06441,10.0341,-40.5702,3700,-0.00936002,-6.06441,-0.00685997,78.8952,1012.86,-4.84535,0.509884,3.16997,-18.8196,0.91392,21.9839
81.609,82.2023,-9.2425,1098.22,129.086,-6.06441,10.0863,-40.5498,3700,-0.01209,-6.06441,-0.00509598,78.6919,1013.16,-4.57523,-0.141427,2.86917,-18.9396,0.955776,22.1263
86.3552,84.4322,-6.98036,1076.5,127.933,-6.06441,9.51321,-40.5907,3700,-0.01482,-6.06441,-0.00568398,78.6897,1013.74,-3.8834,1.60338,2.37159,-18.5571,1.0033,20.6417
79.0722,84.9436,-9.69049,1073.87,130.903,-6.06441,7.89742,-40.5702,3700,-0.01989,-6.06441,-0.00842799,78.5583,1014.72,-5.21303,-0.508555,1.7771,-16.902,0.966847,17.4348
86.9894,84.5345,-8.35927,1057.48,131.549,-6.06441,5.36767,-40.5702,3700,-0.02496,-6.06441,-0.00470399,77.6893,1015.73,-4.76129,0.776147,0.203493,-14.8075,0.974776,12.8456
91.3675,92.1449,-6.92967,1044.25,134.489,-6.06441,5.46255,-40.5702,3700,-0.01677,-6.06441,-0.00470399,77.6727,1017.49,-3.32457,3.28633,2.99864,-14.457,1.12036,14.2661
82.0181,87.951,-9.56875,1042.2,131.72,-6.06441,7.79612,-40.5498,3700,-0.01872,-6.06441,0.00098,77.4657,1016.46,-3.90165,0.736325,4.45544,-16.1984,0.930284,18.1929
82.9592,81.609,-8.14244,1030.16,133.835,-6.06441,8.16612,-40.5702,3700,-0.01287,-6.06441,-0.002548,76.7879,1017.84,-4.03525,-2.57198,3.33088,-16.6666,1.04878,19.5744
85.1482,81.9363,-10.3633,1019.4,132.658,-6.06441,8.22687,-40.5702,3701,0.00663,-6.06441,-0.004312,76.9582,1017.66,-4.62371,-0.36262,0.996414,-17.1416,0.94562,20.0015
80.361,82.2432,-8.86606,1006.99,128.005,-6.06441,9.59087,-40.5702,3700,-0.00273001,-6.06441,-0.000391977,76.799,1015.98,-4.38307,1.05092,5.32229,-18.3977,0.948474,21.4475
82.5296,83.1433,-7.04869,999.739,126.321,-6.06441,8.96347,-40.5702,3700,-0.01092,-6.06441,0.000588,76.8464,1015.98,-3.89985,-0.214173,1.62738,-17.8482,0.970341,19.1667
85.5778,82.9183,-7.72167,986.796,128.442,-6.06441,8.4221,-40.5907,3700,-0.01989,-6.06441,-0.004312,76.7577,1016.42,-3.96334,-0.0738793,1.78475,-17.3466,0.977928,18.4888
81.118,81.2203,-5.50733,965.287,124.701,-6.06441,9.02142,-40.5702,3700,-0.03237,-6.06441,-0.00470399,76.8228,1016.28,-4.00579,-0.163415,3.54596,-18.103,0.996915,19.1145
85.3119,79.0926,-5.50919,956.569,127.317,-6.06441,7.85999,-40.5702,3700,-0.03042,-6.06441,0.00196,76.8404,1017.48,-4.0565,0.157329,3.02079,-17.2344,1.06043,16.9735
81.9363,81.9772,-11.019,950.498,129.845,-6.06441,5.41211,-40.5702,3700,-0.03861,-6.06441,-0.000587987,76.2459,1019.07,-5.86605,2.57099,-0.792284,-14.8493,0.849429,13.0857
89.4444,90.6923,-6.63728,934.564,127.516,-6.06441,5.76757,-40.5702,3700,-0.06513,-6.06441,0.001176,76.6706,1018.19,-3.7973,3.23765,3.13975,-14.6983,1.03848,13.4668
89.7922,80.2997,-4.07878,920.659,123.02,-6.06441,7.0468,-40.5702,3700,-0.08619,-6.06441,0.001372,77.6693,1017.21,-2.75945,2.90014,4.13218,-15.4726,1.03561,14.5608
80.8929,90.8969,-5.02043,905.071,129.631,-6.06441,6.56204,-40.5907,3700,-0.12246,-6.06441,0.001176,74.2889,1020.61,-3.06171,-0.836033,3.70161,-14.6139,1.08111,14.9257
89.6285,84.1867,-8.73344,887.137,130.816,-6.06441,4.69435,-40.5702,3700,-0.11934,-6.06441,-0.002548,70.8088,1022.04,-3.74247,-1.75172,-0.674007,-13.1761,1.00893,14.4962
83.1843,85.4755,-7.66992,885.894,123.908,-6.06441,5.84321,-40.5702,3700,-0.16029,-6.06441,-0.001372,68.2305,1018.91,-3.32985,-0.120251,3.79722,-14.2474,0.944358,13.2429
86.1302,84.7391,-2.62116,874.551,122.889,-6.06441,7.80088,-40.5702,3700,-0.29328,-6.06441,0.00098,65.1022,1019.14,-0.996721,-2.19745,4.80583,-16.2749,1.14754,16.5624
85.721,75.9216,-5.75748,866.199,121.5,-6.06441,7.2065,-40.5702,3700,-0.21255,-6.06441,0.000392,63.1219,1018.28,-1.68811,-2.49303,-3.3623,-15.999,0.9869,15.9849
84.7595,84.1458,-3.40489,859.274,121.131,-6.06441,4.64411,-40.5702,3699,-0.00155997,-6.06441,-0.000195997,61.4383,1019.33,-0.0747173,-1.72983,-29.2271,-13.8272,1.10258,11.9886
91.9812,89.383,-5.31273,850.048,118.943,-6.06441,4.12376,-40.5702,3700,-0.55185,-6.06441,0.001764,60.9563,1017.67,-0.600892,0.990705,-1.55114,-13.2981,0.979729,12.0019
90.6514,84.3299,-3.55472,859.275,111.316,-6.06441,6.4597,-40.5702,3700,0.11622,-6.06441,-0.00176399,60.3607,1014.97,-0.0217525,-0.0410437,-5.36554,-15.1769,0.953166,12.9661
77.5174,75.4102,-0.533401,855.821,111.678,-6.06441,7.22469,-40.5702,3700,0.30888,-6.06441,0.000784,60.3019,1014.53,1.24677,-1.66161,-5.92804,-15.8413,1.03618,14.2686
99.7757,97.8117,-0.318684,851.037,114.15,-6.06441,5.14192,-40.5702,3700,0.33306,-6.06441,-0.000391977,60.1476,1015.64,2.16774,-2.284,15.6551,-13.7777,1.04872,12.5978
94.3748,74.7351,-1.48654,838.643,112.363,-6.06441,2.52116,-40.5907,3700,-0.00585002,-6.06441,0.001568,60.1714,1016.23,1.59627,-2.10113,-23.3871,-11.3235,1.00359,10.8009
