86.2325,83.1024,-3.13513,2219.87,141.421,-125.067,7.80128,-3.58217,2977,-0.27495,54.9312,0.024696,70.9967,963.223,-1.73432,0.789561,-1.46897,24.5575,0.948945,19.8793
85.9256,82.6728,-2.5993,2206.33,140.829,-125.067,7.83408,-3.4185,2978,-0.25467,54.9312,0.019404,70.9865,963.314,-1.59179,0.549962,-1.60377,24.5837,0.987976,20.0756
85.9665,82.6523,-2.23668,2192.23,140.355,-125.067,8.05431,-3.37759,2978,-0.19227,54.9312,0.017836,70.9936,963.637,-1.43506,0.543983,-1.23745,24.5163,0.980417,20.922
84.8209,82.6933,-2.01123,2178.22,140.014,-125.067,8.21423,-3.52079,2977,-0.16146,54.9312,0.01568,71.0224,963.967,-1.34105,0.366454,-1.17674,24.3977,1.00766,20.9101
84.6777,80.9952,-2.18401,2163.6,139.739,-125.067,8.19498,-3.50034,2977,-0.13572,54.9312,0.014896,71.0121,964.353,-1.4574,0.553073,-1.56155,24.5145,0.978767,20.9224
86.0893,81.8749,-2.10569,2149.3,139.275,-125.067,8.21427,-3.37759,2977,-0.19344,54.9312,0.014308,71.044,964.634,-1.63318,1.51819,-1.12346,24.565,0.981462,20.9161
87.2554,83.9207,-2.27766,2134.33,139.057,-125.067,8.31351,-3.37759,2977,-0.22191,54.9312,0.013916,71.0063,965.035,-1.68633,1.696,-1.03021,24.7728,0.964936,20.918
87.1531,83.9003,-2.03837,2119.88,138.61,-125.067,8.19068,-3.43896,2978,-0.20124,54.9312,0.009996,71.0824,965.331,-1.74792,0.930803,-1.59694,25.0544,0.98263,20.9192
85.2914,82.5705,-2.2209,2103.66,138.516,-125.067,8.11585,-3.25484,2977,-0.17121,54.9312,0.010388,71.003,965.817,-1.88218,0.0972775,-1.79574,25.2567,0.959659,20.9159
85.987,82.1,-1.96808,2087.8,138.394,-125.067,8.12064,-2.98889,2977,-0.1599,54.9312,0.009212,71.1023,966.333,-1.88897,0.177678,-1.4215,25.2073,0.983229,20.9206
86.3348,83.0206,-1.56634,2072.07,138.312,-125.067,8.23966,-2.98889,2977,-0.17472,54.9312,0.009212,70.9882,966.817,-1.64341,0.330627,-1.27055,25.1888,0.983171,20.9152
86.3962,83.041,-1.19386,2056.24,138.113,-125.067,8.29097,-3.0298,2978,-0.16848,54.9312,0.008036,71.1437,967.292,-1.44422,0.155184,-1.2989,25.1334,1.01184,20.9205
84.3504,82.55,-1.18704,2039.95,137.961,-125.067,8.35646,-3.09117,2978,-0.19383,54.9312,0.008232,70.9423,967.772,-1.3956,-0.204727,-1.47656,25.156,0.990319,20.9161
85.9052,81.7726,-1.38159,2023.99,137.625,-125.067,8.29054,-3.11163,2978,-0.21801,54.9312,0.006076,71.2358,968.208,-1.45443,0.130592,-1.41801,25.12,1.00223,20.9184
86.0484,82.7751,-1.26833,2008.32,137.479,-125.067,8.32684,-3.0298,2977,-0.24102,54.9312,0.007252,70.9324,968.631,-1.5048,0.644895,-1.352,25.2046,0.971256,20.9202
86.212,82.9592,-1.52211,1993.11,137.232,-125.067,8.34735,-3.13209,2977,-0.18915,54.9312,0.00882,75.8779,969.089,-1.5171,0.6983,-1.3794,25.227,0.989473,20.9106
85.5574,82.591,-1.11618,1976.84,137.495,-125.067,8.4694,-3.13209,2977,-0.15015,54.9312,0.00882,79.3473,969.725,-1.41631,0.571348,-1.15688,25.2222,0.977049,20.9365
84.1458,80.6679,-0.945802,1961.48,137.503,-125.067,8.4466,-3.25484,2978,-0.11193,54.9312,0.008428,78.6179,970.321,-1.3234,0.646285,-1.56921,25.2399,1.01058,20.8666
86.2939,82.591,-1.09275,1944.24,137.802,-125.067,8.52609,-3.2753,2978,-0.11115,54.9312,0.007252,78.8962,971.027,-1.39203,1.59642,-1.15786,25.308,0.976642,21.2491
86.6212,83.3479,-1.29629,1928.89,137.9,-125.067,8.71063,-3.33667,2978,-0.13416,54.9312,0.010976,78.5424,971.652,-1.453,1.82882,-0.731387,25.3052,1.00309,22.0645
86.5189,83.3274,-1.5355,1911.73,138.238,-125.067,8.61304,-3.47988,2977,-0.13338,54.9312,0.00686,78.732,972.373,-1.55764,1.38394,-1.80301,25.6754,0.972642,21.6749
86.212,82.9387,-1.65962,1895.07,138.269,-125.067,8.52782,-3.76629,3009,-0.15171,54.9312,0.008624,78.5353,972.856,-1.75383,1.18927,-1.57792,25.8402,0.997612,21.0919
86.2529,82.9387,-2.70253,1876.3,138.875,-125.067,8.7046,-4.0527,3117,-0.14586,54.9312,0.006468,78.6678,973.798,-2.2021,0.94519,-1.28316,25.8579,0.993054,21.9146
86.3757,82.9797,-3.75677,1860.12,138.343,-125.067,8.69668,-4.66644,3226,-0.13221,54.9312,0.00196,78.4952,974.102,-2.60292,0.518465,-1.50799,25.9045,1.03659,21.9018
83.4707,82.9183,-5.18494,1844.37,138.305,-125.067,8.68904,-4.62553,3335,-0.14703,54.9312,0.006272,78.6607,974.639,-3.12294,-0.024434,-1.68479,26.0231,1.00862,21.9243
85.2096,81.1384,-6.31975,1831.13,137.662,-125.067,8.61247,-5.50522,3443,-0.14079,54.9312,0.004704,78.5137,974.87,-3.48489,0.0917204,-1.51557,26.0256,1.03639,21.0598
85.9665,82.5296,-7.46485,1817.94,137.151,-125.067,8.69989,-5.50522,3552,-0.13767,54.9312,0.006468,78.6573,975.051,-3.8782,0.668669,-1.43028,26.052,1.00652,20.9018
86.6212,83.2047,-9.17567,1807.6,135.779,-125.067,8.80009,-5.19835,3614,-0.13689,54.9312,0.00686,78.5206,974.852,-4.62045,0.706212,-1.4765,26.0633,0.977185,20.8734
86.9281,83.6548,-9.01084,1795.74,135.663,-125.067,8.90969,-5.03469,3614,-0.1404,54.9312,0.009016,78.6613,975.139,-4.59579,0.368828,-1.61651,26.1243,0.950954,21.2754
85.721,81.7317,-8.40696,1784.04,134.256,-125.067,9.033,-4.85056,3614,-0.14196,54.9312,0.011172,78.5217,975.111,-4.1718,-0.0883742,-1.21022,25.9887,1.00535,21.9004
85.7006,82.2841,-7.17651,1771.8,133.252,-125.067,8.94576,-4.89148,3614,-0.18135,54.9312,0.014896,78.652,975.006,-3.76399,-0.52579,-1.73114,26.1214,0.989091,20.8218
85.6392,82.2841,-7.12099,1760.63,132.672,-125.067,8.7888,-4.91194,3614,-0.18798,54.9312,0.016072,78.5449,975.083,-3.72239,-0.893545,-1.68918,26.1549,1.02857,20.9079
85.5165,82.2841,-7.88123,1749.62,131.553,-125.067,8.76277,-4.54369,3614,-0.20397,54.9312,0.022344,78.6657,975,-3.95835,-0.790047,-1.6866,26.1238,0.941767,19.7534
86.1097,82.2841,-7.00227,1738.5,130.695,-125.067,8.87116,-3.99133,3614,-0.22386,54.9312,0.02156,78.5341,975.072,-3.74283,-0.163637,-1.14083,25.9108,0.999374,20.2872
86.6212,83.3888,-5.96228,1726.98,129.385,-125.067,8.92782,-4.07316,3614,-0.21957,54.9312,0.021364,78.6945,974.744,-3.05998,0.306546,-1.37224,25.9193,0.983602,20.0645
86.6007,83.2252,-5.80161,1715.92,129.677,-125.067,8.96876,-3.92995,3614,-0.21021,54.9312,0.023912,78.5259,975.177,-2.66373,0.0876262,-1.28122,25.9064,1.03123,20.6264
86.4371,81.5271,-5.45162,1706.39,128.971,-125.067,9.0151,-4.01179,3615,-0.18603,54.9312,0.021364,79.1897,975.322,-2.38557,-0.258066,-1.62451,25.9357,0.993491,20.7292
86.6621,83.2661,-5.18921,1696.01,129.39,-125.067,9.08426,-4.11407,3614,-0.16692,54.9312,0.019012,79.9652,975.835,-2.26157,-0.0724563,-1.25691,25.8143,1.05335,20.8544
85.0459,81.7726,-5.66812,1686.93,128.337,-125.067,9.2327,-4.4414,3614,-0.16302,54.9312,0.017836,80.1375,975.775,-2.309,-0.514955,-1.15961,25.7257,0.974485,20.9117
86.2325,82.0795,-5.86369,1679.1,128.002,-125.067,9.12397,-4.23682,3614,-0.15756,54.9312,0.01862,80.1596,975.942,-2.52165,-0.404161,-1.572,25.7032,1.00112,20.9766
86.2529,82.8774,-5.92901,1671.05,127.625,-125.067,9.08051,-3.86858,3614,-0.1638,54.9312,0.01862,80.214,975.942,-2.61665,-0.211559,-1.54112,25.7918,0.940593,20.3224
86.2734,82.9592,-5.25562,1661.91,127.608,-125.067,8.9946,-3.9095,3614,-0.18213,54.9312,0.018032,80.1468,976.25,-2.42533,-0.314793,-1.60196,25.8057,1.02399,19.7827
86.1916,82.8569,-5.20126,1652.93,127.191,-125.067,9.12503,-3.88904,3614,-0.18174,54.9312,0.018228,80.2064,976.521,-2.25739,-0.200821,-1.32987,25.7079,0.956578,20.5524
85.8642,82.816,-5.00267,1643.68,126.474,-125.067,9.32653,-3.88904,3615,-0.17511,54.9312,0.017248,80.1359,976.455,-2.14578,-0.262263,-1.06216,25.4555,1.02764,21.0191
85.9461,82.5705,-4.94163,1634.54,125.987,-125.067,9.35348,-3.88904,3614,-0.16614,54.9312,0.01862,80.22,976.648,-2.13024,-0.637417,-1.45484,25.4421,0.945972,20.8229
85.9665,82.3455,-4.71226,1626.53,124.351,-125.067,9.1845,-3.9095,3614,-0.1638,54.9312,0.018228,80.1068,976.149,-2.33565,-0.494024,-1.64681,25.4534,1.01587,20.2045
85.8233,82.5091,-4.64929,1616.14,123.683,-125.067,9.04709,-3.33667,3614,-0.17199,54.9312,0.01666,80.2533,976.366,-2.36424,-0.416261,-1.37308,25.5766,0.900046,19.5984
85.7415,82.4273,-4.48596,1605.5,125.028,-125.067,8.79505,-3.47988,3614,-0.18291,54.9312,0.014896,80.0577,977.141,-2.0913,-0.574334,-2.02272,25.7068,1.04928,19.3602
85.8847,82.4887,-3.80989,1595.47,124.892,-125.067,8.79287,-3.39804,3614,-0.1638,54.9312,0.01372,81.0657,977.4,-1.85074,-0.599848,-1.3674,25.6806,0.91295,19.1135
85.8438,82.5296,-3.41431,1585.53,124.575,-125.067,8.64229,-3.43896,3615,-0.17706,54.9312,0.0147,81.2302,977.708,-1.69861,-0.551325,-1.47359,25.6614,0.319346,18.8948
86.7644,83.1024,-3.70128,1576.01,124.179,-125.067,8.60717,-3.68446,3614,-0.21645,54.9312,0.01764,79.5998,977.756,-1.59273,-0.322224,-1.45679,25.6886,-0.314983,18.9073
87.8078,83.4502,-3.63868,1565.69,123.655,-125.067,8.67538,-3.37759,3614,-0.26871,54.9312,0.018424,79.4034,978.046,-1.63965,-0.24719,-1.03899,25.5225,0.177667,19.0001
87.5213,84.3094,-3.54585,1555.26,123.971,-125.067,8.54726,-3.60263,3614,-0.29289,54.9312,0.01862,79.5344,978.433,-1.64006,-1.02634,-1.54691,25.6392,-0.753985,18.549
86.2939,83.0001,-3.78387,1546.53,124.532,-125.067,8.17085,-3.29576,3614,-0.24531,54.9312,0.024892,79.5648,979.069,-1.68763,-1.90832,-2.01704,25.7217,-0.0784922,17.8621
86.3552,83.1229,-3.3866,1537.05,123.911,-125.067,8.17966,-3.09117,3615,-0.23322,54.9312,0.021756,79.6008,979.14,-1.48831,-2.06183,-1.4467,25.482,-0.093442,17.9406
84.1458,80.8929,-2.9508,1528.45,123.918,-125.067,8.26465,-3.45942,3615,-0.26559,54.9312,0.020188,79.6287,979.492,-1.14244,-2.37155,-0.934163,24.9908,-0.0138926,17.9743
85.2505,81.5271,-3.54965,1518.59,124.506,-125.067,7.90484,-3.64354,3615,-0.21489,54.9312,0.018424,79.6977,980.041,-1.26471,-1.85609,-2.14698,25.0483,-0.296718,17.5942
86.5598,83.041,-4.07468,1510.27,123.596,-125.067,8.05382,-4.46186,3615,-0.21918,54.9312,0.01666,79.6504,979.762,-1.54831,-0.880238,-1.29476,24.6567,0.214802,17.6589
81.6703,78.8881,-3.58057,1500.84,122.295,-125.067,8.70978,-3.84812,3615,-0.18681,54.9312,0.013916,79.7357,979.707,-2.00888,-0.434292,0.137656,23.939,0.132996,18.8784
86.5189,82.4682,-3.68342,1490.51,121.432,-125.067,8.47428,-2.98889,3615,-0.16185,54.9312,0.011172,79.6888,979.712,-2.40443,1.00852,-1.51387,24.0634,0.577911,18.0557
88.7693,85.1482,-3.56994,1479.81,122.397,-125.067,7.96081,-3.0298,3615,-0.16224,54.9312,0.00588,79.7869,980.517,-2.06718,1.8129,-1.89112,24.8076,1.18807,17.0799
86.0075,84.7391,-3.76609,1468.35,123.573,-125.067,7.80973,-2.94797,3615,-0.12675,54.9312,0.004704,79.6898,981.44,-1.91034,1.10997,-1.6756,25.1397,-0.111467,16.8766
84.5754,80.4224,-2.43819,1456.98,121.855,-125.067,7.82642,-2.55927,3616,-0.16653,54.9312,0.005096,79.8102,980.865,-1.37697,0.808166,-1.13227,25.241,0.970767,16.9981
87.7464,81.7931,-2.11667,1446.45,123.815,-125.067,7.57445,-3.05026,3615,-0.15327,54.9312,-0.00176399,79.7146,982.126,-0.675104,1.48009,-1.4747,25.5587,0.232492,16.626
87.8896,84.2071,-1.77345,1437.8,122.855,-125.067,7.27863,-3.70491,3615,-0.09633,54.9312,-0.002548,81.4247,982.312,-0.541296,1.84922,-1.90393,26.1694,0.229016,15.4998
89.5058,86.3552,-2.93053,1429.19,122.988,-125.067,7.21329,-3.84812,3615,-0.14664,54.9312,-0.00529199,82.253,982.612,-0.755803,1.92621,-1.37852,26.463,0.213696,15.7227
86.7439,84.8823,-3.51295,1419.06,123.193,-125.067,7.53251,-3.82766,3615,-0.17394,54.9312,-0.00999598,82.1714,983.004,-1.19223,0.411512,-1.03427,26.4455,0.221887,16.0169
84.9027,81.343,-2.70412,1410.64,123.206,-125.067,7.44832,-3.9095,3615,-0.18018,54.9312,-0.010976,82.0899,983.424,-1.08302,-0.748071,-1.5615,26.3896,0.391704,15.8889
85.0255,81.7317,-3.31389,1399.84,124.306,-125.067,7.30941,-3.99133,3615,-0.16692,54.9312,-0.010976,82.188,983.876,-1.47292,-1.00054,-1.55831,26.4244,0.820713,15.9026
84.6777,78.4994,-3.52562,1390.02,123.113,-125.067,6.76297,-3.95041,3615,-0.13689,54.9312,-0.014504,81.4181,984.002,-1.9514,-0.301586,-1.44183,26.6471,1.00984,14.5253
88.9125,85.5778,-4.43217,1380.97,123.474,-125.067,6.03639,-3.95041,3615,-0.15171,54.9312,-0.018228,80.1799,984.671,-2.4243,0.845571,-2.02972,27.4372,0.933653,13.0762
88.7488,85.3937,-4.66209,1370.11,123.694,-125.067,5.77398,-3.64354,3615,-0.17433,54.9312,-0.019012,80.2654,984.97,-2.70227,0.30069,-1.88398,27.7418,0.41255,12.6237
87.0508,83.7775,-4.54171,1358.38,124.009,-125.067,6.17564,-3.45942,3615,-0.12831,54.9312,-0.019796,80.1576,985.541,-2.70567,-0.321297,-0.885431,27.4444,0.960043,13.2767
81.7522,79.3791,-4.51944,1347.09,124.589,-125.067,6.72252,-3.68446,3615,-0.14079,54.9312,-0.021364,80.2331,986.138,-2.51196,-0.743564,-0.330635,26.7585,0.980172,14.5932
86.7235,83.2865,-4.34302,1332.91,124.584,-125.067,7.09202,-3.86858,3615,-0.17121,54.9312,-0.026852,80.207,986.641,-2.17568,0.422971,-0.768313,26.3894,0.963949,15.285
83.8594,79.0926,-3.9001,1318.47,126.129,-125.067,7.45712,-3.99133,3615,-0.18408,54.9312,-0.026264,80.2175,987.807,-2.22622,0.595687,-0.677255,26.0673,1.04269,16.6234
84.6572,81.343,-3.4148,1306.35,124.897,-125.067,7.24601,-3.92995,3615,-0.20709,54.9312,-0.02548,80.1029,987.467,-2.30298,0.565772,-1.18668,26.3469,0.5016,15.9135
86.9894,82.55,-5.02553,1294.12,125.577,-125.067,6.39616,-4.01179,3615,-0.13104,54.9312,-0.020972,80.1741,988.664,-2.52138,1.01011,-2.86703,27.1646,0.877915,14.0642
87.1531,83.3684,-4.64064,1280.96,127.851,-125.067,6.53569,-4.03225,3615,-0.12948,54.9312,-0.023128,80.0899,989.931,-2.77182,2.20529,-1.09226,27.2578,1.04949,14.5948
87.6441,84.1662,-5.41184,1268.98,126.396,-125.067,6.81463,-4.11407,3614,-0.22542,54.9312,-0.02352,80.1911,989.383,-2.72662,2.093,-0.724334,27.3063,0.921068,14.9821
85.5778,82.4068,-3.62942,1255.7,125.889,-125.067,6.84837,-4.58461,3615,-0.24219,54.9312,-0.01862,79.7889,989.724,-2.63236,0.536855,-0.871739,27.5084,1.04727,14.8808
86.3348,82.8365,-5.57749,1243.57,126.503,-125.067,6.1822,-4.09362,3615,-0.17004,54.9312,-0.01764,79.0766,990.398,-3.12823,-0.723632,-2.80375,28.0538,0.932983,13.5229
85.1891,81.7317,-6.37853,1228.85,126.538,-125.067,6.36228,-3.33667,3614,-0.21801,54.9312,-0.019404,78.9649,990.852,-3.38965,-0.704016,-1.18117,27.788,0.955551,13.9595
78.8267,80.9339,-3.7211,1218.46,124.645,-125.067,6.38114,-3.07072,3615,-0.21723,54.9312,-0.02058,78.9852,990.687,-2.35104,-1.21571,-0.752597,27.5148,0.992072,13.9678
87.8896,84.4526,-2.12732,1205.27,125.308,-125.067,5.95385,-3.43896,3614,-0.17862,54.9312,-0.023716,79.0037,991.111,-1.50747,0.722545,-2.61755,27.855,1.06478,12.9133
86.212,84.3299,-3.54197,1191.02,126.13,-125.067,6.69313,-3.4185,3614,-0.13884,54.9312,-0.022148,79.3803,992.262,-1.51066,1.13318,0.711451,27.3101,1.00697,14.6733
82.9592,80.6065,-3.81192,1180.95,126.993,-125.067,7.07328,-3.45942,3615,-0.17004,54.9312,-0.029204,79.6649,992.767,-1.483,0.649758,-1.71141,27.1343,1.04509,15.7341
85.4142,81.5067,-3.12556,1169.97,126.974,-125.067,7.52542,-3.58217,3614,-0.13104,54.9312,-0.02842,79.6507,993.32,-1.17753,2.01368,-0.316077,26.7785,1.03876,16.5939
87.1736,83.307,-3.62856,1158.99,126.024,-125.067,7.62721,-4.03225,3614,-0.1677,54.9312,-0.02548,79.6542,993.166,-1.05481,3.00157,-0.888282,27.0724,1.04146,16.9346
90.5287,86.9076,-3.72163,1156.49,125.419,-125.067,6.89115,-3.82766,3614,-0.23751,54.9312,-0.020776,79.642,993.073,-1.18969,3.30688,-2.03742,28.1778,0.978139,15.1896
88.1351,88.2987,-4.45608,1150.12,124.927,-125.067,6.13975,-4.35957,3614,-0.21138,54.9312,-0.018228,79.6625,993.187,-1.46381,1.67156,-3.18074,29.4128,0.987124,13.3003
86.0279,82.7137,-5.52203,1141.26,123.86,-125.067,5.96193,-3.76629,3615,-0.19578,54.9312,-0.024108,79.6445,992.878,-1.86563,0.24468,-1.62185,29.6196,0.923578,12.8304
86.0075,83.041,-4.93768,1133,123.847,-125.067,6.62828,-3.97087,3614,-0.17433,54.9312,-0.0245,79.659,993.293,-2.04659,0.182223,-0.634278,29.0737,0.945338,14.1687
87.9305,77.7424,-3.80699,1123.42,123.203,-125.067,7.49133,-3.25484,3614,-0.17277,54.9312,-0.01862,79.6397,993.415,-1.9327,0.758515,0.238498,28.2026,0.963206,15.9973
88.3397,85.0459,-3.53417,1109.12,123.021,-125.067,7.9008,-3.43896,3614,-0.17667,54.9312,-0.00862397,79.849,993.941,-1.83636,1.74011,-0.767542,28.06,0.992632,17.0346
85.1482,80.9952,-3.4231,1099.54,124.436,-125.067,7.60916,-3.25484,3614,-0.13845,54.9312,-0.010388,80.7173,994.776,-1.69793,0.0817598,-1.37038,28.4162,0.989712,16.4213
86.2529,82.4478,-3.55696,1090.33,123.398,-125.067,6.77586,-3.80721,3614,-0.09789,54.9312,-0.00176399,81.1796,994.463,-1.69932,-0.385487,-3.40568,29.1654,0.997468,14.8484
87.4395,83.6548,-3.73146,1078.35,124.276,-125.067,6.79009,-3.4185,3614,-0.13338,54.9312,-0.00156798,81.2219,995.477,-1.95024,-0.0597643,-0.629636,29.0221,0.969213,14.9737
87.2349,84.1049,-4.02656,1065.83,124.466,-125.067,7.02766,-3.33667,3614,-0.13299,54.9312,-1.74404e-16,81.2685,996.203,-2.03249,-0.29067,-1.60312,28.8486,1.00073,15.0658
83.9821,82.1204,-3.8258,1054.7,125.394,-125.067,7.06963,-3.58217,3614,-0.10764,54.9312,-0.00117599,81.2479,996.743,-1.7536,-1.22168,-0.529765,28.5817,1.00379,15.4325
85.9665,82.5705,-4.25657,1045.59,125.021,-125.067,6.4039,-3.62308,3614,-0.0975,54.9312,0.004116,81.2782,996.737,-1.53668,-0.868497,-3.1402,29.0562,0.994854,13.8643
87.5827,84.5958,-3.77347,1034.96,124.581,-125.067,6.52419,-3.664,3614,-0.16848,54.9312,0.008428,81.2557,997.237,-1.28967,-0.177685,-0.750856,28.783,0.98109,14.3957
86.8667,83.532,-3.57116,1024.55,124.353,-125.067,6.73629,-3.86858,3614,-0.14391,54.9312,0.002352,81.2913,997.316,-1.07653,-1.16661,-1.02217,28.612,1.02181,14.7151
82.8569,81.7317,-3.40186,1016.48,123.558,-125.067,6.1884,-3.80721,3614,-0.117,54.9312,0.003136,81.2743,997.303,-1.01846,-2.09034,-2.38423,28.7978,0.99232,13.4162
86.1916,82.8774,-3.22995,1005.28,124.875,-125.067,6.16086,-4.9324,3614,-0.16107,54.9312,0.011368,81.2856,998.299,-1.28296,-1.20372,-1.78176,28.6021,1.01348,13.2708
81.9772,78.6017,-4.39857,995.195,124.835,-125.067,6.53336,-4.19591,3615,-0.13455,54.9312,0.009604,81.2705,998.686,-2.19802,-1.10038,-0.00900194,28.0083,0.952018,14.0329
86.6007,82.1818,-6.35679,983.556,124.131,-125.067,6.64266,-3.37759,3614,-0.08268,54.9312,0.009604,81.2764,998.78,-2.96141,-0.0346942,-1.63539,27.8281,0.912139,14.4228
84.5549,83.2865,-4.40024,971.723,124.568,-125.067,6.85107,-3.76629,3614,-0.11856,54.9312,0.0098,81.2583,998.972,-2.55313,-0.354053,-0.181821,27.5433,0.963321,15.187
86.9076,83.0001,-3.5793,959.809,126.313,-125.067,6.21955,-3.99133,3615,-0.1443,54.9312,0.003136,81.2972,1000.76,-2.13292,-0.638093,-3.10156,28.0907,1.04421,13.612
87.46,84.0026,-5.74265,945.13,127.684,-125.067,5.97684,-3.97087,3614,-0.21762,54.9312,0.006664,81.2699,1001.7,-2.40204,-0.17228,-1.65291,28.1935,0.963029,12.9852
85.7619,82.6114,-5.71488,933.952,126.537,-125.067,6.58541,-4.19591,3614,-0.18018,54.9312,-0.002548,81.3285,1001.27,-2.34203,-0.235332,-1.18834,27.6582,0.971551,14.5811
86.2529,79.5632,-3.7146,921.21,125.82,-125.067,7.10234,-4.42094,3614,-0.13377,54.9312,-0.00215598,81.3312,1001.66,-2.07271,-0.575716,0.0480843,27.0271,0.999861,15.7559
83.7571,79.4404,-5.04475,908.168,125.957,-125.067,6.70637,-3.84812,3614,-0.12441,54.9312,0.009604,81.3825,1001.96,-2.47483,-0.325283,-2.60764,27.3446,0.976867,14.855
85.9461,82.3455,-4.31813,894.487,125.48,-125.067,6.49396,-4.13453,3614,-0.12051,54.9312,-0.00293999,81.371,1002.62,-2.63842,0.832792,-0.888,27.4425,0.969232,14.3248
86.9894,83.6139,-3.09988,879.846,124.588,-125.067,6.15643,-3.88904,3614,-0.11427,54.9312,0.006272,81.3893,1002.68,-2.64053,0.755854,-1.4404,27.8913,1.03743,13.7544
86.9076,83.6957,-5.69673,867.502,126.969,-125.067,4.9808,-3.86858,3614,-0.19032,54.9312,-0.016268,81.3925,1004.12,-3.0868,0.387966,-2.51867,28.9807,0.943737,11.2801
86.969,83.6957,-6.49978,855.317,127.133,-125.067,4.4836,-3.664,3615,-0.14157,54.9312,-0.00823198,81.4221,1004.4,-3.25258,0.0728011,-3.2028,29.5642,0.9448,9.89758
83.1229,80.136,-3.72809,841.901,126.546,-125.067,5.06372,-3.2753,3614,-0.16419,54.9312,-0.00764398,81.3652,1005.13,-2.41558,0.521247,0.459382,28.9058,1.01874,11.6921
88.2783,84.9027,-3.12494,825.866,128.959,-125.067,5.19234,-3.82766,3615,-0.10179,54.9312,-0.00235199,81.4335,1006.45,-1.70543,1.33295,-1.19969,28.9864,1.0938,11.8963
86.7439,83.3274,-5.17349,815.724,128.428,-125.067,5.25896,-4.35957,3614,-0.07644,54.9312,-0.00235199,80.9468,1006.32,-1.87955,1.42636,-1.25931,29.0831,0.996097,11.7908
86.8053,83.3888,-4.6265,802.608,127.12,-125.067,6.16226,-3.80721,3614,-0.19617,54.9312,-0.00156798,80.7998,1006.39,-2.0268,2.58948,-0.451749,28.4817,0.999307,13.6887
86.8462,83.3274,-4.80681,795.511,128.144,-125.067,5.90661,-4.2982,3614,-0.22152,54.9312,-0.00470399,80.7871,1006.91,-1.71867,1.63332,-0.229168,29.0173,1.0142,13.0525
87.2145,84.514,-5.56511,786.797,128.215,-125.067,4.60147,-4.74828,3614,-0.14469,54.9312,0.001176,80.809,1007.22,-2.16409,1.03857,-4.80411,30.4851,0.989134,10.2139
88.4624,83.7775,-5.07047,775.497,128.251,-125.067,4.75534,-4.60507,3615,-0.17901,54.9312,-0.0049,80.6747,1007.78,-2.36649,0.894474,0.060705,30.3926,0.987148,10.4792
84.9027,84.6368,-7.47221,765.631,127.617,-125.067,4.80735,-4.40049,3614,-0.18837,54.9312,-0.00627197,80.7716,1008.02,-2.86781,-0.232022,-2.2963,30.5301,0.926897,10.8356
85.6187,82.0181,-6.07368,756.168,125.907,-125.067,5.11007,-4.21637,3614,-0.17199,54.9312,-0.000391977,80.3356,1007.15,-2.86729,-0.664528,-0.533131,30.0736,0.941294,11.8295
88.892,83.798,-3.78009,741.552,127.254,-125.067,5.43457,-4.27774,3614,-0.16068,54.9312,0.010584,79.8549,1008.69,-2.8415,0.477065,-1.01503,29.7554,1.04368,12.069
88.7897,85.5983,-5.96392,729.961,128.148,-125.067,4.93152,-3.99133,3614,-0.08034,54.9312,0.00098,79.8836,1009.4,-3.32965,-0.180802,-0.814542,30.2299,0.954225,11.0769
88.4829,85.0459,-6.43886,717.527,128.216,-125.067,4.51998,-3.64354,3615,-0.13884,54.9312,-0.00117599,79.875,1009.9,-3.51078,-0.732233,-3.74577,30.6269,0.965869,10.0951
87.1122,85.0459,-5.17251,704.951,127.868,-125.067,4.44273,-3.76629,3614,-0.17823,54.9312,0.00882,79.8677,1010.03,-3.00294,-1.90465,0.574026,30.4624,0.998186,9.82937
87.194,81.5476,-4.65266,693.792,126.68,-125.067,3.68016,-3.80721,3614,-0.09867,54.9312,0.014504,79.8521,1009.94,-2.66076,-1.71636,-4.85466,30.9319,1.01371,8.90781
83.4297,84.514,-4.97452,680.826,127.099,-125.067,3.73641,-3.9095,3614,-0.12753,54.9312,0.011368,79.8127,1010.76,-2.72884,-0.856754,1.25876,30.6042,0.983393,9.05377
86.9485,83.5934,-6.04174,668.435,128.84,-125.067,4.02801,-3.13209,3614,-0.07371,54.9312,0.012152,79.7862,1011.9,-2.97547,-1.16109,-3.62832,30.2964,0.979,8.82954
81.1589,81.4453,-4.58039,658.094,128.553,-125.067,4.1025,-4.25728,3614,-0.06045,54.9312,0.006664,79.7971,1011.97,-2.30233,-1.64845,3.0354,29.9544,1.01684,9.40077
86.2529,82.059,-4.3447,645.111,129.047,-125.067,4.36876,-4.17545,3615,-0.0663,54.9312,0.001176,79.7905,1012.99,-2.20624,0.00451569,-14.7421,29.5253,1.05029,9.96923
83.6752,83.9412,-5.4703,634.481,127.345,-125.067,4.89785,-4.33912,3614,-0.11271,54.9312,-0.00391998,79.7898,1012.94,-2.54468,0.879451,-12.7673,29.0694,0.966551,10.9332
84.6981,80.7907,-5.79768,623.705,126.623,-125.067,5.27597,-4.11407,3614,-0.0624,54.9312,-0.011564,79.7981,1012.32,-2.54026,0.961019,3.23896,28.8272,0.98807,12.0396
85.8847,82.4887,-5.21895,614.47,127.012,-125.067,4.78951,-4.09362,3614,-0.10686,54.9312,-0.03822,79.7731,1013.08,-2.47737,0.955137,-3.74245,29.3197,0.96975,11.2911
86.6826,82.6114,-5.30048,604.014,129.508,-125.067,3.99161,-4.11407,3614,-0.03744,54.9312,-0.068992,79.8123,1014.59,-2.58337,0.742774,-2.29934,30.2356,1.03287,8.57685
86.5598,83.2252,-6.43878,593.917,127.259,-125.067,4.14614,-4.40049,3614,-0.06123,54.9312,-0.059584,79.7457,1013.96,-2.61381,1.87526,0.167536,30.1937,0.946542,9.18669
86.9894,83.8798,-4.99855,583.726,127.096,-125.067,5.38785,-4.97331,3615,-0.09438,54.9312,-0.109172,79.8189,1014.06,-2.01867,1.96105,-0.575572,29.3671,1.0068,11.7374
87.8282,83.5525,-4.24648,572.548,126.29,-125.067,5.11241,-5.48476,3614,-0.04602,54.9312,-0.208936,79.7259,1014.34,-1.50934,0.54153,0.324145,29.806,1.01094,11.5017
85.3732,82.1409,-3.74553,566.888,125.788,-125.067,3.85744,-5.853,3615,-0.01911,54.9312,-0.053116,79.3039,1014.33,-1.50927,-1.28322,-14.6919,30.9997,1.02835,8.52238
86.8462,83.2252,-4.82214,557.283,125.631,-125.067,2.58294,-5.48476,3614,-0.05265,54.9312,-0.036848,79.1525,1014.6,-2.06685,-0.302919,-16.0328,31.9502,0.959261,5.7246
88.5033,84.1458,-5.25372,546.207,125.183,-125.067,3.07918,-5.11652,3614,-0.03939,54.9312,-0.028616,79.206,1014.62,-2.39952,0.687615,5.6943,31.5707,0.957779,6.79518
85.3119,84.3504,-4.75146,538.255,124.355,-125.067,3.01347,-5.28018,3614,-0.07488,54.9312,-0.078596,79.2008,1014.68,-2.13464,-0.495019,-6.00066,31.6509,0.957337,6.58907
86.969,84.5754,-3.82519,526.831,124.36,-125.067,2.39444,-4.4414,3614,-0.03042,54.9312,-0.039788,79.0861,1014.93,-2.03104,-1.0555,0.791941,32.1778,0.99131,5.09689
86.0893,81.2203,-3.69121,515.965,123.226,-125.067,2.72963,-3.78675,3615,-0.04563,54.9312,-0.047628,78.6779,1015.01,-1.47265,-0.412889,-1.74746,31.644,0.979383,5.83181
87.2554,83.9207,-1.81182,506.858,122.143,-125.067,3.54206,-4.48232,3614,0.0078,54.9312,-0.04998,78.8245,1015.06,-0.889842,-0.108753,2.78666,30.9326,1.02704,7.65285
84.78,82.1818,-1.90016,495.06,122.264,-125.067,3.11707,-3.84812,3614,-0.04095,54.9312,-0.04802,77.7732,1015.53,-0.741481,-1.07968,-5.09743,31.2358,1.01619,6.51459
84.0844,80.5656,-1.76875,486.131,119.907,-125.067,2.82436,-2.86614,3614,-0.08736,54.9312,-0.044884,77.3822,1015.02,-0.459265,-0.590234,4.06409,31.4091,1.01245,6.18697
84.5754,81.0566,-0.798074,477.042,120.441,-125.067,2.69242,-2.41606,3614,-0.04251,54.9312,-0.029008,76.8232,1015.29,0.380349,0.64502,0.367497,31.5558,1.03279,5.60294
92.1039,89.8535,0.807787,470.275,116.894,-125.067,1.83504,-1.96598,3614,-0.0195,54.9312,-0.038808,74.0333,1014.12,1.31271,0.916109,0.750409,32.7417,1.04311,4.34885
84.5754,81.4862,1.35994,463.67,115.313,-125.067,1.63718,-1.14767,3615,-0.05694,54.9312,-0.026852,70.1439,1013.6,1.98654,-0.953558,0.306326,33.0015,1.03485,4.3204
87.2349,82.9183,1.76057,455.227,113.706,-125.067,0.711441,-0.370262,3615,-0.0546,54.9312,-0.014308,66.0257,1013.52,2.38112,-0.348677,3.26876,33.8827,1.03882,2.8394
90.3241,89.383,2.21343,452.711,112.863,-125.067,0.632812,0.775387,3614,-0.00467998,54.9312,-0.012544,63.3728,1013.37,2.8733,-0.0640699,2.19727,34.0511,1.00419,2.50529
87.5009,84.2276,2.29259,449.278,110.256,-125.067,0.532081,0.652637,3615,-0.01404,54.9312,-0.00411599,61.9202,1012.43,2.97538,-1.22169,2.70227,34.2689,1.00652,1.78152
86.1711,85.6392,3.24238,447.389,108.869,-125.067,0.275496,2.94394,3614,0.0234,54.9312,-0.012152,61.2913,1011.96,3.65387,-1.42522,2.19619,34.3375,0.985303,2.90087
91.7971,88.0123,5.40342,444.169,107.21,-125.067,0.110444,2.7189,3615,0.02574,54.9312,-0.012544,60.9119,1011.33,4.46335,-0.963576,3.08233,34.5043,1.02195,1.38434
92.1244,88.9943,5.6958,444.496,103.321,-125.067,0.486474,6.9537,3614,0.01209,54.9312,-0.00646798,60.8539,1009.82,4.60463,-1.19675,6.37616,34.0713,0.963706,4.91525
