73.5485,41.9,-5.08401,2456.3,144.443,174.901,-4.8647,-5.48476,2977,-0.00155997,174.901,-0.054292,79.4849,969.85,-0.760389,6.68081,0.297929,170.479,-0.304718,37.3345
73.8963,41.9,-5.3909,2447.07,144.335,174.901,-4.50581,-5.44385,2978,-0.00155997,174.901,-0.049392,79.0024,970.1,-1.15314,6.27706,0.778153,171.216,-0.52153,36.7764
74.551,41.9,-5.41772,2437.67,144.349,174.901,-4.30706,-5.36202,2978,-0.00155997,174.901,-0.0392,79.0219,970.356,-1.43879,6.28772,-0.238487,172.055,-0.612877,36.5796
74.7351,41.9,-4.73103,2425.29,144.397,174.901,-3.75696,-5.3211,2977,-0.00234002,174.901,-0.06174,76.9429,970.816,-1.31752,6.41462,1.2446,172.622,0.167595,35.6996
75.6352,41.9,-4.46345,2414.3,144.372,174.901,-3.33821,-5.30064,2978,-0.00155997,174.901,-0.049196,77.9965,971.177,-1.1157,5.96463,0.24106,173.323,0.376089,35.9292
73.6099,41.9,-4.55705,2402.92,144.66,174.901,-2.8574,-5.30064,2978,0.02067,174.901,-0.03234,79.2807,971.612,-1.10672,5.25989,0.958335,173.857,1.10826,36.1306
73.6508,41.9,-4.47037,2391.76,144.288,174.901,-2.76898,-5.34156,2977,-0.0819,174.901,-0.074676,79.0104,971.856,-1.1348,4.19447,0.0256864,174.573,0.620176,36.1927
73.4667,41.9,-4.9225,2380.79,143.786,174.901,-2.76226,-5.54613,2977,-0.08541,174.901,-0.073304,79.0085,971.959,-1.30091,3.67899,0.153286,175.276,-0.43464,35.7673
73.4871,41.9,-5.19117,2367.96,144.137,174.901,-2.50915,-5.40293,2993,-0.08034,174.901,-0.0735,79.0841,972.656,-1.73512,3.2884,0.427121,175.61,0.508525,35.8012
73.5894,41.9,-5.46787,2354.67,143.836,174.901,-2.16568,-5.25972,3086,-1.16707e-14,174.901,-0.00607599,77.2659,972.927,-2.23615,3.25893,0.520937,175.85,0.889464,35.952
73.4462,41.9,-5.54286,2340.79,142.295,174.901,-1.68301,-5.30064,3194,9.98505e-14,174.901,-0.030772,73.5169,972.657,-2.22936,2.20506,0.756051,175.955,1.05108,34.784
71.605,41.9,-5.51735,2327.11,141.574,174.901,-1.78104,-5.30064,3303,1.02007e-13,174.901,-0.011564,72.6951,972.865,-1.96427,1.54171,-0.271467,176.377,1.03098,34.4165
72.6075,41.9,-6.43285,2317.23,141.508,174.901,-1.56757,-5.79163,3396,9.94847e-14,174.901,-0.013132,71.6462,973.062,-2.00183,1.64747,0.612617,176.452,1.08367,35.2139
71.7278,41.9,-8.5241,2308.79,140.112,174.901,-1.61343,-6.26217,3506,1.65954e-14,174.901,0.001764,71.9505,972.63,-2.65081,1.19099,-0.0134218,176.802,0.975094,35.1739
71.1754,41.9,-9.43193,2303.55,137.664,174.901,-1.64035,-5.73026,3613,-0.00195003,174.901,-0.017444,71.6031,971.715,-2.8965,1.18436,0.0139449,177.017,0.333822,33.8702
71.4209,41.9,-9.66965,2298.2,136.75,174.901,-1.41212,-6.58949,3614,-0.00155997,174.901,-0.013916,71.9985,971.53,-2.75687,0.81834,0.689111,177.047,0.549273,34.2673
70.7867,41.9,-9.65108,2293.7,135.275,174.901,-1.23336,-6.40537,3614,-0.00155997,174.901,-0.015288,71.6468,970.914,-3.09603,0.549432,0.599235,176.968,1.05635,34.6609
71.6869,41.9,-10.5906,2288.67,132.66,174.901,-1.2326,-5.9553,3614,-0.00467998,174.901,-0.02058,72.1707,969.957,-3.55078,0.02258,0.586542,177.056,0.854849,33.0903
71.7891,41.9,-8.65042,2281.26,130.205,174.901,-1.52872,-5.79163,3614,-0.00155997,174.901,-0.024892,71.5614,969.535,-2.93932,0.120895,-0.716242,177.309,1.01674,31.672
71.7278,41.9,-7.73073,2275.39,130.01,174.901,-1.02355,-6.28262,3614,-0.00155997,174.901,-0.029792,74.2115,969.238,-2.77057,0.570442,1.5378,176.932,0.953758,32.5343
70.2957,41.9,-9.91343,2266.95,129.619,174.901,-0.741323,-5.79163,3614,-0.00155997,174.901,-0.025088,77.4395,969.021,-3.32462,0.017094,0.964659,176.757,0.914074,32.9026
68.6386,41.9,-7.34895,2255.47,127.805,174.901,-0.953882,-5.83255,3614,-0.00155997,174.901,-0.032732,79.0116,968.845,-2.92015,-1.03759,-0.474754,176.991,0.950276,31.8248
68.8227,41.9,-7.48971,2246.05,127.668,174.901,-0.735345,-5.83255,3614,-0.00389999,174.901,-0.045276,79.487,969.539,-2.9823,-1.21446,0.508143,176.481,0.988839,31.3785
63.6878,41.9,-8.51908,2234.25,130.16,174.901,-0.394974,-5.68934,3614,-0.00155997,174.901,-0.035672,79.364,970.981,-3.39957,-0.18815,1.52523,176.038,0.904662,33.6272
68.3317,41.9,-7.78695,2223.42,129.377,174.901,-0.8605,-5.853,3614,-0.00155997,174.901,-0.037044,80.5563,970.777,-3.15536,-0.383964,-0.40565,176.472,0.998362,33.18
69.682,41.9,-7.49183,2208.69,128.682,174.901,-1.07365,-6.07804,3614,-0.00155997,174.901,-0.026656,79.2206,971.085,-3.42749,0.385752,0.105077,176.664,0.944751,32.1151
67.9635,41.9,-7.95702,2194.81,129.246,174.901,-0.505018,-5.81209,3614,-0.00155997,174.901,-0.051352,78.3471,971.822,-4.03862,0.687971,1.43758,176.286,0.965796,32.2085
68.4545,41.9,-7.81369,2179.59,129.532,174.901,-0.437872,-5.7098,3614,-0.00155997,174.901,-0.015288,78.2397,972.431,-4.42396,0.292992,0.578526,176.37,0.938008,32.0884
76.5763,41.9,-7.5107,2163.66,130.122,174.901,-0.665185,-5.75072,3614,-0.00155997,174.901,-0.00352799,78.3016,973.511,-4.37358,-0.189445,-0.128223,176.622,0.998325,32.3751
77.0468,41.9,-7.56113,2147.5,131.133,174.901,-0.745605,-5.77118,3614,-0.00155997,174.901,0.008232,78.2905,974.254,-4.21661,-1.53902,0.343418,176.639,0.974159,33.1419
75.5943,41.9,-7.82548,2132.39,129.392,174.901,-1.0071,-5.81209,3615,-0.00155997,174.901,-0.022148,78.3567,973.831,-4.1598,-2.2107,0.0341586,176.504,0.994342,31.5035
73.303,41.9,-7.72024,2117.03,128.384,174.901,-1.07205,-5.75072,3614,-0.00155997,174.901,-0.010584,78.3444,974.351,-4.19268,-2.93207,0.497765,176.202,0.952528,29.6594
73.8145,41.9,-7.97489,2099.54,129.926,174.901,-1.22378,-5.77118,3614,-0.00155997,174.901,-0.025088,78.3586,975.659,-4.21556,-2.897,0.209505,175.725,0.99154,31.1131
76.2285,41.9,-7.31972,2085.72,128.273,174.901,-1.1527,-5.58705,3614,-0.00155997,174.901,-0.003724,78.3675,975.437,-4.27033,-0.854445,0.442558,175.363,0.947984,29.1703
74.2441,41.9,-7.16205,2067.2,130.366,174.901,-0.532983,-5.52568,3614,-0.00155997,174.901,-0.010388,78.3855,977.023,-3.70718,-2.88844,2.47337,174.576,1.02505,29.8389
74.06,41.9,-6.59736,2051.17,130.41,174.901,-1.86414,-5.81209,3614,-0.00155997,174.901,-0.00587998,78.3886,977.28,-3.3888,-4.83324,-1.59685,175.099,1.04109,30.9215
73.9577,41.9,-7.93628,2035.89,129.097,174.901,-2.68705,-5.44385,3614,-0.00155997,174.901,-0.00940798,78.4142,977.429,-4.47746,-3.36419,-0.493504,175.006,0.955569,29.4882
73.6508,41.9,-8.77778,2022.28,129.756,174.901,-2.26766,-5.15743,3614,-0.00155997,174.901,-0.021168,78.3781,978.238,-4.9103,-2.00588,2.03242,174.247,0.913428,28.8675
74.7146,41.9,-6.8856,2004.29,131.009,174.901,-2.43127,-5.25972,3614,-0.00155997,174.901,-0.01274,78.4096,979.125,-3.90552,-2.08474,0.107248,174.095,1.04896,29.9409
75.001,41.9,-4.62946,1986.95,127.882,174.901,-2.32706,-5.28018,3614,-0.08424,174.901,-0.071344,78.3754,978.211,-3.32399,-1.21882,-0.0415675,173.719,1.07077,27.4709
76.9855,41.9,-7.10394,1978.61,126.396,174.901,-1.13998,-5.30064,3614,-0.08463,174.901,-0.074088,78.4256,978.557,-3.18606,0.452572,2.04704,172.528,0.966406,24.5466
76.5968,41.9,-7.76005,1967.75,129.981,174.901,-0.435648,-5.30064,3614,-0.08658,174.901,-0.074088,78.4619,979.569,-3.20438,-0.369696,2.37303,172.044,0.942562,27.0454
76.5763,41.9,-5.90999,1954.18,131.154,174.901,-1.43362,-5.3211,3614,-0.000389995,174.901,-0.018228,78.437,981.206,-2.62732,-2.63222,-1.53657,172.698,1.09133,28.8896
75.6557,41.9,-6.96277,1943.71,131.033,174.901,-2.41427,-6.13942,3614,-0.000389995,174.901,0.004312,78.4794,981.631,-2.79216,-2.03895,-0.692491,173.081,0.996509,29.6568
76.1058,41.9,-6.08493,1931.2,128.02,174.901,-2.67042,-5.7098,3614,-0.000389995,174.901,-0.010388,78.4247,980.607,-3.26529,-0.181244,0.406872,173.055,0.994844,27.1612
79.2359,41.9,-7.80068,1920.85,127.891,174.901,-2.45309,-5.54613,3614,-0.000389995,174.901,-0.032144,78.4575,980.88,-3.37799,1.67292,0.348951,173.06,0.939182,26.0703
75.4716,41.9,-7.31455,1916.23,127.523,174.901,-0.968304,-4.87102,3614,-0.000389995,174.901,0.000392,78.4126,981.065,-3.13751,0.160216,2.93112,171.965,0.957927,25.1582
70.9913,41.9,-5.12496,1901.31,128.78,174.901,-1.30809,-5.60751,3614,-0.000389995,174.901,-0.003724,78.4914,981.992,-2.40175,-3.15894,0.00784183,172.103,1.04063,26.3331
74.3668,41.9,-6.72519,1888.78,129.519,174.901,-1.90207,-5.56659,3614,-0.000389995,174.901,-0.00705598,78.4154,982.557,-2.95141,-1.45326,-1.02338,171.962,0.986878,26.8065
77.456,41.9,-7.23775,1879.44,128.758,174.901,-0.887644,-5.38247,3615,-0.000389995,174.901,-0.016464,78.9936,982.544,-3.60415,1.06133,2.88908,171.035,0.945612,26.5666
75.4102,41.9,-8.08814,1870.03,127.771,174.901,-0.605043,-5.23927,3614,-0.000389995,174.901,-0.00705598,79.9496,982.092,-3.68338,-0.323668,1.00579,170.905,0.951806,24.0675
74.3464,41.9,-7.36656,1857.63,130.981,174.901,-1.27549,-4.83011,3614,-0.00195003,174.901,-0.01372,80.0118,984.526,-3.10402,-0.845336,-0.671507,171.41,0.998252,26.5539
75.4102,41.9,-5.98435,1846.92,132.101,174.901,-1.396,-4.78919,3614,-0.00155997,174.901,0.006076,80.1056,985.166,-2.25633,0.370576,0.289843,171.347,1.07762,28.5258
76.2694,41.9,-7.24524,1839.43,131.46,174.901,-1.08816,-5.73026,3614,-0.00155997,174.901,-0.013524,80.0868,984.886,-1.69361,1.2343,1.35303,171.32,1.01819,27.6588
76.5559,41.9,-7.0552,1832.88,130.65,174.901,-1.04471,-6.22125,3614,-0.00155997,174.901,-0.01372,80.0878,985.202,-1.97239,1.1019,0.0493905,171.47,1.0065,27.3418
76.6377,41.9,-8.1082,1825.22,130.375,174.901,-0.693591,-5.79163,3614,-0.00155997,174.901,-0.021756,80.0533,985.423,-2.87073,1.42196,0.943267,171.439,0.955327,26.3919
79.2563,41.9,-10.0022,1818.94,131.439,174.901,-0.846372,-5.54613,3614,-0.00155997,174.901,-0.00274398,80.0557,986.006,-3.51397,1.66021,0.247332,171.805,0.898769,27.3971
77.9265,41.9,-8.39469,1807.74,130.429,174.901,-1.10308,-5.64843,3614,-0.00155997,174.901,-0.035868,80.0393,985.743,-3.01211,1.26564,-0.205304,172.428,0.954797,26.491
75.3488,41.9,-7.24635,1797.43,130.985,174.901,-1.08316,-5.60751,3614,-0.00155997,174.901,-0.02744,80.0724,986.408,-2.76917,-0.102178,-0.00714259,172.503,1.0137,26.2483
75.983,41.9,-7.7192,1788.42,131.605,174.901,-0.787186,-5.58705,3614,-0.00155997,174.901,-0.01568,80.0647,987.072,-2.92855,-0.179499,0.828889,172.286,0.987168,27.5068
76.2285,41.9,-8.32764,1778.69,132.225,174.901,-0.644191,-5.60751,3614,-0.00155997,174.901,-0.00901599,80.0917,987.721,-3.21301,-0.591701,0.716291,172.046,0.978646,27.692
76.8423,41.9,-8.41532,1767.99,132.539,174.901,-0.762726,-5.60751,3614,-0.00155997,174.901,-0.00411599,80.0491,988.14,-3.23247,1.33937,0.0870476,172.171,0.987016,28.1787
77.1491,41.9,-9.51565,1760.44,132.008,174.901,-0.0916453,-5.58705,3613,-0.00155997,174.901,0.002156,80.0658,987.844,-3.14842,1.0549,2.14016,171.83,0.939248,27.2883
75.7785,41.9,-8.00563,1743.57,130.606,174.901,-0.555832,-5.50522,3614,-0.00155997,174.901,-0.00293999,80.0548,988.04,-2.80204,0.793969,-0.886939,172.445,0.991293,26.3118
79.5223,41.9,-6.8707,1737.17,129.938,174.901,0.103774,-5.3211,3614,-0.00155997,174.901,-0.011564,80.0721,988.446,-2.57155,2.90235,0.738616,172.114,1.00761,24.8181
76.474,41.9,-5.69127,1728.15,131.011,174.901,1.76472,-5.50522,3614,-0.00155997,174.901,-0.011172,80.0524,989.257,-2.3963,1.79983,2.6782,171.201,1.05637,26.4214
76.6786,41.9,-7.69376,1720.36,130.066,174.901,1.74416,-5.56659,3614,-0.00155997,174.901,-0.030184,80.116,988.585,-2.61335,-0.232023,0.573389,171.287,0.989525,25.6981
75.3693,41.9,-9.39868,1714.67,131.419,174.901,0.386364,-5.58705,3614,-0.00155997,174.901,-0.010388,80.0838,989.662,-3.02143,-2.22372,-1.57378,172.417,0.929329,25.8633
71.4413,41.9,-10.2564,1704.14,132.433,174.901,-1.08712,-5.58705,3614,-0.00234002,174.901,0.003332,80.073,990.48,-2.67768,-4.00058,-0.491272,173.054,0.929681,27.2722
75.001,41.9,-6.50009,1690.04,131.788,174.901,-3.06863,-5.64843,3614,-0.00155997,174.901,-0.01764,80.0747,990.576,-2.09822,-2.20637,-1.96176,174.26,1.02401,27.4884
77.8243,41.9,-4.99853,1681.37,127.933,174.901,-2.28531,-5.93484,3614,-0.00155997,174.901,-0.003724,80.0872,989.25,-2.27889,2.22216,0.982943,173.415,1.04845,24.1921
78.1311,41.9,-6.69051,1680.82,128.508,174.901,0.410388,-5.54613,3614,-0.00155997,174.901,0.003332,80.1126,989.497,-2.67361,2.66797,3.03614,171.542,0.964587,22.068
75.6557,41.9,-10.0264,1665.49,131.308,174.901,1.41338,-5.56659,3614,-0.08697,174.901,-0.072324,80.0953,990.897,-3.02913,0.14974,2.15386,170.835,0.927079,25.9011
63.7901,41.9,-6.92587,1659.93,131.201,174.901,-0.228777,-5.13697,3614,-0.08307,174.901,-0.0735,80.0866,991.494,-2.49072,-2.13914,-1.41848,172.236,1.01017,25.0019
67.718,41.9,-5.87475,1648.88,132.93,174.901,-1.82195,-5.9553,3614,-0.08424,174.901,-0.073892,80.1271,992.844,-1.85821,-0.936357,-1.38103,173.272,1.11558,26.7735
69.1296,41.9,-8.39032,1648.27,132.282,174.901,-0.873965,-5.87346,3614,1.00237e-14,174.901,-0.017248,80.1039,992.35,-2.58092,0.711017,1.62884,172.463,0.955366,26.9601
68.1476,41.9,-9.37693,1642.68,133.628,174.901,-0.144264,-5.853,3614,8.93943e-14,174.901,0.00196,80.0957,992.974,-2.75241,-0.734034,3.74533,171.872,0.966825,27.3239
67.6157,41.9,-9.03484,1635.76,132.777,174.901,-0.8861,-5.81209,3614,8.5344e-14,174.901,0.011368,80.0834,992.735,-2.79014,-2.97754,-9.3147,172.32,0.968758,27.0985
68.0249,41.9,-10.0849,1629.94,133.871,174.901,-2.11211,-5.83255,3614,-0.000779989,174.901,-0.00979997,80.0824,993.668,-2.83932,-2.40869,-27.007,172.886,0.954944,27.7982
68.5159,41.9,-9.03581,1620.66,134.594,174.901,-1.68426,-5.60751,3614,-0.000779989,174.901,0.00294,80.0741,994.594,-2.48456,-1.99403,-7.28182,172.265,0.981886,29.5541
67.9021,41.9,-9.07904,1615.45,133.733,174.901,-0.786377,-6.30308,3614,-0.000779989,174.901,0.004116,80.063,993.864,-2.30706,-1.3075,3.52309,171.054,1.00103,28.9806
67.2475,41.9,-10.2983,1611.68,131.902,174.901,-0.25996,-5.75072,3614,-0.000779989,174.901,-0.00803598,80.0925,993.842,-2.88431,0.485788,0.649097,170.555,0.906778,27.5036
69.416,41.9,-9.00188,1602.46,132.673,174.901,0.058646,-6.38491,3614,-0.000779989,174.901,-0.00764398,80.0718,993.553,-2.37134,1.43073,1.82248,170.358,0.980825,27.366
58.8392,41.9,-8.39799,1593.54,134.156,174.901,0.301177,-6.05759,3614,-0.000779989,174.901,0.01078,80.1126,995.165,-2.68945,0.35699,-0.338093,170.446,0.984503,29.6241
66.4291,46.9531,-9.3462,1581.89,133.301,174.901,0.0735162,-6.01667,3614,-0.000779989,174.901,-0.000587987,79.9146,995.069,-3.17983,1.68816,-20.34,170.664,0.976847,28.7463
67.4111,47.8942,-9.64408,1574.76,133.266,174.901,0.646093,-5.42339,3614,-0.00155997,174.901,-0.00921197,79.3249,995.571,-3.50075,2.20366,1.5374,170.663,0.924608,28.0975
69.2114,46.8918,-9.32846,1563.29,132.564,174.901,0.750108,-5.64843,3614,-0.00155997,174.901,-0.00215598,79.3372,995.49,-2.61808,0.876252,-0.366288,170.761,1.01249,28.8231
70.9095,47.035,-6.70232,1555.83,127.775,174.901,0.654705,-6.65087,3614,-0.00155997,174.901,-0.013328,79.2624,993.968,-2.07226,0.389115,0.562159,171.077,0.972348,24.3444
69.2933,46.5849,-6.91186,1545.91,130.788,174.901,1.27163,-6.07804,3614,-0.00155997,174.901,-0.00411599,79.2533,995.259,-2.9464,-0.816275,1.44828,170.377,1.02871,25.7594
69.4978,46.3394,-10.9955,1534.75,132.265,174.901,1.18761,-5.77118,3614,-0.00155997,174.901,-0.012544,79.2239,995.985,-4.33991,-0.864755,-0.741591,170.358,0.860909,27.9598
73.6304,47.7101,-6.72892,1520.92,130.415,174.901,1.12889,-5.66888,3614,-0.00155997,174.901,0.001764,79.2418,995.932,-3.45851,0.295429,2.56583,170.314,1.02848,26.4372
70.4594,47.6896,-7.71639,1511.65,127.851,174.901,1.59574,-5.52568,3614,-0.00155997,174.901,-0.00548799,79.2328,995.144,-3.36058,-1.37074,-8.00144,170.049,0.967752,24.4471
68.5159,45.4188,-6.95688,1500.45,127.582,174.901,0.38723,-5.36202,3613,-0.00155997,174.901,-0.014896,79.2722,995.215,-3.32191,-2.90446,-27.9075,170.626,0.961198,22.2963
70.1934,46.3189,-6.35843,1490.7,129.131,174.901,-0.962652,-4.99377,3614,-0.00155997,174.901,-0.00548799,79.2233,996.695,-2.67837,-1.379,-8.79207,171.479,1.01182,22.9594
73.0371,47.0963,-6.22713,1474.59,133.203,174.901,-1.24884,-5.42339,3614,-0.00155997,174.901,0.002156,79.2518,998.75,-2.37282,0.8057,2.32502,171.573,1.05103,26.7236
71.3186,46.4621,-8.27051,1470.87,131.66,174.901,-0.432951,-5.42339,3614,-0.00155997,174.901,-0.02156,79.2363,998.627,-2.63745,-0.167172,1.31139,171.22,0.978535,27.3207
71.2368,46.8099,-9.15729,1456.48,130.888,174.901,-0.137843,-5.28018,3614,-0.00155997,174.901,-0.010976,79.2673,998.173,-2.59283,-2.8194,-0.0030694,170.588,0.969912,25.8268
70.7867,46.6872,-5.992,1451.59,126.354,174.901,-0.836161,-5.3211,3614,-0.00155997,174.901,-0.011564,79.2549,996.687,-2.25717,-2.52434,-0.23842,170.907,0.983609,22.8032
67.4111,44.7027,-3.32566,1446.12,125.279,174.901,-0.214364,-5.4643,3614,-0.00155997,174.901,-0.00215598,79.2704,995.758,-1.98256,-1.27258,1.70762,169.755,1.06429,19.1706
70.3775,46.5235,-6.80449,1432.65,129.238,174.901,-0.0474378,-5.40293,3614,-0.00195003,174.901,-0.010388,79.2789,998.33,-2.90757,0.863789,0.816453,169.714,0.982273,23.1595
71.5436,46.7485,-8.74225,1424.15,131.075,174.901,0.433789,-5.25972,3614,-0.00155997,174.901,-0.00646798,79.2676,999.529,-3.64267,1.38731,1.6523,169.353,0.952145,24.6275
73.8554,47.9351,-9.98422,1416.48,130.677,174.901,-0.242135,-5.4643,3614,-0.00155997,174.901,0.010192,79.2646,999.875,-3.40647,0.887272,-1.15013,170.33,0.912381,24.9227
70.132,46.994,-7.35001,1407.73,129.547,174.901,-1.55526,-6.40537,3614,-0.00155997,174.901,-0.012544,79.2919,999.725,-3.06758,-0.811152,-1.55323,171.473,1.01389,23.0255
69.9888,45.6234,-9.88738,1394.77,130.113,174.901,-1.94812,-5.91438,3614,-0.00428999,174.901,-0.017052,79.2481,1000.35,-4.05561,0.357731,1.30166,171.831,0.885082,23.5104
76.2694,48.4875,-8.00221,1385.7,130.534,174.901,-0.987009,-5.81209,3614,-0.00155997,174.901,0.003724,79.2877,1001.25,-4.08958,2.3485,2.60946,171.054,0.969104,23.117
73.7531,46.8099,-10.5042,1371.84,131.953,174.901,-0.154965,-5.68934,3614,-0.08346,174.901,-0.079576,79.2629,1001.87,-4.2814,1.792,1.03142,170.913,0.901961,24.8343
72.587,47.0963,-5.77684,1359.2,130.039,174.901,-0.443163,-5.75072,3614,-0.08346,174.901,-0.072324,79.2936,1001.49,-2.96442,0.78584,-0.973536,171.272,1.06291,23.0129
78.7653,49.5718,-6.00084,1343.26,127.767,174.901,-1.03865,-5.81209,3614,-0.08541,174.901,-0.072912,79.2726,1000.97,-2.71995,2.3269,0.399431,172.291,1.01036,20.4456
72.2597,47.5669,-5.29874,1334.53,127.372,174.901,0.00118991,-5.42339,3614,7.74978e-15,174.901,-0.00940798,79.3432,1001.45,-3.39598,1.00805,2.21484,171.655,0.996067,19.774
72.0346,46.994,-6.01355,1322.67,125.981,174.901,0.515068,-5.15743,3614,7.72523e-14,174.901,-0.01176,79.2995,1000.95,-3.31352,-0.32698,0.18371,171.359,1.00792,18.3516
79.42,48.6102,-5.53951,1314.97,124.959,174.901,0.666395,-4.80965,3613,7.76644e-14,174.901,-0.01862,79.3408,1001,-3.056,1.58815,1.45935,171.161,0.96391,15.7205
71.5436,47.0145,-6.21507,1299.57,128.493,174.901,1.3581,-6.03713,3614,8.03514e-14,174.901,-0.00901599,79.2674,1003,-2.60712,0.234498,1.01082,171.031,1.02687,18.7064
72.1369,47.26,-9.69704,1289.32,132.147,174.901,1.24347,-5.62797,3614,7.03187e-15,174.901,0.00294,79.3537,1004.73,-3.68348,-0.754506,-0.277875,170.884,0.908617,21.7882
70.8481,46.5644,-6.60961,1281.24,131.096,174.901,0.622212,-5.58705,3614,6.35149e-15,174.901,-0.00235199,78.7568,1004.94,-3.4711,-1.55585,-0.189427,171.477,1.01189,22.0465
70.6435,46.5031,-5.13979,1269.42,128.081,174.901,-0.192558,-7.42827,3614,4.49733e-15,174.901,-0.00274398,77.8066,1003.88,-3.19958,-2.52209,-0.562058,171.64,1.044,18.2524
70.5207,46.4008,-8.33503,1254.12,128.948,174.901,-0.841987,-5.89392,3614,3.96256e-15,174.901,-0.003724,77.2199,1004.58,-4.62983,-2.39705,0.293475,171.967,0.936333,18.3435
71.8914,46.8304,-10.9264,1245.25,128.153,174.901,-0.646478,-4.74828,3614,3.16917e-15,174.901,-0.00764398,76.9328,1004.97,-5.66767,-0.843724,1.47346,171.31,0.846651,17.5235
71.2777,45.9711,-9.70917,1230.33,133.138,174.901,-0.340587,-4.58461,3614,9.98749e-15,174.901,-0.013132,76.9013,1007.51,-4.59043,-0.113422,1.42841,171.233,0.933103,20.9369
73.569,47.5464,-5.17696,1215.98,131.066,174.901,-0.343734,-5.30064,3614,1.18789e-14,174.901,-0.020384,76.8799,1006.93,-2.33262,-0.0568325,0.155346,171.06,1.13302,20.9831
74.0395,48.2011,-6.00721,1202.11,131.49,174.901,-0.835762,-5.42339,3614,1.28498e-14,174.901,-0.00235199,76.9375,1007.71,-1.92342,-0.227196,-0.187844,171.756,1.07784,20.7543
73.8145,48.0579,-8.58276,1191.06,132.622,174.901,-0.631532,-5.77118,3614,4.08091e-15,174.901,-0.00117599,76.9634,1008.91,-2.69637,-1.83907,1.06844,171.316,0.95608,22.4027
67.7794,46.2985,-7.15918,1179.42,130.176,174.901,-0.640943,-5.17789,3614,3.14725e-15,174.901,-0.0049,76.9113,1007.7,-2.75071,-3.35931,-0.316685,171.172,0.981406,21.0155
70.173,46.4212,-6.94037,1178.52,129.495,174.901,0.314997,-5.853,3614,-0.00155997,174.901,-0.013132,76.8338,1007.33,-2.82945,-1.78062,3.44334,169.466,0.99813,20.7442
66.7565,45.3574,-9.01629,1166.59,128.329,174.901,0.498415,-5.13697,3614,-0.00155997,174.901,-0.00901599,76.2808,1007.94,-3.47094,-1.26163,-0.636029,169.302,0.919225,19.5735
77.8243,48.1602,-7.72002,1157.27,130.245,174.901,-0.107787,-4.2982,3614,-0.00155997,174.901,-0.00235199,76.0552,1008.42,-2.89772,1.88777,0.648999,169.549,0.953112,21.0894
72.3006,48.242,-6.06649,1147.25,128.956,174.901,0.432133,-5.81209,3614,-0.00155997,174.901,0.003724,77.0089,1008.97,-2.04888,0.54152,0.927238,169.796,1.04093,21.4967
69.2319,45.8279,-6.6291,1137.22,126.514,174.901,-0.0419938,-6.32354,3614,-0.00155997,174.901,-0.00862397,77.1405,1007.76,-2.63352,-1.60872,-1.04568,169.829,0.981914,19.4188
70.623,45.8484,-6.38332,1125.28,127.174,174.901,-0.508686,-5.40293,3614,-0.00155997,174.901,0.00882,77.0076,1008.49,-3.6801,0.537463,1.14028,170.32,0.977782,20.026
72.4029,47.8124,-8.12242,1119,125.773,174.901,0.360882,-3.62308,3614,-0.00155997,174.901,0.001764,77.068,1008.38,-3.85417,1.62015,2.33612,169.457,0.859184,18.6397
70.9095,46.9531,-4.86712,1108.31,124.029,174.901,0.223781,-4.62553,3614,-0.00155997,174.901,-0.00176399,76.8183,1007.5,-1.99255,-0.0729741,-0.73731,170.15,1.13966,17.1105
70.1525,46.2985,-3.28476,1098.22,122.319,174.901,-0.798531,-4.60507,3614,-0.00155997,174.901,-0.00470399,77.7229,1007.21,-1.37651,-1.1231,-1.07318,170.619,0.297461,15.5661
71.9323,45.9302,-3.64475,1085.98,125.856,174.901,-1.46702,-3.62308,3614,-0.00155997,174.901,-0.016856,78.6875,1009.48,-1.03854,-0.189138,-0.0331607,171.383,-0.916682,18.2132
73.1189,47.4032,-3.71064,1077.43,126.794,174.901,-1.17239,-5.19835,3614,-0.00155997,174.901,-0.00960399,78.2902,1010.36,-0.600258,1.92581,2.00947,170.907,0.235979,20.5275
72.5256,47.9965,-6.24407,1072.46,126.429,174.901,-0.236917,-6.03713,3614,-0.00428999,174.901,-0.00156798,78.1672,1010.09,-1.60168,1.42926,0.937659,170.87,-0.210638,20.6749
69.2728,45.7461,-6.36411,1065.93,124.589,174.901,-0.139106,-5.56659,3614,-0.00155997,174.901,-0.00529199,77.5361,1009.96,-2.81618,0.248784,0.12416,170.609,-0.453963,19.0617
73.0575,45.071,-7.35753,1058.71,123.347,174.901,0.0697881,-5.34156,3614,-0.00155997,174.901,-0.012152,77.665,1009.61,-3.53358,1.86454,1.7175,170.76,-0.476818,17.4703
77.8856,49.2035,-4.71664,1050.03,123.486,174.901,0.0647213,-4.89148,3614,-0.00155997,174.901,0.00196,77.5806,1009.54,-2.77941,4.12455,-0.0176293,170.97,-0.601719,16.5484
71.1959,49.0603,-3.6647,1037.43,123.25,174.901,0.373249,-4.97331,3614,-0.00155997,174.901,-0.000783997,77.8135,1010.45,-2.24827,1.71412,0.919393,171.847,0.399574,16.3517
68.8432,45.2756,-5.32494,1024.93,127.143,174.901,0.418603,-4.48232,3614,-0.08229,174.901,-0.080556,77.7179,1012.49,-2.21457,-0.549744,0.530408,171.388,0.238479,19.1904
74.1623,46.769,-5.94944,1015.17,128.361,174.901,-0.546384,-5.48476,3614,-0.08229,174.901,-0.072912,77.7976,1012.81,-1.84252,-0.139347,-0.921526,172.585,0.186508,22.0589
74.5305,47.6692,-6.72331,1004.92,125.992,174.901,-0.729592,-5.19835,3614,-0.08463,174.901,-0.073304,77.2976,1012.64,-2.20024,-0.137419,0.54698,172.364,-0.345197,19.7772
73.1394,46.994,-5.02513,998.85,124.84,174.901,-0.0334374,-4.80965,3614,-0.000779989,174.901,-0.02352,77.2202,1012.18,-1.90854,-0.866897,2.06307,172.153,0.69381,18.8512
71.0117,46.9736,-6.268,988.754,124.606,174.901,0.380329,-5.05515,3614,-0.000779989,174.901,-0.003136,78.218,1012.22,-1.77233,-1.89871,0.827215,171.095,-0.616897,18.4005
71.7073,46.5644,-4.87911,981.435,122.56,174.901,0.0032795,-5.01423,3614,-0.000779989,174.901,-0.01666,78.4541,1011.82,-1.66207,-2.32342,-0.950009,171.583,0.33221,17.1901
73.0371,46.3394,-3.66398,970.472,123.199,174.901,-0.208116,-4.76873,3614,-0.000779989,174.901,-0.00705598,78.445,1012.74,-1.41466,-0.919278,1.2163,170.912,0.0309914,16.2213
73.2417,47.3009,-5.78005,959.764,124.579,174.901,0.343615,-4.89148,3614,-0.000779989,174.901,-0.001372,78.5233,1013.03,-1.92724,-0.284667,1.27152,170.891,-0.116376,18.3673
72.3415,47.3214,-5.08457,949.221,123.459,174.901,0.580617,-4.48232,3614,-0.000779989,174.901,-0.00803598,78.5136,1013.79,-1.96932,-1.06881,0.486019,170.133,0.596914,16.6002
71.5027,46.3189,-5.77516,937.702,129.138,174.901,-0.108381,-4.52324,3614,-0.00155997,174.901,0.000784,78.5476,1016.18,-1.56775,-2.82977,-0.869185,171.018,0.294746,21.9423
70.0911,44.089,-5.20048,928.833,126.203,174.901,-1.31273,-5.7098,3613,-0.00155997,174.901,0.01078,78.5553,1015.1,-1.32918,-2.46951,-1.19188,171.032,0.580111,20.4432
73.078,47.3623,-8.00883,923.697,126.467,174.901,-0.965171,-4.64598,3614,-0.00195003,174.901,-0.030184,78.6694,1015.68,-2.31447,0.385779,2.47646,171.03,1.03081,20.382
75.8398,47.6078,-5.68337,915.87,125.295,174.901,0.0206861,-5.54613,3614,-0.00155997,174.901,0.009604,78.326,1015.23,-1.95612,1.09383,1.73068,169.706,0.796572,18.7916
71.1754,46.7895,-5.2391,905.678,127.911,174.901,-0.331553,-5.54613,3614,-0.00155997,174.901,-0.022932,78.1012,1016.68,-1.91517,-0.674763,-0.85118,170.799,0.129571,20.6886
70.1525,45.6643,-7.97843,895.172,126.931,174.901,-0.97328,-5.40293,3613,-0.00155997,174.901,-0.00470399,77.9886,1016.67,-3.15713,0.494598,0.547439,170.55,0.569777,21.1981
73.7122,49.0194,-8.09003,886.8,126.26,174.901,-0.147744,-5.38247,3614,-0.00155997,174.901,0.005292,77.9891,1016.94,-2.67144,1.93338,2.82814,170.777,0.586848,20.921
70.0298,46.8099,-3.10338,878.395,122.91,174.901,0.987579,-7.46919,3614,-0.00155997,174.901,0.006664,77.9825,1015.34,-1.28578,-0.796579,1.24149,169.27,1.11091,18.1267
67.9839,45.4597,-4.61069,863.906,123.437,174.901,0.770585,-4.72782,3614,-0.00234002,174.901,0.002744,78.029,1016.71,-1.7855,-1.06299,0.304386,169.895,0.365154,18.3759
72.7711,46.7485,-4.60308,855.471,123.281,174.901,0.333044,-5.15743,3614,-0.00155997,174.901,-0.00117599,77.7554,1016.41,-1.47798,0.824102,0.67594,169.409,1.11863,19.1194
73.4258,47.3827,-3.64357,844.737,121.839,174.901,-0.281766,-5.42339,3614,-0.00155997,174.901,0.00392,75.0977,1016.84,-0.657027,0.720086,-0.437298,171.048,0.949202,18.1646
73.2212,46.3598,-2.79511,836.726,119.878,174.901,-0.754645,-3.664,3613,-0.00155997,174.901,-0.00607599,69.4389,1015.5,-0.207094,0.877141,0.514749,170.73,1.0753,17.9479
74.6328,47.4441,-1.40899,827.35,117.182,174.901,-1.0744,-3.70491,3614,-0.00155997,174.901,-0.00529199,64.8057,1015.85,0.844027,1.10751,0.534499,172.145,0.998686,16.1947
