88.6465,83.5116,-9.58288,2814.27,132.495,-24.0819,2.67959,-5.73026,3699,-0.00858003,-56.0738,-0.00705598,67.5727,950.16,-2.35059,9.95931,-2.12314,-31.4137,0.928537,24.8281
88.3192,86.6416,-9.021,2819.46,129.728,-24.0819,2.37509,-6.40537,3699,-0.00389999,-56.0738,-0.00196,74.2838,949.096,-3.03546,9.47163,-2.13629,-29.7605,0.898534,23.9667
87.2554,83.4911,-6.20934,2814.78,126.074,-24.0819,2.22586,-6.32354,3699,-0.00195003,-56.0738,-0.000783997,75.3731,947.428,-3.0072,8.36456,-1.46228,-28.0518,0.961566,20.7655
88.6261,86.9894,-9.32956,2808.98,123.503,-24.0819,2.24917,-3.70491,3699,-0.00234002,-56.0738,0.001568,77.623,946.696,-4.52328,7.63398,-1.91825,-26.9662,0.81551,18.7544
86.5393,86.3757,-7.44871,2797.61,123.452,-24.0819,2.71169,-3.09117,3699,0.00117,-44.0329,0.002352,80.9718,947.075,-4.37864,7.07715,-0.451526,-26.1892,0.861782,18.0888
85.1482,82.4273,-5.51774,2783.5,123.694,-24.0819,3.68915,-3.52079,3699,0.00234,-25.0486,0.005292,80.529,947.58,-3.06407,4.8931,0.249862,-26.185,0.974693,19.0476
87.1531,82.55,-2.97006,2769.98,123.074,-24.0819,3.86687,-3.52079,3699,-0.000779989,-24.0819,0.006468,79.6298,947.721,-1.98073,3.54526,-1.07386,-25.5834,1.01581,17.7657
85.4346,83.6957,-1.87245,2755.39,124.427,-24.0819,3.66914,-4.09362,3699,-0.00351,-24.0819,0.007056,81.0845,948.873,-1.53038,3.44288,-1.53488,-24.9064,1.08549,18.3584
87.0303,83.2456,-3.17275,2741.34,125.238,-24.0819,3.76849,-4.50278,3699,-0.00779999,-24.0819,0.008232,81.5667,949.879,-1.45581,3.10407,-0.882718,-24.3722,1.03145,18.763
86.7235,84.5754,-5.22032,2729.32,126.529,-24.0819,3.70092,-3.664,3699,-0.00624001,-24.0819,0.007252,81.3202,950.593,-1.87989,3.1174,-1.51604,-23.9083,0.992351,19.4063
86.6212,83.573,-5.48001,2717.91,127.822,-24.0819,3.48112,-4.46186,3699,-0.01092,-24.0819,0.009604,80.7292,951.61,-1.82152,2.66702,-1.60028,-23.1006,0.988609,20.9114
86.8871,84.5549,-5.1309,2707,127.55,-24.0819,3.50854,-4.15499,3699,-0.01326,-24.0819,0.007056,79.565,952.001,-1.48135,2.38211,-1.39821,-22.7889,1.02048,20.7535
85.4346,82.8569,-4.577,2696.43,129.057,-24.0819,4.09804,-4.4414,3699,-0.01482,-24.0819,0.006468,78.9573,952.765,-1.41679,1.5608,-0.0797341,-22.8906,1.04586,22.4957
87.7259,85.0459,-6.82469,2687.91,128.228,-24.0819,3.78446,-4.58461,3699,-0.01677,-24.0819,0.005488,78.26,952.787,-1.48838,1.06021,-2.45965,-22.4483,0.988126,22.3591
88.1555,85.987,-5.63418,2681.26,126.691,-24.0819,3.9007,-3.80721,3699,-0.01404,-24.0819,0.003724,77.3102,952.359,-1.17531,1.74258,-0.886615,-22.2441,0.968293,21.5011
86.8258,84.7186,-3.94522,2673.38,127.395,-24.0819,4.64807,-4.42094,3698,-0.01248,-24.0819,0.006272,78.1323,952.854,-0.625793,1.34535,-0.507324,-22.6985,1.06492,23.0224
88.0533,84.2481,-3.96898,2665.84,128.06,-24.0819,4.82032,-4.72782,3699,-0.01014,-24.0819,0.004704,78.7177,953.501,-0.591675,0.522048,-1.60795,-22.5348,1.04041,24.1225
87.46,85.496,-6.43959,2659.69,128.115,-24.0819,5.09516,-4.78919,3700,-0.00858003,-24.0819,0.003724,78.5707,953.697,-1.15733,0.38425,-1.18122,-22.7908,0.984201,25.4663
86.5598,83.2456,-6.59926,2655.5,126.63,-24.0819,5.44713,-4.6869,3699,-0.00585002,-24.0819,0.001372,77.9439,953.222,-1.31764,-0.334259,-0.589256,-22.9659,0.938405,25.2887
86.2529,84.9027,-6.02038,2648.37,126.559,-24.0819,4.9852,-4.72782,3699,-0.00389999,-24.0819,0.001372,77.8177,953.362,-1.08428,-0.806695,-2.04669,-22.7548,0.98422,24.8422
86.212,83.6343,-5.7184,2642.31,126.199,-24.0819,4.52376,-4.15499,3699,-0.00116998,-24.0819,0.000196,78.5527,953.495,-1.00557,-0.702518,-1.29086,-22.3519,0.957027,24.7665
89.2398,85.4755,-4.85275,2635.08,126.69,-24.0819,4.05977,-4.58461,3699,0.00234,-24.0819,6.38957e-15,78.8685,953.882,-0.95213,-0.112797,-2.07903,-22.0748,1.01669,25.3464
89.7717,86.7235,-5.44057,2627.26,124.607,-24.0819,4.18543,-4.9324,3699,0.0039,-24.0819,-0.000391977,78.8891,953.269,-0.848828,0.631465,-0.932611,-22.0035,0.948493,24.6422
88.9943,85.721,-5.72924,2618.62,125.778,-24.0819,4.67386,-3.95041,3699,0.00273,-24.0819,-0.000783997,79.1067,954.057,-1.04236,0.0626667,-1.38319,-22.4198,0.955049,25.2653
87.3986,84.6368,-4.06329,2610.63,125.091,-24.0819,4.97621,-4.97331,3700,0.00273,-24.0819,-0.00411599,80.1367,953.969,-0.805949,-0.620346,-0.723313,-22.6302,0.998186,26.8708
84.023,83.2865,-3.48531,2601.04,122.781,-24.0819,4.85188,-4.64598,3699,0.00156,-24.0819,-0.00411599,79.4621,953.341,-0.676617,-1.80023,-1.67954,-22.7985,1.00231,24.0257
85.1687,83.2252,-3.3003,2591.75,124.943,-24.0819,4.17845,-3.72537,3699,-9.86342e-16,-24.0819,-0.00391998,80.3936,954.602,-1.28968,-2.43209,-1.49263,-22.462,0.99887,24.8771
87.951,82.9797,-4.72534,2583.47,124.172,-24.0819,3.42181,-4.56415,3699,0.00156,-24.0819,-0.00548799,81.149,954.225,-1.42195,-2.08542,-1.76341,-22.318,0.995616,24.6407
88.1351,85.721,-3.90042,2575.68,121.729,-24.0819,3.04898,-3.13209,3699,-0.00116998,-24.0819,-0.00725199,80.0914,953.759,-1.43359,-0.919928,-1.37789,-22.114,0.948418,22.5094
84.5345,86.1302,-0.570937,2569.35,120.228,-24.0819,3.44044,-4.01179,3699,-2.36869e-15,-24.0819,-0.0049,80.9252,953.504,-1.55927,-1.24276,0.0232584,-22.756,1.03257,19.9643
87.685,84.2071,-0.429363,2558.5,122.997,-24.0819,2.67229,-4.35957,3699,-0.00116998,-24.0819,-0.00450798,82.3929,954.888,-1.78825,-1.79353,-2.01517,-22.2014,1.06896,20.8511
90.1809,87.0303,-4.09841,2548.35,123.213,-24.0819,2.4175,-4.19591,3699,-0.00467998,-24.0819,-0.00862397,82.4629,955.479,-3.02115,-0.950191,-0.772425,-22.317,0.975779,20.8708
86.703,85.9052,-4.67916,2541.02,121.857,-24.0819,3.32087,-4.31866,3699,0.00195,-24.0819,-0.00333198,81.1195,954.93,-3.42757,-1.16194,-0.142163,-23.2844,0.941616,18.7855
88.4829,83.9821,-7.31217,2529.84,123.635,-24.0819,3.15308,-2.49789,3699,0.00234,-24.0819,-0.0049,81.1584,956.194,-3.78261,-1.76924,-1.75898,-23.3695,0.885418,19.3919
88.0328,84.7391,-4.43514,2522.75,125.208,-24.0819,3.57799,-4.21637,3699,0.00156,-24.0819,-0.00607599,81.7755,957.022,-2.63563,-0.728746,-0.441557,-23.9183,0.987032,20.4188
86.9485,84.3094,-3.37805,2511.27,126.304,-24.0819,4.56509,-4.21637,3700,0.00156,-24.0819,-0.00627197,80.9438,958.045,-1.63909,-0.34904,-0.657943,-25.0034,1.07267,22.0275
84.023,84.3913,-5.19826,2499.79,126.115,-24.0819,5.156,-4.23682,3699,0.00546,-24.0819,-0.00627197,80.2507,958.095,-1.90225,-0.774403,-0.905809,-25.5981,0.971707,22.7958
85.2096,83.3274,-6.20501,2490.34,125.192,-24.0819,5.1595,-4.66644,3699,0.00429,-24.0819,-0.00529199,80.5816,958.155,-1.55548,-2.05318,-1.88507,-25.9389,0.956038,21.6659
85.271,80.2588,-5.20294,2480.35,127.552,-24.0819,4.51365,-3.76629,3699,0.00663,-24.0819,-0.00685997,81.8402,959.542,-1.27063,-2.15159,-2.3479,-25.6657,0.985815,22.9052
86.3757,82.5705,-4.99941,2470.28,126.904,-24.0819,4.20474,-3.74583,3699,0.00663,-24.0819,-0.00450798,82.7889,959.554,-0.920274,-0.248933,-1.31563,-25.8098,1.01015,22.6379
87.5623,84.6572,-3.2954,2462.04,126.953,-24.0819,4.43501,-4.89148,3699,0.00429,-24.0819,-0.00391998,82.8227,959.904,-0.000554182,0.957593,-0.422739,-25.8625,1.05543,22.6391
86.478,83.1229,-3.91137,2453.45,126.165,-24.0819,4.42581,-5.01423,3699,0.01248,-24.0819,-0.00450798,82.9138,959.894,0.141907,1.25344,-1.49486,-25.7478,1.04166,22.3219
88.1351,85.1482,-4.84539,2446.84,126.003,-24.0819,4.43073,-4.40049,3699,0.01053,-24.0819,-0.00450798,82.9036,960.089,-0.386645,1.72738,-0.982246,-25.4148,0.975164,21.9042
88.6874,85.9052,-5.45741,2440.32,125.479,-24.0819,4.55259,-5.38247,3699,0.01092,-24.0819,-0.00470399,82.93,959.946,-0.577269,1.55767,-1.34277,-25.3275,0.975074,21.5028
88.4829,86.0688,-4.98976,2431.67,125.427,-24.0819,4.53302,-5.36202,3699,0.01053,-24.0819,-0.0049,82.9068,960.197,-0.810276,1.02704,-1.477,-24.9787,0.965952,20.8596
85.496,83.082,-6.99509,2422.43,126.654,-24.0819,5.05079,-4.76873,3699,0.00897,-24.0819,-0.00607599,82.924,961.215,-1.50047,0.485069,-0.68357,-25.4422,0.940322,22.4742
87.3372,84.5754,-6.42454,2412.2,126.926,-24.0819,5.31471,-4.85056,3699,0.01092,-24.0819,-0.00352799,82.6846,961.571,-1.42376,0.608639,-0.720948,-25.5583,0.947026,22.9004
88.9534,87.5623,-4.66196,2402.36,126.787,-24.0819,4.94854,-4.60507,3699,0.00663,-24.0819,-0.00352799,82.3929,961.98,-0.917178,0.857912,-1.74935,-25.235,1.02066,22.0569
87.3781,86.0075,-4.68934,2393.48,127.35,-24.0819,4.50404,-4.9324,3699,0.00507,-24.0819,-0.00568398,82.4042,962.302,-1.05024,-0.11278,-2.12018,-24.5706,0.995504,21.9622
85.9052,83.1843,-5.2024,2382.83,127.379,-24.0819,4.15784,-4.99377,3699,0.00546,-24.0819,-0.00470399,82.2875,962.636,-1.06842,-1.26724,-2.12777,-24.4597,1.02582,22.5046
89.0966,86.1711,-5.97383,2373.27,126.61,-24.0819,3.84987,-5.25972,3699,-0.00428999,-24.0819,-0.00587998,82.2749,962.515,-1.42191,-0.733898,-1.33795,-24.265,0.955981,21.1548
88.9125,86.478,-7.09275,2360.5,124.94,-24.0819,3.75174,-4.89148,3699,-0.000779989,-24.0819,-0.00333198,82.2506,962.648,-1.694,-0.109031,-2.1137,-24.2845,0.933774,19.4853
87.419,85.5369,-5.93478,2351.11,124.438,-24.0819,4.77976,-4.15499,3699,-0.000389995,-24.0819,-0.00215598,82.2851,962.619,-1.85223,1.15718,0.333554,-25.0729,0.911247,19.181
85.721,83.1433,-4.91039,2336.2,125.729,-24.0819,6.144,-4.33912,3699,-0.00351,-24.0819,-0.00293999,82.2661,963.559,-1.66498,0.970005,0.283951,-26.2425,0.998954,21.8713
83.2661,81.9159,-4.14635,2322.98,123.946,-24.0819,5.80339,-3.58217,3699,-0.00273001,-24.0819,-0.00411599,82.3291,963.444,-1.35747,-0.204889,-1.81349,-25.794,0.995694,19.4714
86.3962,83.8184,-3.5834,2312.72,124.878,-24.0819,4.82186,-3.78675,3699,-0.00936002,-24.0819,0.000588,82.2954,964.397,-0.996066,-0.500573,-2.68519,-25.1489,1.02349,18.3126
85.721,83.2252,-1.8218,2301.29,126.135,-24.0819,4.18916,-3.64354,3699,-0.01482,-24.0819,-0.00215598,82.3349,965.034,-0.389594,-0.568907,-1.42515,-24.6132,1.07253,18.826
85.9665,82.9592,-3.37199,2291.09,126.18,-24.0819,3.57141,-4.15499,3699,-0.01092,-24.0819,-0.00117599,82.3167,965.375,-0.258041,-0.654302,-2.09509,-24.322,1.06622,18.3701
89.158,86.3348,-5.10968,2283.75,125.144,-24.0819,3.01434,-4.31866,3699,-0.00389999,-24.0819,0.000588,82.3185,965.024,-0.126416,0.876402,-1.42764,-23.7701,0.955657,17.5153
86.6212,85.6801,-3.72539,2277.18,123.996,-24.0819,3.37161,-5.25972,3699,-0.00389999,-24.0819,0.000784,82.2422,965.248,0.378688,0.805658,-0.494212,-23.9857,1.00635,16.3827
85.3528,82.059,-2.75703,2268.21,124.709,-24.0819,3.56343,-4.58461,3699,-0.000779989,-24.0819,0.001176,82.3009,965.571,0.311999,-0.163308,-0.761637,-23.9899,1.02774,17.5033
83.0615,81.1794,-3.8164,2261.06,122.445,-24.0819,3.37696,-3.60263,3699,0.00624,-24.0819,0.002156,82.2548,965.23,-0.457912,-1.20173,-1.66689,-24.0067,0.976888,15.6355
87.2145,85.1482,-2.62449,2256.45,123.431,-24.0819,3.1655,-4.46186,3699,0.01131,-24.0819,0.003724,82.2974,965.825,-0.331118,-0.86264,-1.08844,-23.9503,1.00299,15.2318
83.4707,78.4584,-2.71595,2249.23,124.502,-24.0819,3.39015,-4.83011,3698,0.01365,-24.0819,0.00392,82.2696,966.24,-0.404822,-0.349787,-0.724775,-24.3508,1.03194,16.3978
83.3684,81.2612,-2.80083,2238.78,125.559,-24.0819,3.52298,-4.38003,3699,0.01326,-24.0819,0.002744,82.3176,967.146,-1.04976,0.155521,-0.15334,-24.493,1.01703,16.8627
88.7284,83.6343,-5.21902,2233.25,125.752,-24.0819,3.08242,-4.4414,3700,0.02691,-24.0819,0.004508,82.2872,966.858,-1.88425,1.22936,-1.59765,-24.1222,0.976115,16.6808
88.1555,85.7619,-5.77729,2228.96,127.186,-24.0819,2.61294,-5.30064,3699,0.03198,-24.0819,0.005096,82.2659,967.724,-2.05167,1.8589,-1.87182,-23.3353,0.954238,16.7924
82.4273,82.4273,-8.03145,2220.3,127.661,-24.0819,3.06794,-4.83011,3699,0.03354,-24.0819,0.005292,82.2605,968.507,-2.42631,0.592396,-0.231789,-23.5992,0.934063,18.3711
88.5442,80.3201,-5.22762,2216.47,126.302,-24.0819,2.86533,-4.66644,3699,0.03432,-24.0819,0.004508,82.0309,967.928,-2.40632,0.606911,-1.61013,-23.3544,0.928463,16.2572
85.5369,84.3299,-2.94404,2203.69,126.036,-24.0819,3.14229,-4.50278,3699,0.04134,-24.0819,0.00392,81.4461,968.592,-1.6043,1.97967,0.52281,-23.5345,1.09113,15.7907
85.8233,83.8594,-6.63553,2194.75,128.488,-24.0819,2.63737,-4.91194,3699,0.0468,-24.0819,0.004116,81.4832,969.417,-2.39823,0.376142,-2.58665,-22.7137,0.957388,17.3086
87.1736,84.1867,-7.39097,2187.36,127.865,-24.0819,2.32351,-5.48476,3699,0.04329,-24.0819,0.004312,81.3122,969.735,-2.73117,0.82734,-1.31247,-22.4448,0.942776,16.863
87.6441,84.023,-5.64058,2177.44,129.896,-24.0819,2.6228,-5.38247,3700,0.04095,-24.0819,0.004508,81.4132,970.983,-3.13154,0.891164,-0.645173,-22.519,0.970593,17.4392
94.6612,92.2881,-6.08261,2158.06,132.324,-24.0819,2.57024,-4.66644,3699,0.04368,-24.0819,0.005684,81.3146,972.641,-3.77362,2.86466,-2.08281,-22.1652,1.03781,19.8396
82.3046,83.4707,-8.5905,2157.21,131.244,-24.0819,4.41502,-5.9553,3699,0.05421,-24.0819,0.0049,81.4227,972.142,-4.15838,0.814157,0.38878,-23.2985,0.922192,20.5371
90.0786,81.8954,-7.29353,2146.02,131.61,-24.0819,5.52575,-5.87346,3699,0.0624,-24.0819,0.002548,81.2793,972.771,-3.8828,0.375237,-0.164283,-24.4915,1.00738,21.1727
87.5009,84.5754,-9.23983,2137.5,133.18,-24.0819,5.3149,-5.15743,3699,0.05226,-24.0819,0.003528,81.3161,973.764,-4.45937,0.715472,-2.22861,-24.0805,0.929466,22.1139
87.9919,85.8029,-9.56508,2120,133.109,-24.0819,5.5616,-5.42339,3699,0.04134,-24.0819,-1.08224e-15,79.8874,974.336,-4.41668,1.30738,-0.775055,-24.3196,0.942472,21.9616
84.78,78.6221,-7.29528,2103.24,133.289,-24.0819,5.13618,-4.38003,3699,0.04095,-24.0819,0.000784,79.5149,974.47,-4.19805,-1.30266,-1.6436,-23.7972,0.996858,21.5662
94.8658,87.9305,-7.0143,2096.91,132.908,-24.0819,2.55188,-4.4414,3699,0.03783,-24.0819,-0.001372,79.5152,975.078,-4.15764,0.0547056,-3.35747,-21.834,1.04462,19.0411
89.4444,87.1326,-6.0576,2088.49,133.391,-24.0819,1.45747,-4.4414,3699,0.03744,-24.0819,7.85913e-16,79.5375,975.484,-3.99016,1.8579,-1.78592,-20.4059,1.0032,18.9685
88.2374,85.4142,-5.50064,2080.6,130.56,-24.0819,1.74317,-5.30064,3699,0.03822,-24.0819,-0.00176399,79.5106,974.852,-3.26086,-0.644409,-0.667326,-20.6263,1.08464,16.9196
86.3348,82.0795,-5.59043,2068.59,133.523,-24.0819,1.00015,-5.3211,3699,0.04485,-24.0819,-0.00176399,79.6096,977.447,-2.88828,-2.17253,-1.70232,-20.0432,1.02473,17.8288
86.7439,83.1229,-6.10564,2062.53,136.68,-24.0819,0.21205,-5.62797,3700,0.04212,-24.0819,-0.00235199,79.4991,977.695,-3.34752,-1.65206,-2.34406,-19.7949,1.15265,21.0645
87.7055,84.4322,-10.6392,2055.85,136.396,-24.0819,0.819037,-5.44385,3699,0.05382,-24.0819,-0.00235199,79.5995,977.955,-3.9471,-0.267654,-0.0573737,-20.3825,0.91119,21.4303
89.0761,86.212,-9.35213,2054.06,137.477,-24.0819,2.28099,-6.40537,3699,0.06084,-24.0819,-0.00196,79.4313,977.886,-3.62607,1.17587,0.181638,-21.7855,0.994719,23.2603
90.0581,90.4264,-11.0924,2052.29,137.191,-24.0819,3.5717,-6.18033,3699,0.06903,-24.0819,-0.001372,79.6091,978.727,-3.66271,2.55827,0.364356,-22.4814,0.896305,24.5041
89.1989,84.9027,-10.2325,2044.88,136.237,-24.0819,4.0545,-6.32354,3699,0.08073,-24.0819,-0.00274398,79.3839,978.169,-3.99451,1.23319,-1.15875,-22.6668,0.937228,24.9148
86.4575,86.9281,-9.522,2038.97,136.031,-24.0819,3.55989,-6.30308,3699,0.08424,-24.0819,-0.004312,79.7074,977.958,-4.06886,-0.382126,-2.38877,-21.9461,0.92972,23.2998
85.987,82.1818,-10.3733,2024.82,135.225,-24.0819,3.43737,-5.81209,3699,0.08073,-24.0819,-0.00725199,77.965,978.466,-4.53063,-1.87107,-1.35476,-22.1587,0.938327,24.3657
86.0893,83.3274,-10.0343,2015.12,133.334,-24.0819,2.92526,-5.17789,3699,0.0819,-24.0819,-0.00862397,78.3645,978.063,-4.61805,-1.65926,-1.96779,-21.8562,0.890173,21.7828
87.6646,84.8823,-7.51982,1998.59,134.763,-24.0819,2.50209,-5.42339,3699,0.08385,-24.0819,-0.00862397,79.0452,979.18,-4.05039,-1.48464,-2.17778,-21.7982,1.01495,23.3729
88.0737,83.7162,-7.8969,1984.67,135.502,-24.0819,2.78674,-5.58705,3700,0.08151,-24.0819,-0.010192,78.6368,980.182,-3.99928,-1.38805,-0.591025,-22.1288,1.06546,24.772
84.4117,84.8004,-8.78971,1971.96,136.054,-24.0819,3.14136,-5.62797,3699,0.08073,-24.0819,-0.00862397,78.6557,980.696,-4.32678,-1.92985,-0.88568,-22.8094,0.397738,26.1968
86.5393,85.987,-9.82121,1962.38,133.765,-24.0819,3.09957,-5.87346,3699,0.07683,-24.0819,-0.00901599,78.551,979.946,-4.64391,-2.23585,-1.39022,-22.9754,-0.357099,24.5588
85.1482,83.3479,-9.37303,1947.88,133.381,-24.0819,3.18475,-5.83255,3699,0.0702,-24.0819,-0.00921197,78.5787,980.426,-4.64787,-2.35997,-1.41556,-23.4946,-0.0851223,24.6746
81.4658,82.4682,-8.10784,1932.68,132.9,-24.0819,3.35571,-5.58705,3699,0.06942,-24.0819,-0.01078,78.5711,980.569,-4.70021,-2.4858,-0.91308,-23.897,-0.481749,24.9584
86.3552,83.6752,-8.2759,1915.92,132.938,-24.0819,3.05635,-5.21881,3699,0.05616,-24.0819,-0.00999598,78.5486,981.357,-5.09057,-2.4198,-1.5033,-24.1738,0.039337,24.7407
87.1326,83.3479,-8.45491,1901.13,132.61,-24.0819,2.34464,-4.78919,3699,0.05031,-24.0819,-0.00823198,78.5808,981.638,-5.16183,-1.47039,-2.25665,-23.7444,-0.192052,24.2763
87.8282,85.721,-8.37271,1884.79,131.629,-24.0819,2.17727,-4.2982,3699,0.04329,-24.0819,-0.00725199,78.5502,981.857,-4.62172,0.0123749,-1.42518,-23.8365,-0.164275,23.3533
84.3094,84.8618,-7.22412,1868.54,132.32,-24.0819,2.84207,-5.19835,3699,0.03627,-24.0819,-0.00470399,78.6043,982.853,-3.78616,0.536327,-0.263954,-24.2287,-0.552493,24.4482
85.23,81.6703,-6.58573,1851.23,132.726,-24.0819,3.63282,-4.70736,3699,0.02301,-24.0819,-0.00215598,78.5422,983.561,-3.27439,0.858627,-0.471262,-24.9277,-0.562939,26.2957
81.7931,84.514,-7.79568,1834.93,132.16,-24.0819,4.10323,-4.54369,3700,0.02028,-24.0819,4.12765e-15,78.647,983.724,-3.45523,1.43242,-0.671528,-25.0276,-0.0363774,26.4084
85.4551,82.8569,-6.37593,1820.48,130.543,-24.0819,4.39341,-5.09606,3699,0.01014,-24.0819,0.002352,78.4926,983.422,-2.97777,0.74843,-0.993088,-25.1982,-0.294325,25.8078
80.2383,78.8676,-6.00047,1808.86,128.493,-24.0819,3.91067,-3.84812,3699,0.00468,-24.0819,0.002352,78.7301,983.27,-2.47006,-0.159984,-1.876,-24.6278,0.64311,23.6828
88.6261,84.9436,-4.66843,1798.7,126.888,-24.0819,3.27726,-4.38003,3699,-0.00195003,-24.0819,0.002156,78.376,982.812,-1.67487,1.36977,-1.9172,-24.1775,0.195503,23.2044
87.0917,84.4936,-4.48375,1787.26,125.249,-24.0819,3.5201,-4.17545,3699,0.00312,-24.0819,-0.000391977,79.7086,982.887,-1.30228,1.92837,-0.211873,-23.9267,0.453483,21.7099
94.9067,84.78,-2.79544,1778.21,126.979,-24.0819,3.5905,-4.54369,3699,-0.00663001,-24.0819,-0.000195997,81.7651,983.468,-1.42058,1.88175,-1.90231,-23.7958,1.25595,24.0584
86.0688,83.4297,-1.85978,1766.92,121.832,-24.0819,4.11401,-4.74828,3699,0.00507,-24.0819,-0.000979977,79.8457,981.984,-1.72495,1.71377,-0.110366,-23.7639,-0.0526594,19.7499
87.7259,79.42,-6.66981,1753.93,127.217,-24.0819,3.68169,-4.01179,3699,0.00936,-24.0819,-0.00176399,79.2294,985.016,-2.88309,-0.290666,-1.95548,-23.4093,0.376795,21.8281
92.4926,86.478,-6.12935,1748.36,130.064,-24.0819,2.38535,-5.42339,3699,0.01248,-24.0819,-0.00156798,78.3088,985.614,-2.88256,0.935535,-3.39353,-22.0973,0.752846,25.8897
86.5393,83.9617,-6.91717,1737.57,127.639,-24.0819,3.03062,-5.03469,3698,0.01248,-24.0819,1.93902e-15,78.4359,985.231,-3.18006,0.473457,0.20884,-22.5941,0.57065,23.6798
82.816,82.816,-6.6209,1729.84,127.676,-24.0819,3.47566,-5.17789,3699,0.01092,-24.0819,0.00098,77.824,985.648,-3.31874,-0.425118,-0.823381,-22.8689,0.411103,23.892
83.6343,84.5549,-6.0834,1717.36,127.472,-24.0819,3.71735,-4.76873,3699,0.00663,-24.0819,-0.00176399,77.4182,986.068,-3.35264,-0.433259,-0.744968,-23.2945,-0.120426,23.6845
88.3806,81.3839,-7.08024,1707.24,125.864,-24.0819,3.61385,-3.23438,3699,0.00585,-24.0819,-0.000979977,77.1689,985.422,-3.52769,-0.483814,-1.93342,-23.139,0.756006,22.7686
88.7693,85.6801,-5.8756,1695.26,123.767,-24.0819,3.92284,-4.09362,3699,-0.00273001,-24.0819,4.74286e-15,78.8119,985.384,-2.45127,0.75129,-0.52461,-23.5858,0.400083,20.7143
85.8847,83.3274,-3.68334,1680.68,125.688,-24.0819,4.37258,-3.86858,3699,-0.00506997,-24.0819,-0.000783997,79.2039,986.614,-1.70717,0.421313,-0.149366,-23.7084,0.77108,22.5842
85.0459,83.3888,-3.47592,1670.02,125.999,-24.0819,3.64667,-2.82522,3699,-0.01599,-24.0819,-0.00196,79.9206,986.985,-1.39119,-0.772991,-2.8823,-23.1816,0.495629,22.9769
87.5827,86.1302,-3.06495,1660.71,125.796,-24.0819,2.83213,-5.30064,3699,-0.00858003,-24.0819,-0.00333198,78.4843,987.249,-0.794361,-0.626152,-2.03096,-22.4775,0.955242,22.9979
84.3094,82.9387,-4.22825,1650.38,124.715,-24.0819,2.62534,-4.95285,3699,-0.00975001,-24.0819,-0.00293999,78.5773,987.032,-1.12067,-1.16315,-1.44189,-22.5359,1.01003,22.2852
82.6933,78.8471,-5.44613,1642.47,123.865,-24.0819,2.41897,-2.98889,3700,-0.00858003,-24.0819,-0.003136,78.6156,987.005,-1.71123,-1.44276,-1.38116,-22.5038,0.946243,21.7659
88.3806,86.1711,-5.5333,1631.93,124.317,-24.0819,2.22644,-3.43896,3699,-0.00936002,-24.0819,-0.00274398,78.7725,987.539,-1.60077,0.0514608,-1.00907,-22.6121,0.939588,21.8737
88.4215,84.6368,-3.63514,1623.93,123.963,-24.0819,2.13285,-3.97087,3699,-0.01677,-24.0819,-0.001372,78.7499,987.826,-0.593111,0.235616,-1.26417,-22.2807,1.02506,22.3378
85.2505,83.041,-3.50777,1612.88,122.82,-24.0819,2.20626,-4.40049,3699,-0.01716,-24.0819,-0.001372,79.1585,987.636,-0.0254979,-0.00918831,-1.04733,-22.4527,0.984588,21.3351
85.6187,82.6319,-3.06789,1605.45,123.284,-24.0819,2.15721,-4.17545,3699,-0.02379,-24.0819,0.00098,79.5143,988.155,0.312196,-0.320738,-1.38868,-22.2829,1.02393,22.0963
86.7235,84.9232,-2.70278,1596.07,121.657,-24.0819,2.23306,-3.11163,3699,-0.02574,-24.0819,-0.00176399,79.8215,987.73,0.712966,0.263352,-0.859624,-22.4923,0.98945,21.2773
82.9592,81.5271,-1.61801,1589.71,122.25,-24.0819,2.36901,-3.47988,3699,-0.02691,-24.0819,-0.00215598,80.6561,988.106,1.11321,-0.461282,-1.09256,-22.4345,1.04297,21.4408
90.8765,84.6572,-0.990457,1581.13,121.737,-24.0819,2.30305,-4.70736,3699,-0.02184,-24.0819,-0.00156798,81.9835,988.275,1.60995,0.179386,-0.973628,-22.6844,1.04389,22.4441
85.1687,83.573,-2.78825,1574.77,120.205,-24.0819,2.23276,-3.11163,3699,-0.01365,-24.0819,-0.00352799,82.5618,987.95,1.20271,1.2706,-1.02862,-22.2872,0.969425,20.9766
86.8871,85.5165,-1.90961,1569.35,120.585,-24.0819,2.37424,-4.80965,3699,-0.00389999,-24.0819,0.001764,82.6565,988.355,1.52481,0.651856,-1.17041,-22.3877,0.994437,20.7873
89.874,86.703,-1.50845,1562.81,120.814,-24.0819,2.25821,-5.03469,3699,0.00351,-24.0819,0.002548,82.7747,988.68,1.50355,0.620111,-1.48464,-21.9851,1.02222,21.0633
84.6777,82.4478,-2.68474,1554.15,120.823,-24.0819,2.39779,-3.97087,3700,0.00507,-24.0819,-0.00274398,82.788,989.048,0.474322,0.334254,-1.51276,-22.1466,0.958361,21.6614
86.4575,83.4502,-2.95887,1549.35,119.803,-24.0819,2.92591,-4.64598,3699,0.01053,-24.0819,-0.00411599,82.8036,988.836,-0.0102175,0.53803,0.25021,-22.4415,0.956714,20.5023
91.2652,83.9617,-3.524,1539.61,120.79,-24.0819,2.85468,-3.72537,3699,0.01755,-24.0819,-0.00529199,81.937,989.477,-0.415743,0.317285,-1.91555,-22.4424,0.940227,20.4903
86.6212,84.6163,-4.90079,1530.73,120.842,-24.0819,2.95189,-3.64354,3699,0.01716,-24.0819,-0.00117599,81.5882,989.845,-0.903453,0.290071,-1.00512,-22.3099,0.917309,20.8049
84.8413,85.5165,-2.106,1522.31,120.807,-24.0819,3.24449,-3.86858,3700,0.01326,-24.0819,-0.00215598,81.4595,990.035,-0.453749,-1.06542,-1.22364,-22.7296,0.992107,20.8345
90.4264,79.154,-0.806632,1512.42,120.584,-24.0819,3.07685,-3.29576,3699,0.00975,-24.0819,-0.000979977,82.0049,990.117,-0.211607,-1.19921,-1.43839,-22.7496,1.04211,20.259
85.4346,85.5574,-2.75809,1498.81,119.452,-24.0819,3.14911,-2.96843,3699,0.00819,-24.0819,-0.00117599,82.8119,990.31,-0.308482,-0.102666,-1.19146,-23.131,0.958588,18.2899
84.8618,82.6728,-2.31524,1490.99,121.889,-24.0819,3.29947,-3.15255,3699,0.00546,-24.0819,-0.003136,82.9201,991.348,-0.217406,-1.06899,-0.917392,-23.1306,0.987285,20.414
83.6343,77.7833,-0.0598832,1482.23,122.113,-24.0819,2.88181,-5.15743,3699,0.00234,-24.0819,-0.00470399,83.7943,991.84,0.494681,-1.9726,-2.13931,-23.3131,1.08342,20.8356
86.8871,85.23,-2.64359,1470.28,121.961,-24.0819,2.43018,-3.99133,3699,0.00897,-24.0819,-0.00587998,84.0665,992.276,-0.265205,0.306412,-1.13294,-23.0435,0.990924,19.0676
89.6694,83.1024,-4.32444,1461,121.182,-24.0819,2.53332,-3.99133,3699,0.01287,-24.0819,0.003528,83.1648,992.533,-1.2723,1.56177,-0.809709,-23.1114,0.922037,17.7853
89.2603,85.005,-3.74884,1453.03,123.826,-24.0819,2.62738,-4.97331,3699,0.01209,-24.0819,-0.00215598,82.567,993.96,-1.47028,1.78698,-1.08205,-22.7615,0.978394,19.1862
86.8053,88.6465,-3.30111,1441.32,124.278,-24.0819,2.72196,-5.34156,3699,0.00819,-24.0819,-0.00235199,81.8467,994.348,-1.83747,1.56056,-1.45681,-22.6752,0.994733,19.8909
92.5745,84.0639,-5.27111,1428.97,124.256,-24.0819,2.87674,-4.85056,3699,0.00195,-24.0819,0.000392,81.1834,994.795,-2.45011,0.327539,-0.872967,-22.4634,0.945426,19.1087
81.4658,82.5296,-3.99745,1418.95,123.873,-24.0819,2.51215,-4.13453,3699,-0.00585002,-24.0819,-0.000195997,80.8994,994.911,-1.91109,-1.04779,-2.83452,-22.3083,0.993361,18.4981
88.8511,86.9281,-4.4414,1406.59,123.91,-24.0819,2.55909,-4.38003,3699,-0.01365,-24.0819,-0.00352799,80.6429,995.269,-1.68923,-0.0311043,-0.894985,-22.3788,0.976976,17.9568
90.7128,82.325,-2.7926,1398.12,122.89,-24.0819,3.19116,-4.42094,3699,-0.02262,-24.0819,-0.00117599,80.4964,995.427,-1.06018,0.429673,-0.443405,-23.0748,1.02441,18.193
85.8642,84.2481,-2.36807,1386.6,121.811,-24.0819,3.48471,-3.23438,3699,-0.03003,-24.0819,-0.00196,80.4964,995.155,-1.07811,0.341033,-0.336847,-23.1922,1.02422,16.9692
90.7537,86.2529,-3.16569,1377.12,121.966,-24.0819,3.29671,-3.62308,3699,-0.03237,-24.0819,-0.00391998,80.48,995.705,-1.17226,0.660235,-1.76948,-23.1233,0.977514,16.5737
88.2169,88.2987,-3.76076,1365.48,122.471,-24.0819,3.09735,-2.78431,3699,-0.04056,-24.0819,-0.00156798,80.4988,996.111,-1.4233,0.761003,-1.61839,-22.6313,0.967007,16.1143
89.2194,89.2603,-2.43569,1357.58,121.879,-24.0819,2.88891,-4.95285,3699,-0.04953,-24.0819,-0.00470399,80.4732,996.447,-0.716353,-0.617058,-1.94692,-22.5246,1.01673,15.6076
86.9485,84.2685,-3.20266,1346.56,123.213,-24.0819,2.15788,-3.64354,3699,-0.05538,-24.0819,0.002744,80.562,997.095,-1.16508,-1.2362,-2.47394,-21.8403,1.00012,16.0829
85.8438,81.5681,-3.9414,1336.1,121.619,-24.0819,1.96371,-4.38003,3699,-0.06708,-24.0819,-0.00940798,80.1115,996.961,-1.83949,-1.61049,-1.75396,-22.0539,0.946145,15.1159
87.5009,83.3684,-2.67917,1326.08,122.845,-24.0819,1.82065,-4.01179,3699,-0.0858,-24.0819,-0.00293999,79.4936,997.592,-1.48683,-0.992942,-0.827867,-22.0626,1.01465,14.7394
81.6499,86.7439,-4.33176,1313.44,122.372,-24.0819,1.60165,-3.39804,3699,-0.10803,-24.0819,0.000196,78.5273,998.256,-2.26631,-0.701619,-1.7948,-22.0984,0.944829,15.7419
88.1146,85.5369,-4.13947,1301.74,120.415,-24.0819,1.52428,-4.09362,3699,-0.14859,-24.0819,-0.00940798,77.9609,997.56,-2.07853,0.357824,-0.872933,-21.9877,0.963417,13.1987
90.5696,85.6801,-1.99497,1290.79,118.809,-24.0819,1.97817,-3.58217,3699,-0.20085,-24.0819,0.002156,78.0268,997.333,-1.11576,1.55291,-0.804675,-22.4002,1.00405,12.7806
90.3241,89.4239,-0.0957812,1277.84,118.614,-24.0819,2.99706,-1.59774,3699,-0.25935,-24.0819,0.000784,78.0091,997.851,-0.0649613,1.6534,0.951997,-22.9235,1.05409,12.7217
82.0795,86.4575,1.72191,1268.12,117.759,-24.0819,3.7753,-1.72049,3699,-0.30654,-24.0819,-0.00725199,78.0201,997.756,1.1742,-0.322982,0.789116,-23.4954,1.0898,13.7726
