79.911,82.5296,-4.30518,2644.68,173.122,-61.0835,-5.62693,-2.55927,2493,-0.00779999,-61.0835,0.001764,61.2218,966.968,-0.427972,-1.70788,-0.798717,-53.3564,0.999525,17.7755
80.4224,80.852,-3.51337,2627.74,173.223,-61.0835,-6.54231,-2.49789,2493,-0.00779999,-61.0835,0.002548,61.2047,967.562,-0.117245,-1.22296,-0.942104,-52.5822,1.0152,20.8951
82.3659,83.4911,-2.67547,2612.89,170.236,-61.0835,-6.56552,-3.0298,2493,-0.00702,-61.0835,0.003528,61.2321,966.356,-0.131432,-0.00218634,0.159442,-52.5966,1.04394,20.1154
84.1458,84.0435,-4.02482,2600.35,168.327,-61.0835,-6.13393,-2.70247,2493,-0.00624001,-61.0835,0.002744,61.224,965.768,-0.932252,0.228155,0.283132,-52.8228,0.930193,18.3364
81.8749,84.0435,-3.2518,2587.65,167.786,-61.0835,-5.81282,-2.17057,2493,-0.00428999,-61.0835,0.004508,61.2485,966.211,-1.06742,-0.633474,-0.0557822,-53.0634,0.957037,17.7698
81.8136,82.8569,-2.85178,2566.59,169.008,-61.0835,-5.93562,-2.21148,2493,-0.00389999,-61.0835,0.004508,61.1793,967.271,-0.685273,-1.04397,-0.666172,-52.9091,1.05081,18.0939
82.3659,83.573,-4.43177,2552.76,170.61,-61.0835,-5.63093,-2.37515,2493,-0.00428999,-61.0835,0.0049,61.234,968.89,-0.77384,-0.318474,0.524553,-53.2589,0.93314,17.3281
81.4658,82.3455,-1.17287,2533.8,170.9,-61.0835,-5.77505,-2.08873,2493,-0.00428999,-61.0835,0.004704,61.1402,969.306,0.0798245,0.270118,-0.808373,-53.0132,1.11898,18.0235
83.1843,87.0303,-2.61823,2521.9,168.738,-61.0835,-5.66151,-1.8637,2493,-0.00428999,-61.0835,0.0049,61.1687,968.269,0.0317597,1.13182,0.364814,-52.967,1.04806,17.23
82.2636,83.532,-2.20246,2509.04,166.31,-61.0835,-5.45465,-1.67957,2493,-0.00428999,-61.0835,0.005096,61.1642,967.873,-0.0163447,-0.680429,-0.434246,-52.942,1.00942,16.2226
80.0746,81.8954,-2.32061,2497.13,165.813,-61.0835,-5.63197,-1.74095,2493,-0.00155997,-61.0835,0.006468,61.2077,968.345,0.523356,-1.0834,-0.955353,-52.8543,1.05062,16.7765
81.4044,81.118,-3.13662,2485.01,167.726,-61.0835,-5.24595,-2.72293,2493,0.00078,-61.0835,0.00588,61.0921,969.377,0.605606,-0.0619489,0.943481,-53.2139,0.979981,15.8931
81.5681,82.816,-3.64543,2469.95,167.905,-61.0835,-5.38873,-3.15255,2493,-0.000779989,-61.0835,0.005292,61.2176,970.22,0.21159,0.208442,-0.454234,-53.0801,0.974186,16.2973
81.7726,82.8365,-3.33841,2462.62,169.279,-61.0835,-5.82541,-2.90705,2492,-0.00195003,-61.0835,0.006076,61.0106,971.23,-0.567604,0.0894688,-0.701126,-52.5389,0.967901,18.5899
81.3635,82.1818,-3.48228,2443.97,167.434,-61.0835,-5.41812,-4.15499,2493,-7.05356e-15,-61.0835,0.006076,63.557,970.084,-1.02933,-0.314224,0.716281,-52.9474,1.00661,17.1265
80.7702,79.6041,-4.28594,2411.35,164.686,-61.0835,-5.36793,-3.0298,2574,-0.000779989,-61.0835,0.006272,66.1272,970.038,-2.39988,-0.209352,-1.07831,-52.8583,0.878761,16.0571
82.4273,83.6752,-2.69512,2403.47,164.165,-61.0835,-3.84927,-2.57973,2684,-0.00312001,-61.0835,0.005488,65.834,970.403,-2.12135,2.26208,2.25074,-54.145,1.06791,11.3304
81.3226,82.6523,-4.7868,2385.93,165.549,-61.0835,-2.65935,-3.09117,2795,-0.00467998,-61.0835,0.007252,65.7776,971.059,-2.06478,1.20722,0.145164,-54.8553,1.04268,8.90812
82.2432,83.3479,-4.05054,2374,162.682,-61.0835,-2.52903,-2.86614,2907,-0.00585002,-61.0835,0.005292,65.5909,971.066,-1.66893,0.88769,-0.31908,-54.8285,1.0895,7.85129
81.8749,83.082,-4.75576,2359.53,163.843,-61.0835,-2.56154,-3.76629,3018,-0.00624001,-61.0835,0.004704,65.624,971.485,-1.32774,-1.33176,-0.850586,-54.6604,1.18248,8.41235
80.627,81.4249,-7.17181,2352.14,158.215,-61.0835,-2.93533,-5.60751,3065,-0.00273001,-61.0835,0.001372,65.6807,968.096,-1.33243,-0.677312,-0.525846,-54.5579,1.06959,8.02459
83.4707,84.9436,-6.74044,2344.23,154.899,-61.0835,-2.95002,-5.81209,3065,0.00078,-61.0835,0.00098,65.7737,966.805,-2.03889,0.568366,-0.0861041,-54.4162,0.984187,8.00349
82.5296,84.0026,-9.23546,2337.01,156.062,-61.0835,-2.93036,-5.52568,3065,0.00312,-61.0835,0.001764,65.8363,968.181,-3.78199,-0.409046,-0.411813,-54.3884,0.888951,7.83251
81.9772,83.3274,-8.98618,2324.77,157.181,-61.0835,-3.52432,-4.21637,3065,0.0039,-61.0835,5.18366e-15,65.9059,969.05,-4.39807,-2.03236,-0.841171,-53.8531,0.884079,9.87846
81.5681,82.5705,-8.43405,2312.25,155.164,-61.0835,-4.38497,-4.99377,3065,0.00702,-61.0835,-0.00156798,65.8756,967.837,-3.94954,-2.53022,-1.71658,-53.3024,0.964248,12.2606
77.5787,82.591,-7.75605,2297.51,152.537,-61.0835,-4.0876,-4.42094,3065,0.00468,-61.0835,-0.000391977,65.9079,967.814,-3.74584,-3.19959,0.630613,-53.759,0.919185,10.8497
78.6221,79.4609,-5.75544,2280.02,152.002,-61.0835,-4.33585,-3.50034,3066,0.00507,-61.0835,-0.000195997,65.9086,967.775,-3.24298,-2.71343,-0.655793,-53.9632,1.03258,11.5199
82.9592,83.9207,-5.47874,2262.95,151.361,-61.0835,-4.94867,-3.9095,3065,0.00429,-61.0835,-0.000979977,65.9025,968.27,-2.53375,-0.468712,-0.329213,-53.4967,1.01277,13.1768
81.5681,82.7342,-5.72792,2246.48,151.556,-61.0835,-5.22443,-3.47988,3064,0.00273,-61.0835,-0.000195997,66.1345,968.899,-2.31592,-0.63935,-0.152647,-53.2969,1.03502,13.9946
81.9772,82.7342,-5.78426,2230.32,151.831,-61.0835,-5.94331,-3.80721,3065,0.00312,-61.0835,2.7762e-15,65.7804,969.455,-1.96488,-0.203217,-0.767605,-52.6115,1.00983,15.8379
82.325,83.3274,-4.94912,2212.89,150.642,-61.0835,-6.03665,-4.2982,3065,-0.00312001,-61.0835,-0.000587987,68.3352,969.521,-1.74323,-0.54203,-0.00130841,-52.5475,1.04742,16.5197
80.852,81.609,-5.28385,2200.98,149.592,-61.0835,-5.71653,-4.87102,3065,-0.000779989,-61.0835,-0.000979977,71.5348,969.355,-2.20566,-0.542583,0.0847866,-52.8252,1.01219,15.2474
82.4068,83.798,-5.56685,2186.04,147.435,-61.0835,-5.42388,-3.64354,3064,-0.00273001,-61.0835,-1.71598e-15,71.1551,969.119,-2.81415,0.055406,-0.0187585,-53.0808,0.957017,14.0661
80.4429,82.6933,-3.83603,2170.44,147.502,-61.0835,-4.95286,-2.82522,3065,-0.00273001,-61.0835,0.000784,71.2867,969.73,-2.27655,-0.704342,0.0958378,-53.3871,1.04115,12.997
81.9159,81.7931,-2.61573,2159.6,147.859,-61.0835,-4.25239,-3.23438,3066,-0.00585002,-61.0835,0.000588,71.0227,969.819,-1.92962,0.472251,0.565066,-54.1348,1.12625,11.233
82.4273,83.9003,-3.6481,2151.37,145.134,-61.0835,-3.35782,-2.72293,3065,-0.00234002,-61.0835,0.001568,71.277,968.843,-1.7257,1.22758,1.15174,-54.7106,1.01567,8.66971
81.9977,83.7162,-2.92679,2143.24,142.951,-61.0835,-2.99663,-3.37759,3065,-0.00116998,-61.0835,-0.000195997,71.1309,968.17,-0.95951,0.0135002,-0.250983,-54.9238,1.05065,7.05511
77.6401,82.7137,-4.3699,2132.25,141.502,-61.0835,-3.01229,-3.72537,3065,0.00234,-61.0835,0.001176,71.3156,967.619,-1.56503,-1.46047,-0.33656,-54.9135,0.933208,7.02046
78.6017,78.9904,-4.50405,2123.57,140.218,-61.0835,-3.37758,-2.78431,3065,0.0039,-61.0835,0.000784,71.1689,967.359,-1.88948,-0.890286,-0.216222,-54.8284,-0.488116,8.38229
80.0542,81.7522,-3.09416,2108.91,140.45,-61.0835,-3.65939,-2.86614,3065,0.00624,-61.0835,0.000784,71.3132,967.973,-1.2276,-0.28888,-0.471031,-54.5026,-1.05173,8.96619
78.0493,79.5018,-2.5349,2095.36,138.905,-61.0835,-4.16393,-2.98889,3065,0.00741,-61.0835,0.00098,71.1658,967.962,-1.08962,-0.640991,-0.362846,-54.1726,-0.755048,10.2018
79.154,79.8291,-1.8222,2081.91,140.694,-61.0835,-5.13539,-2.41606,3065,0.00585,-61.0835,0.002156,71.3251,969.206,-1.22107,0.130613,-1.48347,-53.2422,-0.0918333,12.727
81.5067,82.7342,-2.44874,2066.87,142.786,-61.0835,-5.40477,-2.33423,3065,0.00546,-61.0835,0.000784,71.2067,970.527,-1.27519,1.16276,0.594943,-52.9493,0.244103,13.4236
80.9339,84.0026,-2.60173,2058.54,141.089,-61.0835,-5.82421,-2.66156,3065,0.00624,-61.0835,0.000784,71.334,970.382,-1.2965,0.23898,-0.396799,-52.3068,-0.0684492,14.5806
80.7702,82.1818,-3.06245,2046.3,139.714,-61.0835,-6.54039,-2.72293,3081,0.00507,-61.0835,0.000784,71.1843,969.85,-1.23309,-1.17311,-0.862117,-51.6866,-0.208685,16.0355
78.3562,78.8471,-3.62207,2033.24,139.256,-61.0835,-7.09088,-3.0298,3176,0.0039,-61.0835,0.000392,71.3375,970.168,-1.06896,-1.61802,-0.168863,-51.314,0.312578,17.5343
80.6884,81.3839,-4.24206,2021.72,139.67,-61.0835,-7.49181,-3.23438,3287,0.00663,-61.0835,0.000588,71.1126,970.667,-1.21433,-0.124155,-0.0516064,-51.1408,0.286919,18.1158
82.7751,82.4682,-4.66323,2007.32,140.104,-61.0835,-7.30459,-4.52324,3399,0.00546,-61.0835,-0.00117599,71.3626,971.564,-1.38866,1.13965,0.682661,-51.1594,0.243784,18.1315
83.7775,85.0255,-7.81849,1997.24,137.45,-61.0835,-6.72071,-5.56659,3509,0.00819,-61.0835,-0.000783997,71.1127,970.595,-2.86056,1.38033,0.810947,-51.5379,-0.305508,16.6189
85.005,86.1916,-8.31294,1989.62,134.626,-61.0835,-5.82047,-3.72537,3621,0.00936,-61.0835,0.000196,71.494,969.38,-4.06756,-0.00447973,1.15187,-52.0929,0.678172,13.6036
79.8905,82.4273,-7.51124,1977.7,133.799,-61.0835,-5.46263,-4.58461,3701,0.00858,-61.0835,-4.5153e-16,70.8329,969.822,-3.83924,-2.73036,-0.571193,-52.5816,0.438948,12.9103
79.1336,79.6859,-9.4033,1968.14,133.003,-61.0835,-5.42888,-4.42094,3701,0.01131,-61.0835,0.001568,74.3817,969.684,-4.39761,-2.72169,-0.018864,-52.9762,0.288153,12.861
79.4813,80.5042,-9.24316,1958,130.644,-61.0835,-5.10754,-4.89148,3700,0.01014,-61.0835,-1.95535e-15,79.8696,968.911,-4.73843,-1.79084,0.634275,-53.5972,0.651998,11.7733
79.0313,80.3815,-8.42517,1942.12,129.91,-61.0835,-4.95022,-3.78675,3700,0.01209,-61.0835,0.002352,79.4522,969.016,-4.52889,-1.64262,-0.300159,-53.8444,1.03022,11.3984
79.7473,78.6835,-7.11126,1926.83,129.821,-61.0835,-4.70648,-4.23682,3700,0.0078,-61.0835,0.000196,79.4846,969.416,-3.80064,-0.100574,0.0752762,-54.2371,0.966387,10.8899
76.4945,81.5476,-5.64774,1911.59,130.282,-61.0835,-3.36902,-4.35957,3700,0.00624,-61.0835,0.000588,79.2589,970.347,-4.10539,1.11804,2.42205,-55.3245,1.06385,7.79928
74.9397,78.213,-4.79736,1893.79,133.634,-61.0835,-3.10818,-3.86858,3701,0.00507,-61.0835,0.001176,79.3605,972.44,-4.70151,1.37682,-0.00425334,-55.528,1.09235,7.09043
84.7595,86.5189,-8.50099,1885.45,133.121,-61.0835,-4.42296,-4.19591,3701,0.00468,-61.0835,-1.12075e-15,79.251,972.202,-5.75105,2.14035,-1.98575,-53.8829,0.986061,10.6448
80.2383,81.7113,-7.41852,1872.67,131.395,-61.0835,-4.70635,-4.50278,3701,0.00507,-61.0835,-0.000195997,79.3338,972.253,-5.37504,-0.271962,-1.51209,-53.4198,1.01317,10.9834
82.2227,80.6475,-6.71023,1862.1,129.807,-61.0835,-4.28496,-5.40293,3700,0.00663,-61.0835,-0.00176399,79.2387,971.809,-4.92513,1.0269,0.74085,-53.7404,1.01433,9.75345
82.1204,87.2145,-9.93928,1852.12,131.055,-61.0835,-3.16163,-4.48232,3700,0.00546,-61.0835,0.000196,79.3058,972.689,-6.29967,0.826631,1.61173,-54.5545,0.929529,7.12587
79.6859,81.8954,-10.5864,1837.63,129.646,-61.0835,-3.15677,-2.86614,3700,0.00312,-61.0835,-0.000783997,79.2472,972.822,-6.31571,-0.667542,-1.18609,-54.4618,0.552319,7.07124
80.6475,80.8929,-7.77574,1816.96,131.445,-61.0835,-3.5171,-4.33912,3701,-0.00195003,-61.0835,-0.00176399,79.2804,974.079,-4.79037,-0.187249,-0.244984,-54.259,0.573841,7.73208
80.5861,81.5271,-7.14056,1799.75,131.918,-61.0835,-4.41987,-3.664,3701,-0.00663001,-61.0835,-0.00117599,79.2542,975.08,-4.35384,-0.690456,-1.9178,-53.3319,0.666005,10.0921
80.9134,82.2227,-7.79669,1785.3,131.38,-61.0835,-5.23846,-2.86614,3700,-0.00975001,-61.0835,-0.00235199,79.3062,975.133,-4.12753,-0.751215,-0.469058,-52.6947,1.02629,11.8171
83.3479,81.609,-5.02356,1768.49,129.268,-61.0835,-5.58335,-2.57973,3701,-0.01365,-61.0835,-0.003136,79.2905,974.968,-2.6252,-0.467173,-0.626854,-52.3338,1.08759,12.5649
81.5271,86.8258,-3.79869,1756.81,127.418,-61.0835,-5.87461,-3.21392,3700,-0.01482,-61.0835,-0.00215598,79.3425,974.342,-1.71876,-0.341511,-0.537677,-52.0832,1.06383,13.0869
83.5934,85.1482,-4.92852,1743.14,126.334,-61.0835,-5.47109,-2.78431,3701,-0.01677,-61.0835,-0.00215598,79.2938,974.507,-1.84346,-0.483978,1.22025,-52.4195,1.03953,12.2805
79.9928,81.5681,-5.69134,1732.66,126.578,-61.0835,-5.65014,-2.49789,3700,-0.01755,-61.0835,-0.00176399,79.3514,974.909,-1.7523,-2.23119,-0.468733,-52.394,0.978948,12.5054
80.0746,81.1998,-3.33441,1721.95,128.576,-61.0835,-6.83711,-2.29331,3701,-0.01443,-61.0835,-0.00333198,79.3053,975.972,-1.01301,-2.94805,-2.0696,-51.6078,1.11613,15.3843
80.5247,81.4862,-4.27591,1711.75,129.256,-61.0835,-7.22109,-3.52079,3700,-0.01131,-61.0835,-0.00117599,79.342,976.97,-0.993035,-2.49182,0.0782375,-51.7224,1.09034,16.6095
86.212,73.3644,-6.85686,1703.25,128.027,-61.0835,-7.0367,-3.86858,3701,-0.00740999,-61.0835,0.000588,79.345,976.624,-1.85304,0.7369,0.967835,-52.0636,0.985634,15.951
80.2178,91.6539,-8.0523,1698.91,127.708,-61.0835,-6.09033,-3.13209,3701,-0.00740999,-61.0835,-0.00235199,79.2939,976.733,-2.24561,1.85851,2.17287,-52.6384,0.904786,13.7866
80.9543,81.6499,-6.32601,1689.99,127.493,-61.0835,-5.87238,-2.86614,3701,-0.00624001,-61.0835,-0.000979977,79.2981,976.906,-1.62598,-0.18857,-0.467496,-52.5986,1.02631,13.3814
83.2865,82.4068,-4.27552,1677.51,126.366,-61.0835,-6.09407,-3.664,3701,-0.00506997,-61.0835,-0.001372,79.3344,976.897,-1.06561,1.08267,-0.204338,-52.3893,1.01238,13.6958
83.4093,87.4804,-3.69387,1670.4,126.962,-61.0835,-4.97349,-3.60263,3701,0.00156,-61.0835,-0.000783997,79.3452,977.387,-1.63293,1.06408,1.92918,-53.1205,1.06544,11.6114
83.3479,84.7186,-6.76942,1662.67,124.424,-61.0835,-4.18401,-3.4185,3701,0.00039,-61.0835,0.000196,79.3663,976.492,-2.68846,0.124454,0.9158,-53.7152,0.916936,9.38304
81.7113,83.6343,-5.06109,1654.88,126.027,-61.0835,-4.1939,-2.19102,3701,0.00234,-61.0835,-0.00156798,79.3461,977.534,-2.351,-2.14498,-0.60619,-53.7111,1.00468,9.87239
80.4633,81.0157,-1.09222,1642.2,125.189,-61.0835,-4.89295,-3.82766,3701,0.00351,-61.0835,-0.00176399,79.3759,977.824,-1.76401,-1.22434,-1.96861,-53.3919,1.11859,11.1654
84.5345,88.442,-3.80514,1634.51,121.671,-61.0835,-4.07713,-3.9095,3701,0.00429,-61.0835,-0.00352799,79.3741,976.409,-3.2383,0.062673,1.50019,-54.0838,0.974224,8.73709
81.2203,83.573,-6.72321,1626.58,123.112,-61.0835,-2.92121,-2.43652,3701,0.00624,-61.0835,-0.00235199,79.4337,977.421,-4.20433,-1.0816,1.75616,-55.1892,0.889188,6.06255
79.9928,81.4453,-6.00233,1617.01,120.768,-61.0835,-3.81181,-2.21148,3701,0.00897,-61.0835,-0.00156798,79.3208,976.666,-3.65853,-2.01626,-1.94924,-54.4852,0.957696,7.88344
84.3299,81.3226,-2.84101,1604.71,122.048,-61.0835,-5.0146,-2.55927,3701,0.00663,-61.0835,-0.00215598,79.7138,977.526,-2.80698,0.240447,-1.07589,-53.6204,1.00263,10.7029
87.1736,88.4624,-5.18585,1588.93,124.024,-61.0835,-5.39808,-2.21148,3701,0.00273,-61.0835,-0.002548,81.4954,979.016,-2.88549,0.709063,-0.732987,-52.9282,0.967274,11.9716
78.3562,82.3046,-5.47658,1576.03,125.292,-61.0835,-5.05939,-2.31377,3700,-0.00312001,-61.0835,-0.000587987,79.9366,979.96,-2.54464,-1.09046,0.812546,-53.2247,0.974657,11.1682
80.3406,78.7449,-3.4352,1563.37,126.239,-61.0835,-5.43514,-2.37515,3701,-0.000389995,-61.0835,-0.000195997,80.55,980.652,-1.59321,-1.48394,-1.08323,-52.9983,1.0882,12.6415
84.023,83.5934,-3.09377,1548.61,126.712,-61.0835,-5.85897,-4.01179,3701,-0.00624001,-61.0835,0.000392,80.5838,981.614,-1.43433,-0.345491,-0.330561,-52.7536,1.06494,13.6667
81.5476,84.1049,-6.14625,1534.33,126.012,-61.0835,-5.67963,-2.94797,3701,-0.00351,-61.0835,0.00098,80.757,981.648,-2.23309,-0.8527,0.466389,-52.8413,0.986348,13.0264
81.5476,82.6933,-3.79514,1524.49,124.282,-61.0835,-5.69578,-3.13209,3701,-0.00506997,-61.0835,-0.000587987,80.4853,981.257,-2.05669,-0.515316,-0.528412,-52.9064,0.995701,12.3764
82.816,84.8004,-1.89663,1515.19,124.366,-61.0835,-5.21429,-2.51835,3701,-0.00546003,-61.0835,-0.00176399,80.3118,981.838,-1.78106,0.0596857,1.08963,-53.2277,1.10195,11.4767
80.4224,81.5681,-4.50553,1503.56,123.17,-61.0835,-4.35403,-3.68446,3701,-0.00467998,-61.0835,-0.004312,80.0057,981.808,-2.07222,-0.820377,1.36796,-54.0455,0.98187,9.20147
76.9855,78.1311,-5.6653,1490.32,125.269,-61.0835,-4.7331,-2.41606,3700,-0.00428999,-61.0835,-0.00391998,79.4198,982.928,-2.7737,-1.97472,-0.350495,-53.8395,0.975982,10.5903
82.9592,77.5992,-5.19301,1484.02,125.135,-61.0835,-6.45551,-2.80476,3701,-0.00624001,-61.0835,-0.00196,79.2976,983.041,-2.21698,-1.09216,-2.38263,-52.54,0.989271,14.3388
82.2432,84.2481,-4.23837,1472.38,126.183,-61.0835,-7.24507,-3.07072,3701,-0.00389999,-61.0835,0.000588,79.2636,983.856,-1.79267,-0.0657577,-0.221907,-51.7608,1.04239,16.3834
80.361,83.1638,-5.05913,1461.79,125.897,-61.0835,-7.54827,-3.13209,3701,-0.00506997,-61.0835,0.001764,79.2366,984.142,-1.87148,-1.06981,0.153894,-51.5315,0.999833,17.2465
79.5427,80.6065,-5.49193,1448.13,125.317,-61.0835,-8.23074,-2.86614,3701,-0.00506997,-61.0835,0.003724,79.294,984.305,-1.78789,-0.404488,-1.50482,-50.8959,0.996281,18.231
82.4682,84.289,-4.24042,1442.36,125.072,-61.0835,-7.51017,-2.6411,3701,-0.00273001,-61.0835,0.001372,79.2359,984.511,-1.23387,1.06745,2.5418,-51.5595,1.01426,16.8624
80.5247,81.9568,-3.05777,1426.04,123.89,-61.0835,-6.93516,-2.98889,3701,-0.00312001,-61.0835,0.001372,79.3307,984.476,-0.787252,0.406212,0.198922,-51.7816,1.06334,15.5496
82.8365,84.3299,-1.61571,1419.39,121.148,-61.0835,-6.38512,-2.21148,3700,-0.00116998,-61.0835,-0.001372,79.2644,983.979,-0.839526,1.64473,0.529425,-52.1632,1.03923,13.6958
82.9387,86.4371,-1.31574,1417.66,119.303,-61.0835,-3.95256,-2.57973,3701,0.0039,-61.0835,0.00098,79.4066,983.133,-0.895221,1.67776,3.19329,-54.0587,1.04464,8.08539
78.5403,79.9723,-5.1264,1406.07,120.384,-61.0835,-2.6872,-2.78431,3700,0.0078,-61.0835,-0.000391977,79.2745,983.806,-1.65448,-1.97563,0.555278,-55.2027,0.919079,5.19893
77.9674,75.5534,-3.51354,1397.88,120.018,-61.0835,-4.06489,-2.57973,3701,0.00858,-61.0835,0.004312,81.3068,983.95,-1.94524,-2.8536,-2.31161,-54.2043,0.963921,8.00676
81.8954,83.3274,-2.22386,1386.22,120.24,-61.0835,-5.39502,-2.68201,3701,0.00936,-61.0835,0.00686,82.5278,984.434,-1.81783,-0.107546,-1.28025,-53.2218,1.01027,11.0713
85.2914,86.7235,-3.96493,1375.84,119.428,-61.0835,-5.06394,-2.19102,3700,0.0078,-61.0835,0.007056,82.7604,984.539,-2.45999,1.37105,1.30852,-53.2741,0.929138,10.2415
84.5345,86.2529,-2.32077,1363.45,122.53,-61.0835,-4.75649,-1.84324,3701,0.00351,-61.0835,0.002548,84.0574,986.37,-2.18194,0.583908,-0.251039,-53.2886,1.01763,10.0701
82.1,83.798,-1.98963,1351.57,125.49,-61.0835,-4.70131,-2.96843,3700,0.00429,-61.0835,-0.000979977,83.9706,987.614,-1.70295,-0.281519,-0.0297841,-53.1706,1.09416,10.1273
81.0566,82.2636,-2.32759,1335.88,127.541,-61.0835,-4.80515,-3.86858,3700,0.00312,-61.0835,0.00098,83.9158,989.279,-1.77212,-1.39156,0.230309,-53.1984,1.11745,10.9902
77.8447,79.5018,-7.57196,1330.51,125.386,-61.0835,-6.08477,-3.74583,3701,0.00975,-61.0835,0.002744,82.3961,988.594,-3.06548,-2.75676,-1.735,-52.1568,0.935808,13.4707
79.0108,80.4633,-6.29913,1318.89,124.865,-61.0835,-7.40508,-2.78431,3700,0.01131,-61.0835,0.00196,81.1635,989.108,-2.95288,-2.12563,-1.48943,-51.3192,0.930017,15.9407
87.3168,77.0264,-6.02661,1305.53,127.157,-61.0835,-7.57885,-4.13453,3700,0.01131,-61.0835,0.003136,80.8214,990.31,-2.30396,0.427947,0.275734,-51.1884,1.01219,16.9172
83.5934,86.4984,-6.30205,1294.79,126.916,-61.0835,-6.82073,-2.45698,3700,0.01092,-61.0835,-0.01274,80.8011,990.388,-2.26527,0.817451,2.24243,-51.7046,0.942149,14.8961
77.6197,80.7702,-3.5229,1284.19,128.793,-61.0835,-7.21929,-3.15255,3701,0.01092,-61.0835,0.009996,80.7684,991.707,-1.18306,-1.60011,-0.963038,-51.2101,1.1205,16.6836
80.2178,73.8349,-3.54688,1272.24,126.203,-61.0835,-8.4635,-4.15499,3701,0.01053,-61.0835,0.009016,80.748,990.526,-1.3176,-0.590022,-1.74958,-50.3589,1.07261,19.1078
87.8691,84.8209,-5.67944,1261.7,124.234,-61.0835,-8.36844,-3.33667,3700,0.01404,-61.0835,0.01274,80.7072,990.68,-2.76004,1.86749,1.26204,-50.223,0.94002,18.2888
77.2105,85.8233,-5.51518,1251.6,124.067,-61.0835,-7.9081,-2.29331,3700,0.01404,-61.0835,0.010192,80.7218,991.194,-3.05309,0.839328,0.433502,-50.3005,0.948153,17.2999
84.5958,85.6597,-3.80249,1240.4,123.37,-61.0835,-7.80369,-2.60019,3700,0.01131,-61.0835,0.005488,80.6849,991.195,-2.4033,0.301653,0.17731,-50.1553,1.02785,16.8273
82.816,84.3708,-5.04417,1222.13,126.216,-61.0835,-7.61406,-3.11163,3701,0.01365,-61.0835,0.00392,80.6669,993.139,-2.44462,-0.222487,-0.293325,-50.2203,1.01357,16.9551
82.5296,83.9821,-6.83926,1215.22,127.465,-61.0835,-6.40475,-1.88416,3700,0.01365,-61.0835,0.00392,80.6211,993.362,-2.99812,0.318662,2.04875,-51.2343,0.968654,14.3802
82.2636,83.6752,-4.47996,1204.98,125.935,-61.0835,-5.28045,-3.68446,3700,0.00936,-61.0835,0.00392,80.6273,993.065,-2.06482,0.150176,1.26123,-52.1417,1.0261,11.5902
80.9134,82.0181,-4.67276,1191.84,125.161,-61.0835,-5.12325,-3.17301,3701,0.01209,-61.0835,0.002352,80.6255,993.437,-1.85561,-0.376121,0.266565,-52.2472,1.03461,10.856
81.1384,82.2432,-3.15095,1182.91,124.299,-61.0835,-5.77419,-3.88904,3700,0.0117,-61.0835,-0.000195997,80.6463,993.472,-2.14882,-0.207029,-1.02635,-51.6975,1.01714,12.4128
81.3635,82.7546,-4.94304,1170.37,124.612,-61.0835,-6.49221,-3.64354,3700,0.01053,-61.0835,-0.000979977,80.6487,993.994,-3.06551,0.0673757,-1.06474,-50.9168,0.994858,13.9288
83.1638,84.0435,-5.17767,1157.52,122.959,-61.0835,-6.40421,-2.23194,3701,0.00741,-61.0835,-0.00391998,80.6622,993.687,-3.64106,-0.147866,0.0541081,-50.9339,0.939142,13.9049
82.1613,84.0639,-4.2563,1145.19,126.121,-61.0835,-6.03604,-1.92507,3701,0.00858,-61.0835,-0.003136,80.6415,995.848,-2.99913,-1.2009,0.042304,-51.1855,1.03697,13.0656
82.7956,83.5934,-1.61663,1134.22,128.591,-61.0835,-5.20237,-2.90705,3700,0.00624,-61.0835,-0.00529199,80.6746,996.616,-2.01126,-1.96808,0.978847,-52.1164,1.13751,11.9011
81.2203,83.041,-6.08751,1125.24,127.964,-61.0835,-4.63146,-3.43896,3700,0.01365,-61.0835,-0.00627197,80.6478,996.226,-2.16475,-2.63191,-0.483955,-52.8352,1.05822,10.2945
81.343,82.6114,-7.10697,1118.14,128.195,-61.0835,-3.76466,-3.62308,3700,0.02184,-61.0835,-0.00627197,80.6897,996.894,-2.83172,-1.73277,1.66382,-54.0364,0.941566,8.32511
80.7497,82.6523,-7.78095,1108.62,126.805,-61.0835,-3.57325,-3.43896,3701,0.02613,-61.0835,-0.00901599,79.3962,997.055,-2.82385,-2.03993,-0.0469262,-54.3614,0.962926,7.77263
79.1745,81.9977,-4.36811,1101.06,127.786,-61.0835,-4.2639,-3.31622,3700,0.0312,-61.0835,-0.00705598,78.7472,997.716,-2.10758,-2.97526,-1.59772,-54.0388,1.01981,9.37491
80.852,74.4487,-5.3798,1087.66,126.879,-61.0835,-4.8098,-4.35957,3701,0.03627,-61.0835,-0.00666399,78.7944,997.331,-2.43454,-1.21133,-1.10889,-53.9106,1.05452,10.899
89.6899,88.0328,-7.58357,1078.39,123.662,-61.0835,-4.67963,-2.15011,3701,0.03861,-61.0835,-0.00862397,78.6979,996.591,-3.73888,0.835072,1.09594,-53.9786,0.825912,9.94488
78.6426,79.2359,-5.49501,1067.41,124.597,-61.0835,-4.49563,-2.23194,3701,0.03705,-61.0835,-0.010388,78.7923,997.665,-3.06206,-2.15478,-0.584404,-54.0231,1.00795,9.53961
74.2646,77.7015,-3.06113,1052.33,123.299,-61.0835,-5.37462,-3.2753,3700,0.02886,-61.0835,-0.00764398,78.7632,997.585,-2.10276,-1.15017,-1.57823,-53.5715,1.01852,11.8012
82.7546,84.7595,-4.62497,1037.54,123.837,-61.0835,-5.04533,-1.6182,3701,0.02106,-61.0835,-0.00352799,78.8226,998.467,-2.45472,0.177356,1.3402,-53.8561,1.01851,10.7316
80.4838,81.7113,-3.5996,1026.3,124.661,-61.0835,-4.64424,-2.76385,3701,0.01443,-61.0835,-0.00921197,78.6945,999.158,-2.27299,-0.0956835,0.504387,-54.136,0.984541,9.86388
80.2383,81.4044,-1.23679,1011.29,124.907,-61.0835,-4.62838,-4.09362,3701,0.00897,-61.0835,-0.00744797,78.7082,999.292,-1.77206,0.130562,-0.706736,-54.0821,1.16532,9.90843
84.6777,83.1638,-6.52237,1001.68,120.462,-61.0835,-3.85784,-3.95041,3700,0.01287,-61.0835,-0.00646798,78.6575,998.311,-3.08027,1.96893,2.11061,-54.6673,0.880344,8.76868
79.8496,80.6679,-6.48279,986.947,123.466,-61.0835,-3.57898,-1.74095,3701,0.00273,-61.0835,-0.00333198,78.721,999.982,-3.59212,-0.57679,-0.0857183,-54.6097,0.936607,8.06196
80.5042,81.3839,-3.54603,975.114,123.993,-61.0835,-5.0634,-2.53881,3700,-0.00858003,-61.0835,-0.003136,78.6527,1000.77,-2.31953,-0.581664,-2.12491,-53.3544,1.02172,10.6645
83.798,88.8716,-1.99337,958.458,124.251,-61.0835,-5.74836,-2.53881,3700,-0.01443,-61.0835,-0.00333198,78.7001,1000.79,-1.64442,-0.37541,-1.25851,-52.6088,1.1052,12.4599
86.8871,88.1555,-3.12323,948.129,125.319,-61.0835,-5.3417,-2.29331,3700,-0.02574,-61.0835,-0.00391998,78.6728,1002.18,-1.70602,-0.125933,0.466432,-52.9919,1.01656,11.4546
82.3046,82.1409,-2.92424,937.952,125.043,-61.0835,-4.69351,-3.17301,3701,-0.02145,-61.0835,-0.00548799,78.7471,1002.82,-1.35986,-1.41666,1.03321,-53.5537,1.09696,9.93015
82.2636,83.9412,-4.18366,924.254,124.317,-61.0835,-5.03786,-1.96598,3700,-0.01599,-61.0835,-0.00215598,78.6669,1002.27,-1.63531,-0.627051,-1.71348,-53.3534,1.00305,10.7001
80.5861,84.0435,-4.60927,917.644,125.132,-61.0835,-4.03185,-3.33667,3701,-0.00428999,-61.0835,-0.00391998,78.77,1002.78,-1.67256,-0.945003,1.8033,-54.2992,1.04089,8.61898
85.8438,76.74,-5.16419,909.13,124.252,-61.0835,-3.5473,-4.13453,3700,0.01326,-61.0835,-0.0049,78.6496,1003.08,-2.12577,1.00928,0.53044,-54.8264,0.958906,7.59692
81.2816,89.649,-6.58386,900.428,125.923,-61.0835,-2.71186,-3.09117,3701,0.01521,-61.0835,-0.00783999,78.7745,1003.64,-2.61322,-0.14173,1.23336,-55.3268,0.962329,6.32667
83.2456,81.4044,-3.09358,891.325,122.532,-61.0835,-2.87008,-5.52568,3701,0.02301,-61.0835,-0.00607599,78.6426,1003.09,-1.57571,-0.395064,-1.29773,-55.2684,1.00663,5.70623
80.4224,91.6334,-3.91247,878.854,125.539,-61.0835,-3.04876,-3.33667,3701,0.01989,-61.0835,-0.00548799,78.883,1004.83,-2.11676,-1.32191,-0.618346,-54.9941,1.04109,7.24832
78.8267,79.3791,-4.58252,867.922,123.748,-61.0835,-2.81289,-3.50034,3700,0.02964,-61.0835,-0.00450798,77.8999,1004.32,-1.95742,-2.79297,-0.474353,-55.5704,0.99176,6.5115
77.9265,78.7858,-4.31712,858.398,124.25,-61.0835,-2.79563,-4.33912,3701,0.03861,-61.0835,-0.00646798,77.6227,1005.19,-1.77708,-1.33087,0.0317428,-55.8909,1.04464,6.89439
83.7775,81.5885,-4.60321,846.159,123.231,-61.0835,-2.62435,-3.86858,3700,0.02301,-61.0835,-0.00862397,77.179,1004.63,-1.81078,1.03043,0.8304,-56.1626,0.961572,7.04001
79.42,83.3479,-3.5362,834.006,120.256,-61.0835,-2.53,-1.98644,3701,0.02184,-61.0835,-0.004312,77.1816,1004.04,-1.23484,-0.335446,0.450992,-55.9987,1.01243,5.21725
76.0239,79.8291,-0.0369795,828.159,116.421,-61.0835,-4.18287,0.754929,3700,-0.01209,-61.0835,-0.003724,74.3104,1002.51,0.232535,-1.22738,-5.56644,-54.7065,1.01473,8.52902
89.6899,77.8856,3.1747,811.524,116.312,-61.0835,-4.31141,0.898132,3701,-0.39546,-61.0835,-0.003724,68.5737,1003.28,2.33071,1.93712,-1.24039,-54.6168,1.17521,8.41092
72.0551,83.3479,1.81511,804.838,115.188,-61.0835,-2.49249,0.529888,3701,0.07995,-61.0835,-0.003136,65.1402,1003.48,2.34043,1.89632,2.17412,-56.0388,1.0557,5.24098
79.2768,84.6777,0.545907,797.049,114.514,-61.0835,-2.49745,1.55279,3701,0.1326,-61.0835,-0.00333198,62.8146,1003.09,2.40619,0.526232,-5.23812,-55.819,1.10217,5.31916
75.042,72.853,1.28316,800.892,108.838,-61.0835,-2.8275,3.18943,3701,0.36738,-61.0835,-0.00411599,61.9882,1001.18,3.05097,1.56309,-5.53033,-55.706,0.958792,5.26759
78.1925,82.0181,2.89971,802.495,105.055,-61.0835,-2.69218,4.60103,3700,-0.29562,-61.0835,-0.00196,61.3699,999.505,3.27232,0.767872,-12.14,-55.5335,1.1085,5.59426
63.9128,67.3293,0.10842,799.43,103.722,-61.0835,-0.630239,12.9479,3700,-0.48672,-61.0835,-0.00196,60.2303,998.793,2.33148,0.0481767,-4.02624,-57.3758,0.983904,2.59504
71.4209,79.0926,-0.349836,802.255,102.186,-61.0835,0.739277,13.0911,3701,-0.0351,-61.0835,-0.001372,58.1147,998.561,2.12672,0.357774,2.6713,-58.953,1.04433,1.80489
